response_id,version,trial_position,loop_num,stem_id,stakes,att_level,correctness,trust,reliance,consequence,age,gender,education,ai_frequency,ai_expertise,baseline_trust,consent
R_5vwaY2ucmX7d6ud,6,1,50,7,low,strong,incorrect,2 Distrust,Verify before taking action or using the information.,4,25–34,Female,High school graduate (high school diploma or equivalent including GED),Never,,Neither Trust nor Distrust,Agree
R_5vwaY2ucmX7d6ud,6,2,51,8,low,none,correct,3 Slightly Distrust,Use the information or take the recommended action (do not double-check).,4,25–34,Female,High school graduate (high school diploma or equivalent including GED),Never,,Neither Trust nor Distrust,Agree
R_5vwaY2ucmX7d6ud,6,3,52,9,low,none,incorrect,3 Slightly Distrust,Verify before taking action or using the information.,3,25–34,Female,High school graduate (high school diploma or equivalent including GED),Never,,Neither Trust nor Distrust,Agree
R_5vwaY2ucmX7d6ud,6,4,53,10,low,weak,correct,3 Slightly Distrust,Verify before taking action or using the information.,3,25–34,Female,High school graduate (high school diploma or equivalent including GED),Never,,Neither Trust nor Distrust,Agree
R_5vwaY2ucmX7d6ud,6,5,54,11,low,weak,incorrect,2 Distrust,Reject — do not use the information or take the recommended action.,3,25–34,Female,High school graduate (high school diploma or equivalent including GED),Never,,Neither Trust nor Distrust,Agree
R_5vwaY2ucmX7d6ud,6,6,55,12,low,strong,correct,2 Distrust,Verify before taking action or using the information.,3,25–34,Female,High school graduate (high school diploma or equivalent including GED),Never,,Neither Trust nor Distrust,Agree
R_5vwaY2ucmX7d6ud,6,7,56,1,high,strong,incorrect,2 Distrust,Verify before taking action or using the information.,2,25–34,Female,High school graduate (high school diploma or equivalent including GED),Never,,Neither Trust nor Distrust,Agree
R_5vwaY2ucmX7d6ud,6,8,57,2,high,none,correct,4 Neither trust nor distrust,Verify before taking action or using the information.,3,25–34,Female,High school graduate (high school diploma or equivalent including GED),Never,,Neither Trust nor Distrust,Agree
R_5vwaY2ucmX7d6ud,6,9,58,3,high,none,incorrect,2 Distrust,Verify before taking action or using the information.,2,25–34,Female,High school graduate (high school diploma or equivalent including GED),Never,,Neither Trust nor Distrust,Agree
R_5vwaY2ucmX7d6ud,6,10,59,4,high,weak,correct,2 Distrust,Use the information or take the recommended action (do not double-check).,2,25–34,Female,High school graduate (high school diploma or equivalent including GED),Never,,Neither Trust nor Distrust,Agree
R_5vwaY2ucmX7d6ud,6,11,60,5,high,weak,incorrect,2 Distrust,Verify before taking action or using the information.,3,25–34,Female,High school graduate (high school diploma or equivalent including GED),Never,,Neither Trust nor Distrust,Agree
R_5vwaY2ucmX7d6ud,6,12,61,6,high,strong,correct,2 Distrust,Verify before taking action or using the information.,3,25–34,Female,High school graduate (high school diploma or equivalent including GED),Never,,Neither Trust nor Distrust,Agree
R_BKU6iWUQEn3Hw4x,2,1,2,7,low,none,incorrect,5 Slightly Trust,Use the information or take the recommended action (do not double-check).,1 (Not serious at all),25–34,Male,Associate degree in college (2-year),Never,,Distrust,Agree
R_BKU6iWUQEn3Hw4x,2,2,3,8,low,weak,correct,5 Slightly Trust,Verify before taking action or using the information.,4,25–34,Male,Associate degree in college (2-year),Never,,Distrust,Agree
R_BKU6iWUQEn3Hw4x,2,3,4,9,low,weak,incorrect,7 Strongly Trust,Use the information or take the recommended action (do not double-check).,1 (Not serious at all),25–34,Male,Associate degree in college (2-year),Never,,Distrust,Agree
R_BKU6iWUQEn3Hw4x,2,4,5,10,low,strong,correct,7 Strongly Trust,Use the information or take the recommended action (do not double-check).,3,25–34,Male,Associate degree in college (2-year),Never,,Distrust,Agree
R_BKU6iWUQEn3Hw4x,2,5,6,11,low,strong,incorrect,7 Strongly Trust,Use the information or take the recommended action (do not double-check).,1 (Not serious at all),25–34,Male,Associate degree in college (2-year),Never,,Distrust,Agree
R_BKU6iWUQEn3Hw4x,2,6,7,12,low,none,correct,6 Trust,Use the information or take the recommended action (do not double-check).,1 (Not serious at all),25–34,Male,Associate degree in college (2-year),Never,,Distrust,Agree
R_BKU6iWUQEn3Hw4x,2,7,8,1,high,none,incorrect,6 Trust,Verify before taking action or using the information.,5 (Extremely serious),25–34,Male,Associate degree in college (2-year),Never,,Distrust,Agree
R_BKU6iWUQEn3Hw4x,2,8,9,2,high,weak,correct,5 Slightly Trust,Verify before taking action or using the information.,3,25–34,Male,Associate degree in college (2-year),Never,,Distrust,Agree
R_BKU6iWUQEn3Hw4x,2,9,10,3,high,weak,incorrect,5 Slightly Trust,Use the information or take the recommended action (do not double-check).,2,25–34,Male,Associate degree in college (2-year),Never,,Distrust,Agree
R_BKU6iWUQEn3Hw4x,2,10,11,4,high,strong,correct,7 Strongly Trust,Use the information or take the recommended action (do not double-check).,2,25–34,Male,Associate degree in college (2-year),Never,,Distrust,Agree
R_BKU6iWUQEn3Hw4x,2,11,12,5,high,strong,incorrect,5 Slightly Trust,Verify before taking action or using the information.,5 (Extremely serious),25–34,Male,Associate degree in college (2-year),Never,,Distrust,Agree
R_BKU6iWUQEn3Hw4x,2,12,13,6,high,none,correct,5 Slightly Trust,Verify before taking action or using the information.,4,25–34,Male,Associate degree in college (2-year),Never,,Distrust,Agree
R_1M63IeTvfmmlaoc,4,1,26,7,low,weak,incorrect,4 Neither trust nor distrust,Verify before taking action or using the information.,1 (Not serious at all),25–34,Female,Bachelor's degree in college (4-year),Daily,,Neither Trust nor Distrust,Agree
R_1M63IeTvfmmlaoc,4,2,27,8,low,strong,correct,5 Slightly Trust,Verify before taking action or using the information.,3,25–34,Female,Bachelor's degree in college (4-year),Daily,,Neither Trust nor Distrust,Agree
R_1M63IeTvfmmlaoc,4,3,28,9,low,strong,incorrect,6 Trust,Use the information or take the recommended action (do not double-check).,1 (Not serious at all),25–34,Female,Bachelor's degree in college (4-year),Daily,,Neither Trust nor Distrust,Agree
R_1M63IeTvfmmlaoc,4,4,29,10,low,none,correct,3 Slightly Distrust,Reject — do not use the information or take the recommended action.,3,25–34,Female,Bachelor's degree in college (4-year),Daily,,Neither Trust nor Distrust,Agree
R_1M63IeTvfmmlaoc,4,5,30,11,low,none,incorrect,3 Slightly Distrust,Verify before taking action or using the information.,1 (Not serious at all),25–34,Female,Bachelor's degree in college (4-year),Daily,,Neither Trust nor Distrust,Agree
R_1M63IeTvfmmlaoc,4,6,31,12,low,weak,correct,5 Slightly Trust,Verify before taking action or using the information.,1 (Not serious at all),25–34,Female,Bachelor's degree in college (4-year),Daily,,Neither Trust nor Distrust,Agree
R_1M63IeTvfmmlaoc,4,7,32,1,high,weak,incorrect,4 Neither trust nor distrust,Verify before taking action or using the information.,3,25–34,Female,Bachelor's degree in college (4-year),Daily,,Neither Trust nor Distrust,Agree
R_1M63IeTvfmmlaoc,4,8,33,2,high,strong,correct,5 Slightly Trust,Verify before taking action or using the information.,4,25–34,Female,Bachelor's degree in college (4-year),Daily,,Neither Trust nor Distrust,Agree
R_1M63IeTvfmmlaoc,4,9,34,3,high,strong,incorrect,5 Slightly Trust,Use the information or take the recommended action (do not double-check).,3,25–34,Female,Bachelor's degree in college (4-year),Daily,,Neither Trust nor Distrust,Agree
R_1M63IeTvfmmlaoc,4,10,35,4,high,none,correct,2 Distrust,Reject — do not use the information or take the recommended action.,4,25–34,Female,Bachelor's degree in college (4-year),Daily,,Neither Trust nor Distrust,Agree
R_1M63IeTvfmmlaoc,4,11,36,5,high,none,incorrect,1 Strongly Distrust,Reject — do not use the information or take the recommended action.,4,25–34,Female,Bachelor's degree in college (4-year),Daily,,Neither Trust nor Distrust,Agree
R_1M63IeTvfmmlaoc,4,12,37,6,high,weak,correct,4 Neither trust nor distrust,Verify before taking action or using the information.,4,25–34,Female,Bachelor's degree in college (4-year),Daily,,Neither Trust nor Distrust,Agree
R_dgwVIHT8mT9TmA9,6,1,50,7,low,strong,incorrect,1 Strongly Distrust,Reject — do not use the information or take the recommended action.,2,35–44,Male,Graduate or professional degree,Daily,Expert/Specialist,Neither Trust nor Distrust,Agree
R_dgwVIHT8mT9TmA9,6,2,51,8,low,none,correct,2 Distrust,Reject — do not use the information or take the recommended action.,3,35–44,Male,Graduate or professional degree,Daily,Expert/Specialist,Neither Trust nor Distrust,Agree
R_dgwVIHT8mT9TmA9,6,3,52,9,low,none,incorrect,5 Slightly Trust,Verify before taking action or using the information.,1 (Not serious at all),35–44,Male,Graduate or professional degree,Daily,Expert/Specialist,Neither Trust nor Distrust,Agree
R_dgwVIHT8mT9TmA9,6,4,53,10,low,weak,correct,1 Strongly Distrust,Reject — do not use the information or take the recommended action.,3,35–44,Male,Graduate or professional degree,Daily,Expert/Specialist,Neither Trust nor Distrust,Agree
R_dgwVIHT8mT9TmA9,6,5,54,11,low,weak,incorrect,3 Slightly Distrust,Reject — do not use the information or take the recommended action.,1 (Not serious at all),35–44,Male,Graduate or professional degree,Daily,Expert/Specialist,Neither Trust nor Distrust,Agree
R_dgwVIHT8mT9TmA9,6,6,55,12,low,strong,correct,5 Slightly Trust,Use the information or take the recommended action (do not double-check).,1 (Not serious at all),35–44,Male,Graduate or professional degree,Daily,Expert/Specialist,Neither Trust nor Distrust,Agree
R_dgwVIHT8mT9TmA9,6,7,56,1,high,strong,incorrect,5 Slightly Trust,Verify before taking action or using the information.,4,35–44,Male,Graduate or professional degree,Daily,Expert/Specialist,Neither Trust nor Distrust,Agree
R_dgwVIHT8mT9TmA9,6,8,57,2,high,none,correct,3 Slightly Distrust,Verify before taking action or using the information.,2,35–44,Male,Graduate or professional degree,Daily,Expert/Specialist,Neither Trust nor Distrust,Agree
R_dgwVIHT8mT9TmA9,6,9,58,3,high,none,incorrect,2 Distrust,Reject — do not use the information or take the recommended action.,1 (Not serious at all),35–44,Male,Graduate or professional degree,Daily,Expert/Specialist,Neither Trust nor Distrust,Agree
R_dgwVIHT8mT9TmA9,6,10,59,4,high,weak,correct,5 Slightly Trust,Verify before taking action or using the information.,3,35–44,Male,Graduate or professional degree,Daily,Expert/Specialist,Neither Trust nor Distrust,Agree
R_dgwVIHT8mT9TmA9,6,11,60,5,high,weak,incorrect,5 Slightly Trust,Verify before taking action or using the information.,3,35–44,Male,Graduate or professional degree,Daily,Expert/Specialist,Neither Trust nor Distrust,Agree
R_dgwVIHT8mT9TmA9,6,12,61,6,high,strong,correct,5 Slightly Trust,Verify before taking action or using the information.,3,35–44,Male,Graduate or professional degree,Daily,Expert/Specialist,Neither Trust nor Distrust,Agree
R_27pntzNjfmVtB5N,2,1,2,7,low,none,incorrect,3 Slightly Distrust,Verify before taking action or using the information.,3,25–34,Male,Bachelor's degree in college (4-year),Weekly,Experienced User,Neither Trust nor Distrust,Agree
R_27pntzNjfmVtB5N,2,2,3,8,low,weak,correct,5 Slightly Trust,Verify before taking action or using the information.,4,25–34,Male,Bachelor's degree in college (4-year),Weekly,Experienced User,Neither Trust nor Distrust,Agree
R_27pntzNjfmVtB5N,2,3,4,9,low,weak,incorrect,6 Trust,Use the information or take the recommended action (do not double-check).,3,25–34,Male,Bachelor's degree in college (4-year),Weekly,Experienced User,Neither Trust nor Distrust,Agree
R_27pntzNjfmVtB5N,2,4,5,10,low,strong,correct,6 Trust,Use the information or take the recommended action (do not double-check).,5 (Extremely serious),25–34,Male,Bachelor's degree in college (4-year),Weekly,Experienced User,Neither Trust nor Distrust,Agree
R_27pntzNjfmVtB5N,2,5,6,11,low,strong,incorrect,6 Trust,Use the information or take the recommended action (do not double-check).,1 (Not serious at all),25–34,Male,Bachelor's degree in college (4-year),Weekly,Experienced User,Neither Trust nor Distrust,Agree
R_27pntzNjfmVtB5N,2,6,7,12,low,none,correct,6 Trust,Verify before taking action or using the information.,2,25–34,Male,Bachelor's degree in college (4-year),Weekly,Experienced User,Neither Trust nor Distrust,Agree
R_27pntzNjfmVtB5N,2,7,8,1,high,none,incorrect,3 Slightly Distrust,Verify before taking action or using the information.,4,25–34,Male,Bachelor's degree in college (4-year),Weekly,Experienced User,Neither Trust nor Distrust,Agree
R_27pntzNjfmVtB5N,2,8,9,2,high,weak,correct,5 Slightly Trust,Verify before taking action or using the information.,5 (Extremely serious),25–34,Male,Bachelor's degree in college (4-year),Weekly,Experienced User,Neither Trust nor Distrust,Agree
R_27pntzNjfmVtB5N,2,9,10,3,high,weak,incorrect,3 Slightly Distrust,Verify before taking action or using the information.,5 (Extremely serious),25–34,Male,Bachelor's degree in college (4-year),Weekly,Experienced User,Neither Trust nor Distrust,Agree
R_27pntzNjfmVtB5N,2,10,11,4,high,strong,correct,6 Trust,Verify before taking action or using the information.,3,25–34,Male,Bachelor's degree in college (4-year),Weekly,Experienced User,Neither Trust nor Distrust,Agree
R_27pntzNjfmVtB5N,2,11,12,5,high,strong,incorrect,5 Slightly Trust,Verify before taking action or using the information.,4,25–34,Male,Bachelor's degree in college (4-year),Weekly,Experienced User,Neither Trust nor Distrust,Agree
R_27pntzNjfmVtB5N,2,12,13,6,high,none,correct,5 Slightly Trust,Verify before taking action or using the information.,4,25–34,Male,Bachelor's degree in college (4-year),Weekly,Experienced User,Neither Trust nor Distrust,Agree
R_vVy04kq4yDTYM2B,3,1,14,7,low,weak,correct,5 Slightly Trust,Verify before taking action or using the information.,2,55–64,Male,Graduate or professional degree,Daily,Advanced Practitioner,Neither Trust nor Distrust,Agree
R_vVy04kq4yDTYM2B,3,2,15,8,low,weak,incorrect,4 Neither trust nor distrust,Verify before taking action or using the information.,4,55–64,Male,Graduate or professional degree,Daily,Advanced Practitioner,Neither Trust nor Distrust,Agree
R_vVy04kq4yDTYM2B,3,3,16,9,low,strong,correct,7 Strongly Trust,Use the information or take the recommended action (do not double-check).,3,55–64,Male,Graduate or professional degree,Daily,Advanced Practitioner,Neither Trust nor Distrust,Agree
R_vVy04kq4yDTYM2B,3,4,17,10,low,strong,incorrect,6 Trust,Verify before taking action or using the information.,4,55–64,Male,Graduate or professional degree,Daily,Advanced Practitioner,Neither Trust nor Distrust,Agree
R_vVy04kq4yDTYM2B,3,5,18,11,low,none,correct,6 Trust,Use the information or take the recommended action (do not double-check).,1 (Not serious at all),55–64,Male,Graduate or professional degree,Daily,Advanced Practitioner,Neither Trust nor Distrust,Agree
R_vVy04kq4yDTYM2B,3,6,19,12,low,none,incorrect,6 Trust,Use the information or take the recommended action (do not double-check).,2,55–64,Male,Graduate or professional degree,Daily,Advanced Practitioner,Neither Trust nor Distrust,Agree
R_vVy04kq4yDTYM2B,3,7,20,1,high,weak,correct,6 Trust,Verify before taking action or using the information.,5 (Extremely serious),55–64,Male,Graduate or professional degree,Daily,Advanced Practitioner,Neither Trust nor Distrust,Agree
R_vVy04kq4yDTYM2B,3,8,21,2,high,weak,incorrect,6 Trust,Verify before taking action or using the information.,4,55–64,Male,Graduate or professional degree,Daily,Advanced Practitioner,Neither Trust nor Distrust,Agree
R_vVy04kq4yDTYM2B,3,9,22,3,high,strong,correct,6 Trust,Use the information or take the recommended action (do not double-check).,3,55–64,Male,Graduate or professional degree,Daily,Advanced Practitioner,Neither Trust nor Distrust,Agree
R_vVy04kq4yDTYM2B,3,10,23,4,high,strong,incorrect,6 Trust,Verify before taking action or using the information.,3,55–64,Male,Graduate or professional degree,Daily,Advanced Practitioner,Neither Trust nor Distrust,Agree
R_vVy04kq4yDTYM2B,3,11,24,5,high,none,correct,4 Neither trust nor distrust,Verify before taking action or using the information.,3,55–64,Male,Graduate or professional degree,Daily,Advanced Practitioner,Neither Trust nor Distrust,Agree
R_vVy04kq4yDTYM2B,3,12,25,6,high,none,incorrect,6 Trust,Verify before taking action or using the information.,4,55–64,Male,Graduate or professional degree,Daily,Advanced Practitioner,Neither Trust nor Distrust,Agree
R_3oEGh8Bi7zPI65g,5,1,38,7,low,strong,correct,6 Trust,Verify before taking action or using the information.,3,55–64,Male,Bachelor's degree in college (4-year),Daily,Experienced User,Trust,Agree
R_3oEGh8Bi7zPI65g,5,2,39,8,low,strong,incorrect,6 Trust,Verify before taking action or using the information.,4,55–64,Male,Bachelor's degree in college (4-year),Daily,Experienced User,Trust,Agree
R_3oEGh8Bi7zPI65g,5,3,40,9,low,none,correct,4 Neither trust nor distrust,Verify before taking action or using the information.,2,55–64,Male,Bachelor's degree in college (4-year),Daily,Experienced User,Trust,Agree
R_3oEGh8Bi7zPI65g,5,4,41,10,low,none,incorrect,4 Neither trust nor distrust,Verify before taking action or using the information.,3,55–64,Male,Bachelor's degree in college (4-year),Daily,Experienced User,Trust,Agree
R_3oEGh8Bi7zPI65g,5,5,42,11,low,weak,correct,6 Trust,Verify before taking action or using the information.,2,55–64,Male,Bachelor's degree in college (4-year),Daily,Experienced User,Trust,Agree
R_3oEGh8Bi7zPI65g,5,6,43,12,low,weak,incorrect,5 Slightly Trust,Verify before taking action or using the information.,3,55–64,Male,Bachelor's degree in college (4-year),Daily,Experienced User,Trust,Agree
R_3oEGh8Bi7zPI65g,5,7,44,1,high,strong,correct,6 Trust,Verify before taking action or using the information.,4,55–64,Male,Bachelor's degree in college (4-year),Daily,Experienced User,Trust,Agree
R_3oEGh8Bi7zPI65g,5,8,45,2,high,strong,incorrect,6 Trust,Verify before taking action or using the information.,4,55–64,Male,Bachelor's degree in college (4-year),Daily,Experienced User,Trust,Agree
R_3oEGh8Bi7zPI65g,5,9,46,3,high,none,correct,4 Neither trust nor distrust,Verify before taking action or using the information.,4,55–64,Male,Bachelor's degree in college (4-year),Daily,Experienced User,Trust,Agree
R_3oEGh8Bi7zPI65g,5,10,47,4,high,none,incorrect,4 Neither trust nor distrust,Verify before taking action or using the information.,5 (Extremely serious),55–64,Male,Bachelor's degree in college (4-year),Daily,Experienced User,Trust,Agree
R_3oEGh8Bi7zPI65g,5,11,48,5,high,weak,correct,5 Slightly Trust,Verify before taking action or using the information.,3,55–64,Male,Bachelor's degree in college (4-year),Daily,Experienced User,Trust,Agree
R_3oEGh8Bi7zPI65g,5,12,49,6,high,weak,incorrect,5 Slightly Trust,Verify before taking action or using the information.,5 (Extremely serious),55–64,Male,Bachelor's degree in college (4-year),Daily,Experienced User,Trust,Agree
R_3GCkKkrCvtCn01J,4,1,26,7,low,weak,incorrect,5 Slightly Trust,Verify before taking action or using the information.,3,55–64,Male,Bachelor's degree in college (4-year),Daily,Experienced User,Neither Trust nor Distrust,Agree
R_3GCkKkrCvtCn01J,4,2,27,8,low,strong,correct,6 Trust,Use the information or take the recommended action (do not double-check).,2,55–64,Male,Bachelor's degree in college (4-year),Daily,Experienced User,Neither Trust nor Distrust,Agree
R_3GCkKkrCvtCn01J,4,3,28,9,low,strong,incorrect,7 Strongly Trust,Use the information or take the recommended action (do not double-check).,2,55–64,Male,Bachelor's degree in college (4-year),Daily,Experienced User,Neither Trust nor Distrust,Agree
R_3GCkKkrCvtCn01J,4,4,29,10,low,none,correct,6 Trust,Verify before taking action or using the information.,4,55–64,Male,Bachelor's degree in college (4-year),Daily,Experienced User,Neither Trust nor Distrust,Agree
R_3GCkKkrCvtCn01J,4,5,30,11,low,none,incorrect,6 Trust,Use the information or take the recommended action (do not double-check).,1 (Not serious at all),55–64,Male,Bachelor's degree in college (4-year),Daily,Experienced User,Neither Trust nor Distrust,Agree
R_3GCkKkrCvtCn01J,4,6,31,12,low,weak,correct,7 Strongly Trust,Use the information or take the recommended action (do not double-check).,1 (Not serious at all),55–64,Male,Bachelor's degree in college (4-year),Daily,Experienced User,Neither Trust nor Distrust,Agree
R_3GCkKkrCvtCn01J,4,7,32,1,high,weak,incorrect,6 Trust,Verify before taking action or using the information.,5 (Extremely serious),55–64,Male,Bachelor's degree in college (4-year),Daily,Experienced User,Neither Trust nor Distrust,Agree
R_3GCkKkrCvtCn01J,4,8,33,2,high,strong,correct,7 Strongly Trust,Use the information or take the recommended action (do not double-check).,3,55–64,Male,Bachelor's degree in college (4-year),Daily,Experienced User,Neither Trust nor Distrust,Agree
R_3GCkKkrCvtCn01J,4,9,34,3,high,strong,incorrect,7 Strongly Trust,Use the information or take the recommended action (do not double-check).,3,55–64,Male,Bachelor's degree in college (4-year),Daily,Experienced User,Neither Trust nor Distrust,Agree
R_3GCkKkrCvtCn01J,4,10,35,4,high,none,correct,6 Trust,Verify before taking action or using the information.,5 (Extremely serious),55–64,Male,Bachelor's degree in college (4-year),Daily,Experienced User,Neither Trust nor Distrust,Agree
R_3GCkKkrCvtCn01J,4,11,36,5,high,none,incorrect,3 Slightly Distrust,Verify before taking action or using the information.,5 (Extremely serious),55–64,Male,Bachelor's degree in college (4-year),Daily,Experienced User,Neither Trust nor Distrust,Agree
R_3GCkKkrCvtCn01J,4,12,37,6,high,weak,correct,5 Slightly Trust,Verify before taking action or using the information.,5 (Extremely serious),55–64,Male,Bachelor's degree in college (4-year),Daily,Experienced User,Neither Trust nor Distrust,Agree
R_2dKqdcQ1pWQWaM0,1,1,1,7,low,none,correct,3 Slightly Distrust,Verify before taking action or using the information.,1 (Not serious at all),55–64,Female,Graduate or professional degree,Weekly,Novice,Neither Trust nor Distrust,Agree
R_2dKqdcQ1pWQWaM0,1,2,2,8,low,none,incorrect,4 (Neither trust nor distrust),Verify before taking action or using the information.,4,55–64,Female,Graduate or professional degree,Weekly,Novice,Neither Trust nor Distrust,Agree
R_2dKqdcQ1pWQWaM0,1,3,3,9,low,weak,correct,6 Trust,Verify before taking action or using the information.,1 (Not serious at all),55–64,Female,Graduate or professional degree,Weekly,Novice,Neither Trust nor Distrust,Agree
R_2dKqdcQ1pWQWaM0,1,4,4,10,low,weak,incorrect,6 Trust,Verify before taking action or using the information.,4,55–64,Female,Graduate or professional degree,Weekly,Novice,Neither Trust nor Distrust,Agree
R_2dKqdcQ1pWQWaM0,1,5,5,11,low,strong,correct,6 Trust,Use the information or take the recommended action (do not double-check).,1 (Not serious at all),55–64,Female,Graduate or professional degree,Weekly,Novice,Neither Trust nor Distrust,Agree
R_2dKqdcQ1pWQWaM0,1,6,6,12,low,strong,incorrect,6 Trust,Use the information or take the recommended action (do not double-check).,1 (Not serious at all),55–64,Female,Graduate or professional degree,Weekly,Novice,Neither Trust nor Distrust,Agree
R_2dKqdcQ1pWQWaM0,1,7,7,1,high,none,correct,5 Slightly Trust,Verify before taking action or using the information.,5 (Extremely serious),55–64,Female,Graduate or professional degree,Weekly,Novice,Neither Trust nor Distrust,Agree
R_2dKqdcQ1pWQWaM0,1,8,8,2,high,none,incorrect,5 Slightly Trust,Verify before taking action or using the information.,5 (Extremely serious),55–64,Female,Graduate or professional degree,Weekly,Novice,Neither Trust nor Distrust,Agree
R_2dKqdcQ1pWQWaM0,1,9,9,3,high,weak,correct,6 Trust,Use the information or take the recommended action (do not double-check).,4,55–64,Female,Graduate or professional degree,Weekly,Novice,Neither Trust nor Distrust,Agree
R_2dKqdcQ1pWQWaM0,1,10,10,4,high,weak,incorrect,4 (Neither trust nor distrust),Verify before taking action or using the information.,4,55–64,Female,Graduate or professional degree,Weekly,Novice,Neither Trust nor Distrust,Agree
R_2dKqdcQ1pWQWaM0,1,11,11,5,high,strong,correct,6 Trust,Verify before taking action or using the information.,5 (Extremely serious),55–64,Female,Graduate or professional degree,Weekly,Novice,Neither Trust nor Distrust,Agree
R_2dKqdcQ1pWQWaM0,1,12,12,6,high,strong,incorrect,6 Trust,Verify before taking action or using the information.,5 (Extremely serious),55–64,Female,Graduate or professional degree,Weekly,Novice,Neither Trust nor Distrust,Agree
R_3KIXgicq5IPiEBc,6,1,50,7,low,strong,incorrect,5 Slightly Trust,Verify before taking action or using the information.,3,18–24,Male,Bachelor's degree in college (4-year),Weekly,Experienced User,Trust,Agree
R_3KIXgicq5IPiEBc,6,2,51,8,low,none,correct,6 Trust,Verify before taking action or using the information.,5 (Extremely serious),18–24,Male,Bachelor's degree in college (4-year),Weekly,Experienced User,Trust,Agree
R_3KIXgicq5IPiEBc,6,3,52,9,low,none,incorrect,5 Slightly Trust,Verify before taking action or using the information.,3,18–24,Male,Bachelor's degree in college (4-year),Weekly,Experienced User,Trust,Agree
R_3KIXgicq5IPiEBc,6,4,53,10,low,weak,correct,6 Trust,Verify before taking action or using the information.,4,18–24,Male,Bachelor's degree in college (4-year),Weekly,Experienced User,Trust,Agree
R_3KIXgicq5IPiEBc,6,5,54,11,low,weak,incorrect,4 Neither trust nor distrust,Verify before taking action or using the information.,4,18–24,Male,Bachelor's degree in college (4-year),Weekly,Experienced User,Trust,Agree
R_3KIXgicq5IPiEBc,6,6,55,12,low,strong,correct,5 Slightly Trust,Use the information or take the recommended action (do not double-check).,3,18–24,Male,Bachelor's degree in college (4-year),Weekly,Experienced User,Trust,Agree
R_3KIXgicq5IPiEBc,6,7,56,1,high,strong,incorrect,6 Trust,Verify before taking action or using the information.,4,18–24,Male,Bachelor's degree in college (4-year),Weekly,Experienced User,Trust,Agree
R_3KIXgicq5IPiEBc,6,8,57,2,high,none,correct,4 Neither trust nor distrust,Verify before taking action or using the information.,4,18–24,Male,Bachelor's degree in college (4-year),Weekly,Experienced User,Trust,Agree
R_3KIXgicq5IPiEBc,6,9,58,3,high,none,incorrect,4 Neither trust nor distrust,Verify before taking action or using the information.,5 (Extremely serious),18–24,Male,Bachelor's degree in college (4-year),Weekly,Experienced User,Trust,Agree
R_3KIXgicq5IPiEBc,6,10,59,4,high,weak,correct,5 Slightly Trust,Verify before taking action or using the information.,5 (Extremely serious),18–24,Male,Bachelor's degree in college (4-year),Weekly,Experienced User,Trust,Agree
R_3KIXgicq5IPiEBc,6,11,60,5,high,weak,incorrect,4 Neither trust nor distrust,Verify before taking action or using the information.,3,18–24,Male,Bachelor's degree in college (4-year),Weekly,Experienced User,Trust,Agree
R_3KIXgicq5IPiEBc,6,12,61,6,high,strong,correct,6 Trust,Verify before taking action or using the information.,5 (Extremely serious),18–24,Male,Bachelor's degree in college (4-year),Weekly,Experienced User,Trust,Agree
R_qDTnJu2XEBjpKHD,3,1,14,7,low,weak,correct,2 Distrust,Verify before taking action or using the information.,3,65+,Male,Some college but no degree,Weekly,Basic User,Neither Trust nor Distrust,Agree
R_qDTnJu2XEBjpKHD,3,2,15,8,low,weak,incorrect,5 Slightly Trust,Use the information or take the recommended action (do not double-check).,4,65+,Male,Some college but no degree,Weekly,Basic User,Neither Trust nor Distrust,Agree
R_qDTnJu2XEBjpKHD,3,3,16,9,low,strong,correct,6 Trust,Use the information or take the recommended action (do not double-check).,1 (Not serious at all),65+,Male,Some college but no degree,Weekly,Basic User,Neither Trust nor Distrust,Agree
R_qDTnJu2XEBjpKHD,3,4,17,10,low,strong,incorrect,6 Trust,Use the information or take the recommended action (do not double-check).,3,65+,Male,Some college but no degree,Weekly,Basic User,Neither Trust nor Distrust,Agree
R_qDTnJu2XEBjpKHD,3,5,18,11,low,none,correct,5 Slightly Trust,Verify before taking action or using the information.,2,65+,Male,Some college but no degree,Weekly,Basic User,Neither Trust nor Distrust,Agree
R_qDTnJu2XEBjpKHD,3,6,19,12,low,none,incorrect,6 Trust,Verify before taking action or using the information.,2,65+,Male,Some college but no degree,Weekly,Basic User,Neither Trust nor Distrust,Agree
R_qDTnJu2XEBjpKHD,3,7,20,1,high,weak,correct,6 Trust,Verify before taking action or using the information.,4,65+,Male,Some college but no degree,Weekly,Basic User,Neither Trust nor Distrust,Agree
R_qDTnJu2XEBjpKHD,3,8,21,2,high,weak,incorrect,5 Slightly Trust,Verify before taking action or using the information.,4,65+,Male,Some college but no degree,Weekly,Basic User,Neither Trust nor Distrust,Agree
R_qDTnJu2XEBjpKHD,3,9,22,3,high,strong,correct,6 Trust,Verify before taking action or using the information.,5 (Extremely serious),65+,Male,Some college but no degree,Weekly,Basic User,Neither Trust nor Distrust,Agree
R_qDTnJu2XEBjpKHD,3,10,23,4,high,strong,incorrect,5 Slightly Trust,Verify before taking action or using the information.,4,65+,Male,Some college but no degree,Weekly,Basic User,Neither Trust nor Distrust,Agree
R_qDTnJu2XEBjpKHD,3,11,24,5,high,none,correct,3 Slightly Distrust,Verify before taking action or using the information.,4,65+,Male,Some college but no degree,Weekly,Basic User,Neither Trust nor Distrust,Agree
R_qDTnJu2XEBjpKHD,3,12,25,6,high,none,incorrect,3 Slightly Distrust,Verify before taking action or using the information.,5 (Extremely serious),65+,Male,Some college but no degree,Weekly,Basic User,Neither Trust nor Distrust,Agree
R_cTpmO7KxUvGnbk5,5,1,38,7,low,strong,correct,2 Distrust,Verify before taking action or using the information.,2,45–54,Female,Graduate or professional degree,Weekly,Basic User,Trust,Agree
R_cTpmO7KxUvGnbk5,5,2,39,8,low,strong,incorrect,5 Slightly Trust,Verify before taking action or using the information.,4,45–54,Female,Graduate or professional degree,Weekly,Basic User,Trust,Agree
R_cTpmO7KxUvGnbk5,5,3,40,9,low,none,correct,2 Distrust,Verify before taking action or using the information.,2,45–54,Female,Graduate or professional degree,Weekly,Basic User,Trust,Agree
R_cTpmO7KxUvGnbk5,5,4,41,10,low,none,incorrect,2 Distrust,Verify before taking action or using the information.,4,45–54,Female,Graduate or professional degree,Weekly,Basic User,Trust,Agree
R_cTpmO7KxUvGnbk5,5,5,42,11,low,weak,correct,4 Neither trust nor distrust,Verify before taking action or using the information.,3,45–54,Female,Graduate or professional degree,Weekly,Basic User,Trust,Agree
R_cTpmO7KxUvGnbk5,5,6,43,12,low,weak,incorrect,6 Trust,Use the information or take the recommended action (do not double-check).,1 (Not serious at all),45–54,Female,Graduate or professional degree,Weekly,Basic User,Trust,Agree
R_cTpmO7KxUvGnbk5,5,7,44,1,high,strong,correct,2 Distrust,Verify before taking action or using the information.,5 (Extremely serious),45–54,Female,Graduate or professional degree,Weekly,Basic User,Trust,Agree
R_cTpmO7KxUvGnbk5,5,8,45,2,high,strong,incorrect,5 Slightly Trust,Verify before taking action or using the information.,5 (Extremely serious),45–54,Female,Graduate or professional degree,Weekly,Basic User,Trust,Agree
R_cTpmO7KxUvGnbk5,5,9,46,3,high,none,correct,4 Neither trust nor distrust,Use the information or take the recommended action (do not double-check).,2,45–54,Female,Graduate or professional degree,Weekly,Basic User,Trust,Agree
R_cTpmO7KxUvGnbk5,5,10,47,4,high,none,incorrect,4 Neither trust nor distrust,Verify before taking action or using the information.,2,45–54,Female,Graduate or professional degree,Weekly,Basic User,Trust,Agree
R_cTpmO7KxUvGnbk5,5,11,48,5,high,weak,correct,4 Neither trust nor distrust,Verify before taking action or using the information.,5 (Extremely serious),45–54,Female,Graduate or professional degree,Weekly,Basic User,Trust,Agree
R_cTpmO7KxUvGnbk5,5,12,49,6,high,weak,incorrect,4 Neither trust nor distrust,Verify before taking action or using the information.,5 (Extremely serious),45–54,Female,Graduate or professional degree,Weekly,Basic User,Trust,Agree
R_2CjIUPGXWDJMwDj,4,1,26,7,low,weak,incorrect,4 Neither trust nor distrust,Verify before taking action or using the information.,2,55–64,Male,Graduate or professional degree,Daily,Novice,Neither Trust nor Distrust,Agree
R_2CjIUPGXWDJMwDj,4,2,27,8,low,strong,correct,4 Neither trust nor distrust,Verify before taking action or using the information.,2,55–64,Male,Graduate or professional degree,Daily,Novice,Neither Trust nor Distrust,Agree
R_2CjIUPGXWDJMwDj,4,3,28,9,low,strong,incorrect,4 Neither trust nor distrust,Verify before taking action or using the information.,2,55–64,Male,Graduate or professional degree,Daily,Novice,Neither Trust nor Distrust,Agree
R_2CjIUPGXWDJMwDj,4,4,29,10,low,none,correct,4 Neither trust nor distrust,Verify before taking action or using the information.,3,55–64,Male,Graduate or professional degree,Daily,Novice,Neither Trust nor Distrust,Agree
R_2CjIUPGXWDJMwDj,4,5,30,11,low,none,incorrect,4 Neither trust nor distrust,Verify before taking action or using the information.,1 (Not serious at all),55–64,Male,Graduate or professional degree,Daily,Novice,Neither Trust nor Distrust,Agree
R_2CjIUPGXWDJMwDj,4,6,31,12,low,weak,correct,4 Neither trust nor distrust,Verify before taking action or using the information.,1 (Not serious at all),55–64,Male,Graduate or professional degree,Daily,Novice,Neither Trust nor Distrust,Agree
R_2CjIUPGXWDJMwDj,4,7,32,1,high,weak,incorrect,4 Neither trust nor distrust,Verify before taking action or using the information.,3,55–64,Male,Graduate or professional degree,Daily,Novice,Neither Trust nor Distrust,Agree
R_2CjIUPGXWDJMwDj,4,8,33,2,high,strong,correct,4 Neither trust nor distrust,Verify before taking action or using the information.,4,55–64,Male,Graduate or professional degree,Daily,Novice,Neither Trust nor Distrust,Agree
R_2CjIUPGXWDJMwDj,4,9,34,3,high,strong,incorrect,4 Neither trust nor distrust,Verify before taking action or using the information.,3,55–64,Male,Graduate or professional degree,Daily,Novice,Neither Trust nor Distrust,Agree
R_2CjIUPGXWDJMwDj,4,10,35,4,high,none,correct,4 Neither trust nor distrust,Verify before taking action or using the information.,4,55–64,Male,Graduate or professional degree,Daily,Novice,Neither Trust nor Distrust,Agree
R_2CjIUPGXWDJMwDj,4,11,36,5,high,none,incorrect,4 Neither trust nor distrust,Verify before taking action or using the information.,4,55–64,Male,Graduate or professional degree,Daily,Novice,Neither Trust nor Distrust,Agree
R_2CjIUPGXWDJMwDj,4,12,37,6,high,weak,correct,4 Neither trust nor distrust,Verify before taking action or using the information.,4,55–64,Male,Graduate or professional degree,Daily,Novice,Neither Trust nor Distrust,Agree
R_1BY2l6H77apIgLE,3,1,14,7,low,weak,correct,3 Slightly Distrust,Verify before taking action or using the information.,2,65+,Female,Bachelor's degree in college (4-year),Weekly,Basic User,Neither Trust nor Distrust,Agree
R_1BY2l6H77apIgLE,3,2,15,8,low,weak,incorrect,3 Slightly Distrust,Verify before taking action or using the information.,3,65+,Female,Bachelor's degree in college (4-year),Weekly,Basic User,Neither Trust nor Distrust,Agree
R_1BY2l6H77apIgLE,3,3,16,9,low,strong,correct,6 Trust,Use the information or take the recommended action (do not double-check).,1 (Not serious at all),65+,Female,Bachelor's degree in college (4-year),Weekly,Basic User,Neither Trust nor Distrust,Agree
R_1BY2l6H77apIgLE,3,4,17,10,low,strong,incorrect,3 Slightly Distrust,Verify before taking action or using the information.,4,65+,Female,Bachelor's degree in college (4-year),Weekly,Basic User,Neither Trust nor Distrust,Agree
R_1BY2l6H77apIgLE,3,5,18,11,low,none,correct,6 Trust,Use the information or take the recommended action (do not double-check).,2,65+,Female,Bachelor's degree in college (4-year),Weekly,Basic User,Neither Trust nor Distrust,Agree
R_1BY2l6H77apIgLE,3,6,19,12,low,none,incorrect,1 Strongly Distrust,Reject — do not use the information or take the recommended action.,2,65+,Female,Bachelor's degree in college (4-year),Weekly,Basic User,Neither Trust nor Distrust,Agree
R_1BY2l6H77apIgLE,3,7,20,1,high,weak,correct,3 Slightly Distrust,Verify before taking action or using the information.,3,65+,Female,Bachelor's degree in college (4-year),Weekly,Basic User,Neither Trust nor Distrust,Agree
R_1BY2l6H77apIgLE,3,8,21,2,high,weak,incorrect,1 Strongly Distrust,Reject — do not use the information or take the recommended action.,4,65+,Female,Bachelor's degree in college (4-year),Weekly,Basic User,Neither Trust nor Distrust,Agree
R_1BY2l6H77apIgLE,3,9,22,3,high,strong,correct,6 Trust,Use the information or take the recommended action (do not double-check).,4,65+,Female,Bachelor's degree in college (4-year),Weekly,Basic User,Neither Trust nor Distrust,Agree
R_1BY2l6H77apIgLE,3,10,23,4,high,strong,incorrect,3 Slightly Distrust,Verify before taking action or using the information.,4,65+,Female,Bachelor's degree in college (4-year),Weekly,Basic User,Neither Trust nor Distrust,Agree
R_1BY2l6H77apIgLE,3,11,24,5,high,none,correct,2 Distrust,Reject — do not use the information or take the recommended action.,4,65+,Female,Bachelor's degree in college (4-year),Weekly,Basic User,Neither Trust nor Distrust,Agree
R_1BY2l6H77apIgLE,3,12,25,6,high,none,incorrect,3 Slightly Distrust,Verify before taking action or using the information.,4,65+,Female,Bachelor's degree in college (4-year),Weekly,Basic User,Neither Trust nor Distrust,Agree
R_3CNGUHoB8B6URqE,6,1,50,7,low,strong,incorrect,2 Distrust,Verify before taking action or using the information.,4,55–64,Female,Graduate or professional degree,Daily,Basic User,Neither Trust nor Distrust,Agree
R_3CNGUHoB8B6URqE,6,2,51,8,low,none,correct,1 Strongly Distrust,Reject — do not use the information or take the recommended action.,4,55–64,Female,Graduate or professional degree,Daily,Basic User,Neither Trust nor Distrust,Agree
R_3CNGUHoB8B6URqE,6,3,52,9,low,none,incorrect,7 Strongly Trust,Use the information or take the recommended action (do not double-check).,2,55–64,Female,Graduate or professional degree,Daily,Basic User,Neither Trust nor Distrust,Agree
R_3CNGUHoB8B6URqE,6,4,53,10,low,weak,correct,4 Neither trust nor distrust,Verify before taking action or using the information.,5 (Extremely serious),55–64,Female,Graduate or professional degree,Daily,Basic User,Neither Trust nor Distrust,Agree
R_3CNGUHoB8B6URqE,6,5,54,11,low,weak,incorrect,5 Slightly Trust,Verify before taking action or using the information.,2,55–64,Female,Graduate or professional degree,Daily,Basic User,Neither Trust nor Distrust,Agree
R_3CNGUHoB8B6URqE,6,6,55,12,low,strong,correct,7 Strongly Trust,Use the information or take the recommended action (do not double-check).,1 (Not serious at all),55–64,Female,Graduate or professional degree,Daily,Basic User,Neither Trust nor Distrust,Agree
R_3CNGUHoB8B6URqE,6,7,56,1,high,strong,incorrect,7 Strongly Trust,Use the information or take the recommended action (do not double-check).,5 (Extremely serious),55–64,Female,Graduate or professional degree,Daily,Basic User,Neither Trust nor Distrust,Agree
R_3CNGUHoB8B6URqE,6,8,57,2,high,none,correct,1 Strongly Distrust,Reject — do not use the information or take the recommended action.,5 (Extremely serious),55–64,Female,Graduate or professional degree,Daily,Basic User,Neither Trust nor Distrust,Agree
R_3CNGUHoB8B6URqE,6,9,58,3,high,none,incorrect,4 Neither trust nor distrust,Verify before taking action or using the information.,4,55–64,Female,Graduate or professional degree,Daily,Basic User,Neither Trust nor Distrust,Agree
R_3CNGUHoB8B6URqE,6,10,59,4,high,weak,correct,6 Trust,Use the information or take the recommended action (do not double-check).,5 (Extremely serious),55–64,Female,Graduate or professional degree,Daily,Basic User,Neither Trust nor Distrust,Agree
R_3CNGUHoB8B6URqE,6,11,60,5,high,weak,incorrect,6 Trust,Verify before taking action or using the information.,5 (Extremely serious),55–64,Female,Graduate or professional degree,Daily,Basic User,Neither Trust nor Distrust,Agree
R_3CNGUHoB8B6URqE,6,12,61,6,high,strong,correct,7 Strongly Trust,Verify before taking action or using the information.,5 (Extremely serious),55–64,Female,Graduate or professional degree,Daily,Basic User,Neither Trust nor Distrust,Agree
R_8dprpdV5cwlJSSZ,6,1,50,7,low,strong,incorrect,4 Neither trust nor distrust,Verify before taking action or using the information.,3,55–64,Prefer not to say,Associate degree in college (2-year),Monthly,Basic User,Neither Trust nor Distrust,Agree
R_8dprpdV5cwlJSSZ,6,2,51,8,low,none,correct,2 Distrust,Verify before taking action or using the information.,3,55–64,Prefer not to say,Associate degree in college (2-year),Monthly,Basic User,Neither Trust nor Distrust,Agree
R_8dprpdV5cwlJSSZ,6,3,52,9,low,none,incorrect,5 Slightly Trust,Use the information or take the recommended action (do not double-check).,1 (Not serious at all),55–64,Prefer not to say,Associate degree in college (2-year),Monthly,Basic User,Neither Trust nor Distrust,Agree
R_8dprpdV5cwlJSSZ,6,4,53,10,low,weak,correct,2 Distrust,Verify before taking action or using the information.,4,55–64,Prefer not to say,Associate degree in college (2-year),Monthly,Basic User,Neither Trust nor Distrust,Agree
R_8dprpdV5cwlJSSZ,6,5,54,11,low,weak,incorrect,6 Trust,Use the information or take the recommended action (do not double-check).,2,55–64,Prefer not to say,Associate degree in college (2-year),Monthly,Basic User,Neither Trust nor Distrust,Agree
R_8dprpdV5cwlJSSZ,6,6,55,12,low,strong,correct,6 Trust,Use the information or take the recommended action (do not double-check).,1 (Not serious at all),55–64,Prefer not to say,Associate degree in college (2-year),Monthly,Basic User,Neither Trust nor Distrust,Agree
R_8dprpdV5cwlJSSZ,6,7,56,1,high,strong,incorrect,5 Slightly Trust,Verify before taking action or using the information.,3,55–64,Prefer not to say,Associate degree in college (2-year),Monthly,Basic User,Neither Trust nor Distrust,Agree
R_8dprpdV5cwlJSSZ,6,8,57,2,high,none,correct,4 Neither trust nor distrust,Verify before taking action or using the information.,3,55–64,Prefer not to say,Associate degree in college (2-year),Monthly,Basic User,Neither Trust nor Distrust,Agree
R_8dprpdV5cwlJSSZ,6,9,58,3,high,none,incorrect,6 Trust,Use the information or take the recommended action (do not double-check).,2,55–64,Prefer not to say,Associate degree in college (2-year),Monthly,Basic User,Neither Trust nor Distrust,Agree
R_8dprpdV5cwlJSSZ,6,10,59,4,high,weak,correct,5 Slightly Trust,Verify before taking action or using the information.,4,55–64,Prefer not to say,Associate degree in college (2-year),Monthly,Basic User,Neither Trust nor Distrust,Agree
R_8dprpdV5cwlJSSZ,6,11,60,5,high,weak,incorrect,4 Neither trust nor distrust,Verify before taking action or using the information.,4,55–64,Prefer not to say,Associate degree in college (2-year),Monthly,Basic User,Neither Trust nor Distrust,Agree
R_8dprpdV5cwlJSSZ,6,12,61,6,high,strong,correct,5 Slightly Trust,Verify before taking action or using the information.,4,55–64,Prefer not to say,Associate degree in college (2-year),Monthly,Basic User,Neither Trust nor Distrust,Agree
R_3KOquZwOAfLcPyF,3,1,14,7,low,weak,correct,3 Slightly Distrust,Verify before taking action or using the information.,2,65+,Male,Graduate or professional degree,Daily,Basic User,Trust,Agree
R_3KOquZwOAfLcPyF,3,2,15,8,low,weak,incorrect,4 Neither trust nor distrust,Verify before taking action or using the information.,2,65+,Male,Graduate or professional degree,Daily,Basic User,Trust,Agree
R_3KOquZwOAfLcPyF,3,3,16,9,low,strong,correct,5 Slightly Trust,Use the information or take the recommended action (do not double-check).,4,65+,Male,Graduate or professional degree,Daily,Basic User,Trust,Agree
R_3KOquZwOAfLcPyF,3,4,17,10,low,strong,incorrect,5 Slightly Trust,Verify before taking action or using the information.,3,65+,Male,Graduate or professional degree,Daily,Basic User,Trust,Agree
R_3KOquZwOAfLcPyF,3,5,18,11,low,none,correct,4 Neither trust nor distrust,Verify before taking action or using the information.,2,65+,Male,Graduate or professional degree,Daily,Basic User,Trust,Agree
R_3KOquZwOAfLcPyF,3,6,19,12,low,none,incorrect,5 Slightly Trust,Verify before taking action or using the information.,1 (Not serious at all),65+,Male,Graduate or professional degree,Daily,Basic User,Trust,Agree
R_3KOquZwOAfLcPyF,3,7,20,1,high,weak,correct,3 Slightly Distrust,Verify before taking action or using the information.,3,65+,Male,Graduate or professional degree,Daily,Basic User,Trust,Agree
R_3KOquZwOAfLcPyF,3,8,21,2,high,weak,incorrect,5 Slightly Trust,Verify before taking action or using the information.,3,65+,Male,Graduate or professional degree,Daily,Basic User,Trust,Agree
R_3KOquZwOAfLcPyF,3,9,22,3,high,strong,correct,4 Neither trust nor distrust,Verify before taking action or using the information.,2,65+,Male,Graduate or professional degree,Daily,Basic User,Trust,Agree
R_3KOquZwOAfLcPyF,3,10,23,4,high,strong,incorrect,4 Neither trust nor distrust,Verify before taking action or using the information.,3,65+,Male,Graduate or professional degree,Daily,Basic User,Trust,Agree
R_3KOquZwOAfLcPyF,3,11,24,5,high,none,correct,3 Slightly Distrust,Verify before taking action or using the information.,3,65+,Male,Graduate or professional degree,Daily,Basic User,Trust,Agree
R_3KOquZwOAfLcPyF,3,12,25,6,high,none,incorrect,5 Slightly Trust,Verify before taking action or using the information.,3,65+,Male,Graduate or professional degree,Daily,Basic User,Trust,Agree
R_3NKY818VJwCuq1Y,5,1,38,7,low,strong,correct,5 Slightly Trust,Verify before taking action or using the information.,4,35–44,Female,Bachelor's degree in college (4-year),Daily,Basic User,Trust,Agree
R_3NKY818VJwCuq1Y,5,2,39,8,low,strong,incorrect,6 Trust,Verify before taking action or using the information.,5 (Extremely serious),35–44,Female,Bachelor's degree in college (4-year),Daily,Basic User,Trust,Agree
R_3NKY818VJwCuq1Y,5,3,40,9,low,none,correct,7 Strongly Trust,Verify before taking action or using the information.,4,35–44,Female,Bachelor's degree in college (4-year),Daily,Basic User,Trust,Agree
R_3NKY818VJwCuq1Y,5,4,41,10,low,none,incorrect,6 Trust,Verify before taking action or using the information.,4,35–44,Female,Bachelor's degree in college (4-year),Daily,Basic User,Trust,Agree
R_3NKY818VJwCuq1Y,5,5,42,11,low,weak,correct,6 Trust,Verify before taking action or using the information.,3,35–44,Female,Bachelor's degree in college (4-year),Daily,Basic User,Trust,Agree
R_3NKY818VJwCuq1Y,5,6,43,12,low,weak,incorrect,6 Trust,Verify before taking action or using the information.,2,35–44,Female,Bachelor's degree in college (4-year),Daily,Basic User,Trust,Agree
R_3NKY818VJwCuq1Y,5,7,44,1,high,strong,correct,4 Neither trust nor distrust,Verify before taking action or using the information.,4,35–44,Female,Bachelor's degree in college (4-year),Daily,Basic User,Trust,Agree
R_3NKY818VJwCuq1Y,5,8,45,2,high,strong,incorrect,3 Slightly Distrust,Verify before taking action or using the information.,5 (Extremely serious),35–44,Female,Bachelor's degree in college (4-year),Daily,Basic User,Trust,Agree
R_3NKY818VJwCuq1Y,5,9,46,3,high,none,correct,5 Slightly Trust,Verify before taking action or using the information.,5 (Extremely serious),35–44,Female,Bachelor's degree in college (4-year),Daily,Basic User,Trust,Agree
R_3NKY818VJwCuq1Y,5,10,47,4,high,none,incorrect,1 Strongly Distrust,Reject — do not use the information or take the recommended action.,5 (Extremely serious),35–44,Female,Bachelor's degree in college (4-year),Daily,Basic User,Trust,Agree
R_3NKY818VJwCuq1Y,5,11,48,5,high,weak,correct,4 Neither trust nor distrust,Verify before taking action or using the information.,5 (Extremely serious),35–44,Female,Bachelor's degree in college (4-year),Daily,Basic User,Trust,Agree
R_3NKY818VJwCuq1Y,5,12,49,6,high,weak,incorrect,4 Neither trust nor distrust,Verify before taking action or using the information.,5 (Extremely serious),35–44,Female,Bachelor's degree in college (4-year),Daily,Basic User,Trust,Agree
R_2VaySnlq9nAIDRe,1,1,1,7,low,none,correct,6 Trust,Use the information or take the recommended action (do not double-check).,2,25–34,Male,Graduate or professional degree,Daily,Experienced User,Trust,Agree
R_2VaySnlq9nAIDRe,1,2,2,8,low,none,incorrect,5 Slightly Trust,Verify before taking action or using the information.,3,25–34,Male,Graduate or professional degree,Daily,Experienced User,Trust,Agree
R_2VaySnlq9nAIDRe,1,3,3,9,low,weak,correct,7 Strongly Trust,Use the information or take the recommended action (do not double-check).,3,25–34,Male,Graduate or professional degree,Daily,Experienced User,Trust,Agree
R_2VaySnlq9nAIDRe,1,4,4,10,low,weak,incorrect,6 Trust,Use the information or take the recommended action (do not double-check).,3,25–34,Male,Graduate or professional degree,Daily,Experienced User,Trust,Agree
R_2VaySnlq9nAIDRe,1,5,5,11,low,strong,correct,7 Strongly Trust,Use the information or take the recommended action (do not double-check).,1 (Not serious at all),25–34,Male,Graduate or professional degree,Daily,Experienced User,Trust,Agree
R_2VaySnlq9nAIDRe,1,6,6,12,low,strong,incorrect,7 Strongly Trust,Use the information or take the recommended action (do not double-check).,1 (Not serious at all),25–34,Male,Graduate or professional degree,Daily,Experienced User,Trust,Agree
R_2VaySnlq9nAIDRe,1,7,7,1,high,none,correct,6 Trust,Verify before taking action or using the information.,3,25–34,Male,Graduate or professional degree,Daily,Experienced User,Trust,Agree
R_2VaySnlq9nAIDRe,1,8,8,2,high,none,incorrect,4 (Neither trust nor distrust),Verify before taking action or using the information.,5 (Extremely serious),25–34,Male,Graduate or professional degree,Daily,Experienced User,Trust,Agree
R_2VaySnlq9nAIDRe,1,9,9,3,high,weak,correct,7 Strongly Trust,Use the information or take the recommended action (do not double-check).,3,25–34,Male,Graduate or professional degree,Daily,Experienced User,Trust,Agree
R_2VaySnlq9nAIDRe,1,10,10,4,high,weak,incorrect,5 Slightly Trust,Use the information or take the recommended action (do not double-check).,2,25–34,Male,Graduate or professional degree,Daily,Experienced User,Trust,Agree
R_2VaySnlq9nAIDRe,1,11,11,5,high,strong,correct,4 (Neither trust nor distrust),Verify before taking action or using the information.,3,25–34,Male,Graduate or professional degree,Daily,Experienced User,Trust,Agree
R_2VaySnlq9nAIDRe,1,12,12,6,high,strong,incorrect,7 Strongly Trust,Use the information or take the recommended action (do not double-check).,3,25–34,Male,Graduate or professional degree,Daily,Experienced User,Trust,Agree
R_2y4q0qAj0zhXt4c,4,1,26,7,low,weak,incorrect,4 Neither trust nor distrust,Reject — do not use the information or take the recommended action.,1 (Not serious at all),25–34,Male,Bachelor's degree in college (4-year),Monthly,Basic User,Distrust,Agree
R_2y4q0qAj0zhXt4c,4,2,27,8,low,strong,correct,5 Slightly Trust,Verify before taking action or using the information.,4,25–34,Male,Bachelor's degree in college (4-year),Monthly,Basic User,Distrust,Agree
R_2y4q0qAj0zhXt4c,4,3,28,9,low,strong,incorrect,5 Slightly Trust,Verify before taking action or using the information.,2,25–34,Male,Bachelor's degree in college (4-year),Monthly,Basic User,Distrust,Agree
R_2y4q0qAj0zhXt4c,4,4,29,10,low,none,correct,5 Slightly Trust,Verify before taking action or using the information.,3,25–34,Male,Bachelor's degree in college (4-year),Monthly,Basic User,Distrust,Agree
R_2y4q0qAj0zhXt4c,4,5,30,11,low,none,incorrect,6 Trust,Use the information or take the recommended action (do not double-check).,2,25–34,Male,Bachelor's degree in college (4-year),Monthly,Basic User,Distrust,Agree
R_2y4q0qAj0zhXt4c,4,6,31,12,low,weak,correct,4 Neither trust nor distrust,Use the information or take the recommended action (do not double-check).,2,25–34,Male,Bachelor's degree in college (4-year),Monthly,Basic User,Distrust,Agree
R_2y4q0qAj0zhXt4c,4,7,32,1,high,weak,incorrect,3 Slightly Distrust,Verify before taking action or using the information.,3,25–34,Male,Bachelor's degree in college (4-year),Monthly,Basic User,Distrust,Agree
R_2y4q0qAj0zhXt4c,4,8,33,2,high,strong,correct,5 Slightly Trust,Verify before taking action or using the information.,5 (Extremely serious),25–34,Male,Bachelor's degree in college (4-year),Monthly,Basic User,Distrust,Agree
R_2y4q0qAj0zhXt4c,4,9,34,3,high,strong,incorrect,4 Neither trust nor distrust,Verify before taking action or using the information.,4,25–34,Male,Bachelor's degree in college (4-year),Monthly,Basic User,Distrust,Agree
R_2y4q0qAj0zhXt4c,4,10,35,4,high,none,correct,4 Neither trust nor distrust,Verify before taking action or using the information.,5 (Extremely serious),25–34,Male,Bachelor's degree in college (4-year),Monthly,Basic User,Distrust,Agree
R_2y4q0qAj0zhXt4c,4,11,36,5,high,none,incorrect,4 Neither trust nor distrust,Verify before taking action or using the information.,3,25–34,Male,Bachelor's degree in college (4-year),Monthly,Basic User,Distrust,Agree
R_2y4q0qAj0zhXt4c,4,12,37,6,high,weak,correct,3 Slightly Distrust,Reject — do not use the information or take the recommended action.,5 (Extremely serious),25–34,Male,Bachelor's degree in college (4-year),Monthly,Basic User,Distrust,Agree
R_uk0VGxoaYWDLjHz,5,1,38,7,low,strong,correct,3 Slightly Distrust,Verify before taking action or using the information.,2,25–34,Female,Bachelor's degree in college (4-year),Daily,Experienced User,Neither Trust nor Distrust,Agree
R_uk0VGxoaYWDLjHz,5,2,39,8,low,strong,incorrect,2 Distrust,Verify before taking action or using the information.,2,25–34,Female,Bachelor's degree in college (4-year),Daily,Experienced User,Neither Trust nor Distrust,Agree
R_uk0VGxoaYWDLjHz,5,3,40,9,low,none,correct,2 Distrust,Verify before taking action or using the information.,2,25–34,Female,Bachelor's degree in college (4-year),Daily,Experienced User,Neither Trust nor Distrust,Agree
R_uk0VGxoaYWDLjHz,5,4,41,10,low,none,incorrect,1 Strongly Distrust,Reject — do not use the information or take the recommended action.,3,25–34,Female,Bachelor's degree in college (4-year),Daily,Experienced User,Neither Trust nor Distrust,Agree
R_uk0VGxoaYWDLjHz,5,5,42,11,low,weak,correct,3 Slightly Distrust,Verify before taking action or using the information.,1 (Not serious at all),25–34,Female,Bachelor's degree in college (4-year),Daily,Experienced User,Neither Trust nor Distrust,Agree
R_uk0VGxoaYWDLjHz,5,6,43,12,low,weak,incorrect,3 Slightly Distrust,Use the information or take the recommended action (do not double-check).,1 (Not serious at all),25–34,Female,Bachelor's degree in college (4-year),Daily,Experienced User,Neither Trust nor Distrust,Agree
R_uk0VGxoaYWDLjHz,5,7,44,1,high,strong,correct,2 Distrust,Verify before taking action or using the information.,4,25–34,Female,Bachelor's degree in college (4-year),Daily,Experienced User,Neither Trust nor Distrust,Agree
R_uk0VGxoaYWDLjHz,5,8,45,2,high,strong,incorrect,2 Distrust,Verify before taking action or using the information.,2,25–34,Female,Bachelor's degree in college (4-year),Daily,Experienced User,Neither Trust nor Distrust,Agree
R_uk0VGxoaYWDLjHz,5,9,46,3,high,none,correct,2 Distrust,Verify before taking action or using the information.,3,25–34,Female,Bachelor's degree in college (4-year),Daily,Experienced User,Neither Trust nor Distrust,Agree
R_uk0VGxoaYWDLjHz,5,10,47,4,high,none,incorrect,2 Distrust,Verify before taking action or using the information.,3,25–34,Female,Bachelor's degree in college (4-year),Daily,Experienced User,Neither Trust nor Distrust,Agree
R_uk0VGxoaYWDLjHz,5,11,48,5,high,weak,correct,2 Distrust,Verify before taking action or using the information.,5 (Extremely serious),25–34,Female,Bachelor's degree in college (4-year),Daily,Experienced User,Neither Trust nor Distrust,Agree
R_uk0VGxoaYWDLjHz,5,12,49,6,high,weak,incorrect,2 Distrust,Verify before taking action or using the information.,4,25–34,Female,Bachelor's degree in college (4-year),Daily,Experienced User,Neither Trust nor Distrust,Agree
R_27JoCVWGLTsz5Xb,3,1,14,7,low,weak,correct,4 Neither trust nor distrust,Verify before taking action or using the information.,1 (Not serious at all),35–44,Male,Some college but no degree,Daily,Advanced Practitioner,Distrust,Agree
R_27JoCVWGLTsz5Xb,3,2,15,8,low,weak,incorrect,5 Slightly Trust,Verify before taking action or using the information.,3,35–44,Male,Some college but no degree,Daily,Advanced Practitioner,Distrust,Agree
R_27JoCVWGLTsz5Xb,3,3,16,9,low,strong,correct,5 Slightly Trust,Use the information or take the recommended action (do not double-check).,1 (Not serious at all),35–44,Male,Some college but no degree,Daily,Advanced Practitioner,Distrust,Agree
R_27JoCVWGLTsz5Xb,3,4,17,10,low,strong,incorrect,3 Slightly Distrust,Verify before taking action or using the information.,1 (Not serious at all),35–44,Male,Some college but no degree,Daily,Advanced Practitioner,Distrust,Agree
R_27JoCVWGLTsz5Xb,3,5,18,11,low,none,correct,5 Slightly Trust,Use the information or take the recommended action (do not double-check).,1 (Not serious at all),35–44,Male,Some college but no degree,Daily,Advanced Practitioner,Distrust,Agree
R_27JoCVWGLTsz5Xb,3,6,19,12,low,none,incorrect,5 Slightly Trust,Verify before taking action or using the information.,1 (Not serious at all),35–44,Male,Some college but no degree,Daily,Advanced Practitioner,Distrust,Agree
R_27JoCVWGLTsz5Xb,3,7,20,1,high,weak,correct,6 Trust,Verify before taking action or using the information.,3,35–44,Male,Some college but no degree,Daily,Advanced Practitioner,Distrust,Agree
R_27JoCVWGLTsz5Xb,3,8,21,2,high,weak,incorrect,5 Slightly Trust,Verify before taking action or using the information.,4,35–44,Male,Some college but no degree,Daily,Advanced Practitioner,Distrust,Agree
R_27JoCVWGLTsz5Xb,3,9,22,3,high,strong,correct,5 Slightly Trust,Verify before taking action or using the information.,2,35–44,Male,Some college but no degree,Daily,Advanced Practitioner,Distrust,Agree
R_27JoCVWGLTsz5Xb,3,10,23,4,high,strong,incorrect,1 Strongly Distrust,Reject — do not use the information or take the recommended action.,2,35–44,Male,Some college but no degree,Daily,Advanced Practitioner,Distrust,Agree
R_27JoCVWGLTsz5Xb,3,11,24,5,high,none,correct,2 Distrust,Verify before taking action or using the information.,3,35–44,Male,Some college but no degree,Daily,Advanced Practitioner,Distrust,Agree
R_27JoCVWGLTsz5Xb,3,12,25,6,high,none,incorrect,3 Slightly Distrust,Reject — do not use the information or take the recommended action.,3,35–44,Male,Some college but no degree,Daily,Advanced Practitioner,Distrust,Agree
R_3FQCKLFWOdt8FFW,4,1,26,7,low,weak,incorrect,5 Slightly Trust,Verify before taking action or using the information.,3,25–34,Female,Bachelor's degree in college (4-year),Weekly,Experienced User,Trust,Agree
R_3FQCKLFWOdt8FFW,4,2,27,8,low,strong,correct,4 Neither trust nor distrust,Verify before taking action or using the information.,3,25–34,Female,Bachelor's degree in college (4-year),Weekly,Experienced User,Trust,Agree
R_3FQCKLFWOdt8FFW,4,3,28,9,low,strong,incorrect,6 Trust,Verify before taking action or using the information.,3,25–34,Female,Bachelor's degree in college (4-year),Weekly,Experienced User,Trust,Agree
R_3FQCKLFWOdt8FFW,4,4,29,10,low,none,correct,5 Slightly Trust,Verify before taking action or using the information.,4,25–34,Female,Bachelor's degree in college (4-year),Weekly,Experienced User,Trust,Agree
R_3FQCKLFWOdt8FFW,4,5,30,11,low,none,incorrect,6 Trust,Verify before taking action or using the information.,2,25–34,Female,Bachelor's degree in college (4-year),Weekly,Experienced User,Trust,Agree
R_3FQCKLFWOdt8FFW,4,6,31,12,low,weak,correct,6 Trust,Verify before taking action or using the information.,1 (Not serious at all),25–34,Female,Bachelor's degree in college (4-year),Weekly,Experienced User,Trust,Agree
R_3FQCKLFWOdt8FFW,4,7,32,1,high,weak,incorrect,5 Slightly Trust,Verify before taking action or using the information.,3,25–34,Female,Bachelor's degree in college (4-year),Weekly,Experienced User,Trust,Agree
R_3FQCKLFWOdt8FFW,4,8,33,2,high,strong,correct,5 Slightly Trust,Verify before taking action or using the information.,5 (Extremely serious),25–34,Female,Bachelor's degree in college (4-year),Weekly,Experienced User,Trust,Agree
R_3FQCKLFWOdt8FFW,4,9,34,3,high,strong,incorrect,6 Trust,Verify before taking action or using the information.,4,25–34,Female,Bachelor's degree in college (4-year),Weekly,Experienced User,Trust,Agree
R_3FQCKLFWOdt8FFW,4,10,35,4,high,none,correct,5 Slightly Trust,Verify before taking action or using the information.,4,25–34,Female,Bachelor's degree in college (4-year),Weekly,Experienced User,Trust,Agree
R_3FQCKLFWOdt8FFW,4,11,36,5,high,none,incorrect,5 Slightly Trust,Verify before taking action or using the information.,4,25–34,Female,Bachelor's degree in college (4-year),Weekly,Experienced User,Trust,Agree
R_3FQCKLFWOdt8FFW,4,12,37,6,high,weak,correct,5 Slightly Trust,Verify before taking action or using the information.,5 (Extremely serious),25–34,Female,Bachelor's degree in college (4-year),Weekly,Experienced User,Trust,Agree
R_1DYAfh2XdToCtfU,1,1,1,7,low,none,correct,1 Strongly Distrust,Verify before taking action or using the information.,3,25–34,Prefer not to say,Bachelor's degree in college (4-year),Never,Basic User,Strongly Distrust,Agree
R_1DYAfh2XdToCtfU,1,2,2,8,low,none,incorrect,1 Strongly Distrust,Reject — do not use the information or take the recommended action.,4,25–34,Prefer not to say,Bachelor's degree in college (4-year),Never,Basic User,Strongly Distrust,Agree
R_1DYAfh2XdToCtfU,1,3,3,9,low,weak,correct,1 Strongly Distrust,Verify before taking action or using the information.,3,25–34,Prefer not to say,Bachelor's degree in college (4-year),Never,Basic User,Strongly Distrust,Agree
R_1DYAfh2XdToCtfU,1,4,4,10,low,weak,incorrect,1 Strongly Distrust,Verify before taking action or using the information.,3,25–34,Prefer not to say,Bachelor's degree in college (4-year),Never,Basic User,Strongly Distrust,Agree
R_1DYAfh2XdToCtfU,1,5,5,11,low,strong,correct,1 Strongly Distrust,Verify before taking action or using the information.,2,25–34,Prefer not to say,Bachelor's degree in college (4-year),Never,Basic User,Strongly Distrust,Agree
R_1DYAfh2XdToCtfU,1,6,6,12,low,strong,incorrect,1 Strongly Distrust,Verify before taking action or using the information.,4,25–34,Prefer not to say,Bachelor's degree in college (4-year),Never,Basic User,Strongly Distrust,Agree
R_1DYAfh2XdToCtfU,1,7,7,1,high,none,correct,1 Strongly Distrust,Verify before taking action or using the information.,4,25–34,Prefer not to say,Bachelor's degree in college (4-year),Never,Basic User,Strongly Distrust,Agree
R_1DYAfh2XdToCtfU,1,8,8,2,high,none,incorrect,1 Strongly Distrust,Verify before taking action or using the information.,5 (Extremely serious),25–34,Prefer not to say,Bachelor's degree in college (4-year),Never,Basic User,Strongly Distrust,Agree
R_1DYAfh2XdToCtfU,1,9,9,3,high,weak,correct,1 Strongly Distrust,Verify before taking action or using the information.,5 (Extremely serious),25–34,Prefer not to say,Bachelor's degree in college (4-year),Never,Basic User,Strongly Distrust,Agree
R_1DYAfh2XdToCtfU,1,10,10,4,high,weak,incorrect,1 Strongly Distrust,Verify before taking action or using the information.,3,25–34,Prefer not to say,Bachelor's degree in college (4-year),Never,Basic User,Strongly Distrust,Agree
R_1DYAfh2XdToCtfU,1,11,11,5,high,strong,correct,1 Strongly Distrust,Verify before taking action or using the information.,4,25–34,Prefer not to say,Bachelor's degree in college (4-year),Never,Basic User,Strongly Distrust,Agree
R_1DYAfh2XdToCtfU,1,12,12,6,high,strong,incorrect,1 Strongly Distrust,Verify before taking action or using the information.,5 (Extremely serious),25–34,Prefer not to say,Bachelor's degree in college (4-year),Never,Basic User,Strongly Distrust,Agree
R_4I7efgK7NAW7Mtz,6,1,50,7,low,strong,incorrect,4 Neither trust nor distrust,Verify before taking action or using the information.,2,25–34,Male,Graduate or professional degree,Daily,Advanced Practitioner,Neither Trust nor Distrust,Agree
R_4I7efgK7NAW7Mtz,6,2,51,8,low,none,correct,4 Neither trust nor distrust,Verify before taking action or using the information.,3,25–34,Male,Graduate or professional degree,Daily,Advanced Practitioner,Neither Trust nor Distrust,Agree
R_4I7efgK7NAW7Mtz,6,3,52,9,low,none,incorrect,4 Neither trust nor distrust,Verify before taking action or using the information.,3,25–34,Male,Graduate or professional degree,Daily,Advanced Practitioner,Neither Trust nor Distrust,Agree
R_4I7efgK7NAW7Mtz,6,4,53,10,low,weak,correct,1 Strongly Distrust,Verify before taking action or using the information.,4,25–34,Male,Graduate or professional degree,Daily,Advanced Practitioner,Neither Trust nor Distrust,Agree
R_4I7efgK7NAW7Mtz,6,5,54,11,low,weak,incorrect,4 Neither trust nor distrust,Use the information or take the recommended action (do not double-check).,1 (Not serious at all),25–34,Male,Graduate or professional degree,Daily,Advanced Practitioner,Neither Trust nor Distrust,Agree
R_4I7efgK7NAW7Mtz,6,6,55,12,low,strong,correct,4 Neither trust nor distrust,Verify before taking action or using the information.,2,25–34,Male,Graduate or professional degree,Daily,Advanced Practitioner,Neither Trust nor Distrust,Agree
R_4I7efgK7NAW7Mtz,6,7,56,1,high,strong,incorrect,4 Neither trust nor distrust,Verify before taking action or using the information.,4,25–34,Male,Graduate or professional degree,Daily,Advanced Practitioner,Neither Trust nor Distrust,Agree
R_4I7efgK7NAW7Mtz,6,8,57,2,high,none,correct,5 Slightly Trust,Verify before taking action or using the information.,4,25–34,Male,Graduate or professional degree,Daily,Advanced Practitioner,Neither Trust nor Distrust,Agree
R_4I7efgK7NAW7Mtz,6,9,58,3,high,none,incorrect,2 Distrust,Reject — do not use the information or take the recommended action.,3,25–34,Male,Graduate or professional degree,Daily,Advanced Practitioner,Neither Trust nor Distrust,Agree
R_4I7efgK7NAW7Mtz,6,10,59,4,high,weak,correct,4 Neither trust nor distrust,Verify before taking action or using the information.,5 (Extremely serious),25–34,Male,Graduate or professional degree,Daily,Advanced Practitioner,Neither Trust nor Distrust,Agree
R_4I7efgK7NAW7Mtz,6,11,60,5,high,weak,incorrect,4 Neither trust nor distrust,Verify before taking action or using the information.,4,25–34,Male,Graduate or professional degree,Daily,Advanced Practitioner,Neither Trust nor Distrust,Agree
R_4I7efgK7NAW7Mtz,6,12,61,6,high,strong,correct,4 Neither trust nor distrust,Verify before taking action or using the information.,5 (Extremely serious),25–34,Male,Graduate or professional degree,Daily,Advanced Practitioner,Neither Trust nor Distrust,Agree
R_3UYWQRhDov3wfiF,1,1,1,7,low,none,correct,6 Trust,Verify before taking action or using the information.,3,35–44,Prefer not to say,Graduate or professional degree,Daily,Advanced Practitioner,Trust,Agree
R_3UYWQRhDov3wfiF,1,2,2,8,low,none,incorrect,6 Trust,Verify before taking action or using the information.,5 (Extremely serious),35–44,Prefer not to say,Graduate or professional degree,Daily,Advanced Practitioner,Trust,Agree
R_3UYWQRhDov3wfiF,1,3,3,9,low,weak,correct,5 Slightly Trust,Verify before taking action or using the information.,1 (Not serious at all),35–44,Prefer not to say,Graduate or professional degree,Daily,Advanced Practitioner,Trust,Agree
R_3UYWQRhDov3wfiF,1,4,4,10,low,weak,incorrect,5 Slightly Trust,Verify before taking action or using the information.,5 (Extremely serious),35–44,Prefer not to say,Graduate or professional degree,Daily,Advanced Practitioner,Trust,Agree
R_3UYWQRhDov3wfiF,1,5,5,11,low,strong,correct,1 Strongly Distrust,Reject — do not use the information or take the recommended action.,1 (Not serious at all),35–44,Prefer not to say,Graduate or professional degree,Daily,Advanced Practitioner,Trust,Agree
R_3UYWQRhDov3wfiF,1,6,6,12,low,strong,incorrect,7 Strongly Trust,Use the information or take the recommended action (do not double-check).,1 (Not serious at all),35–44,Prefer not to say,Graduate or professional degree,Daily,Advanced Practitioner,Trust,Agree
R_3UYWQRhDov3wfiF,1,7,7,1,high,none,correct,4 (Neither trust nor distrust),Verify before taking action or using the information.,5 (Extremely serious),35–44,Prefer not to say,Graduate or professional degree,Daily,Advanced Practitioner,Trust,Agree
R_3UYWQRhDov3wfiF,1,8,8,2,high,none,incorrect,3 Slightly Distrust,Reject — do not use the information or take the recommended action.,5 (Extremely serious),35–44,Prefer not to say,Graduate or professional degree,Daily,Advanced Practitioner,Trust,Agree
R_3UYWQRhDov3wfiF,1,9,9,3,high,weak,correct,5 Slightly Trust,Use the information or take the recommended action (do not double-check).,3,35–44,Prefer not to say,Graduate or professional degree,Daily,Advanced Practitioner,Trust,Agree
R_3UYWQRhDov3wfiF,1,10,10,4,high,weak,incorrect,4 (Neither trust nor distrust),Verify before taking action or using the information.,5 (Extremely serious),35–44,Prefer not to say,Graduate or professional degree,Daily,Advanced Practitioner,Trust,Agree
R_3UYWQRhDov3wfiF,1,11,11,5,high,strong,correct,4 (Neither trust nor distrust),Verify before taking action or using the information.,5 (Extremely serious),35–44,Prefer not to say,Graduate or professional degree,Daily,Advanced Practitioner,Trust,Agree
R_3UYWQRhDov3wfiF,1,12,12,6,high,strong,incorrect,4 (Neither trust nor distrust),Verify before taking action or using the information.,5 (Extremely serious),35–44,Prefer not to say,Graduate or professional degree,Daily,Advanced Practitioner,Trust,Agree
R_20MqYJQY8YjYqln,5,1,38,7,low,strong,correct,5 Slightly Trust,Use the information or take the recommended action (do not double-check).,1 (Not serious at all),25–34,Non-binary,Bachelor's degree in college (4-year),Daily,Experienced User,Distrust,Agree
R_20MqYJQY8YjYqln,5,2,39,8,low,strong,incorrect,6 Trust,Use the information or take the recommended action (do not double-check).,1 (Not serious at all),25–34,Non-binary,Bachelor's degree in college (4-year),Daily,Experienced User,Distrust,Agree
R_20MqYJQY8YjYqln,5,3,40,9,low,none,correct,7 Strongly Trust,Use the information or take the recommended action (do not double-check).,1 (Not serious at all),25–34,Non-binary,Bachelor's degree in college (4-year),Daily,Experienced User,Distrust,Agree
R_20MqYJQY8YjYqln,5,4,41,10,low,none,incorrect,1 Strongly Distrust,Reject — do not use the information or take the recommended action.,1 (Not serious at all),25–34,Non-binary,Bachelor's degree in college (4-year),Daily,Experienced User,Distrust,Agree
R_20MqYJQY8YjYqln,5,5,42,11,low,weak,correct,3 Slightly Distrust,Reject — do not use the information or take the recommended action.,1 (Not serious at all),25–34,Non-binary,Bachelor's degree in college (4-year),Daily,Experienced User,Distrust,Agree
R_20MqYJQY8YjYqln,5,6,43,12,low,weak,incorrect,1 Strongly Distrust,Reject — do not use the information or take the recommended action.,1 (Not serious at all),25–34,Non-binary,Bachelor's degree in college (4-year),Daily,Experienced User,Distrust,Agree
R_20MqYJQY8YjYqln,5,7,44,1,high,strong,correct,6 Trust,Verify before taking action or using the information.,3,25–34,Non-binary,Bachelor's degree in college (4-year),Daily,Experienced User,Distrust,Agree
R_20MqYJQY8YjYqln,5,8,45,2,high,strong,incorrect,1 Strongly Distrust,Reject — do not use the information or take the recommended action.,5 (Extremely serious),25–34,Non-binary,Bachelor's degree in college (4-year),Daily,Experienced User,Distrust,Agree
R_20MqYJQY8YjYqln,5,9,46,3,high,none,correct,4 Neither trust nor distrust,Verify before taking action or using the information.,4,25–34,Non-binary,Bachelor's degree in college (4-year),Daily,Experienced User,Distrust,Agree
R_20MqYJQY8YjYqln,5,10,47,4,high,none,incorrect,1 Strongly Distrust,Reject — do not use the information or take the recommended action.,2,25–34,Non-binary,Bachelor's degree in college (4-year),Daily,Experienced User,Distrust,Agree
R_20MqYJQY8YjYqln,5,11,48,5,high,weak,correct,2 Distrust,Verify before taking action or using the information.,2,25–34,Non-binary,Bachelor's degree in college (4-year),Daily,Experienced User,Distrust,Agree
R_20MqYJQY8YjYqln,5,12,49,6,high,weak,incorrect,2 Distrust,Verify before taking action or using the information.,4,25–34,Non-binary,Bachelor's degree in college (4-year),Daily,Experienced User,Distrust,Agree
R_6fBVLZewZBwnSs9,4,1,26,7,low,weak,incorrect,4 Neither trust nor distrust,Verify before taking action or using the information.,1 (Not serious at all),45–54,Male,Graduate or professional degree,Daily,Advanced Practitioner,Trust,Agree
R_6fBVLZewZBwnSs9,4,2,27,8,low,strong,correct,6 Trust,Verify before taking action or using the information.,3,45–54,Male,Graduate or professional degree,Daily,Advanced Practitioner,Trust,Agree
R_6fBVLZewZBwnSs9,4,3,28,9,low,strong,incorrect,7 Strongly Trust,Use the information or take the recommended action (do not double-check).,1 (Not serious at all),45–54,Male,Graduate or professional degree,Daily,Advanced Practitioner,Trust,Agree
R_6fBVLZewZBwnSs9,4,4,29,10,low,none,correct,4 Neither trust nor distrust,Verify before taking action or using the information.,3,45–54,Male,Graduate or professional degree,Daily,Advanced Practitioner,Trust,Agree
R_6fBVLZewZBwnSs9,4,5,30,11,low,none,incorrect,2 Distrust,Reject — do not use the information or take the recommended action.,1 (Not serious at all),45–54,Male,Graduate or professional degree,Daily,Advanced Practitioner,Trust,Agree
R_6fBVLZewZBwnSs9,4,6,31,12,low,weak,correct,5 Slightly Trust,Verify before taking action or using the information.,1 (Not serious at all),45–54,Male,Graduate or professional degree,Daily,Advanced Practitioner,Trust,Agree
R_6fBVLZewZBwnSs9,4,7,32,1,high,weak,incorrect,6 Trust,Verify before taking action or using the information.,5 (Extremely serious),45–54,Male,Graduate or professional degree,Daily,Advanced Practitioner,Trust,Agree
R_6fBVLZewZBwnSs9,4,8,33,2,high,strong,correct,6 Trust,Verify before taking action or using the information.,4,45–54,Male,Graduate or professional degree,Daily,Advanced Practitioner,Trust,Agree
R_6fBVLZewZBwnSs9,4,9,34,3,high,strong,incorrect,2 Distrust,Reject — do not use the information or take the recommended action.,4,45–54,Male,Graduate or professional degree,Daily,Advanced Practitioner,Trust,Agree
R_6fBVLZewZBwnSs9,4,10,35,4,high,none,correct,6 Trust,Use the information or take the recommended action (do not double-check).,2,45–54,Male,Graduate or professional degree,Daily,Advanced Practitioner,Trust,Agree
R_6fBVLZewZBwnSs9,4,11,36,5,high,none,incorrect,3 Slightly Distrust,Reject — do not use the information or take the recommended action.,3,45–54,Male,Graduate or professional degree,Daily,Advanced Practitioner,Trust,Agree
R_6fBVLZewZBwnSs9,4,12,37,6,high,weak,correct,3 Slightly Distrust,Verify before taking action or using the information.,4,45–54,Male,Graduate or professional degree,Daily,Advanced Practitioner,Trust,Agree
R_1KfMtgr6qxpz22O,3,1,14,7,low,weak,correct,7 Strongly Trust,Use the information or take the recommended action (do not double-check).,1 (Not serious at all),55–64,Female,Graduate or professional degree,Daily,Advanced Practitioner,Neither Trust nor Distrust,Agree
R_1KfMtgr6qxpz22O,3,2,15,8,low,weak,incorrect,6 Trust,Verify before taking action or using the information.,2,55–64,Female,Graduate or professional degree,Daily,Advanced Practitioner,Neither Trust nor Distrust,Agree
R_1KfMtgr6qxpz22O,3,3,16,9,low,strong,correct,7 Strongly Trust,Use the information or take the recommended action (do not double-check).,2,55–64,Female,Graduate or professional degree,Daily,Advanced Practitioner,Neither Trust nor Distrust,Agree
R_1KfMtgr6qxpz22O,3,4,17,10,low,strong,incorrect,6 Trust,Verify before taking action or using the information.,3,55–64,Female,Graduate or professional degree,Daily,Advanced Practitioner,Neither Trust nor Distrust,Agree
R_1KfMtgr6qxpz22O,3,5,18,11,low,none,correct,6 Trust,Use the information or take the recommended action (do not double-check).,1 (Not serious at all),55–64,Female,Graduate or professional degree,Daily,Advanced Practitioner,Neither Trust nor Distrust,Agree
R_1KfMtgr6qxpz22O,3,6,19,12,low,none,incorrect,4 Neither trust nor distrust,Verify before taking action or using the information.,1 (Not serious at all),55–64,Female,Graduate or professional degree,Daily,Advanced Practitioner,Neither Trust nor Distrust,Agree
R_1KfMtgr6qxpz22O,3,7,20,1,high,weak,correct,7 Strongly Trust,Use the information or take the recommended action (do not double-check).,3,55–64,Female,Graduate or professional degree,Daily,Advanced Practitioner,Neither Trust nor Distrust,Agree
R_1KfMtgr6qxpz22O,3,8,21,2,high,weak,incorrect,7 Strongly Trust,Use the information or take the recommended action (do not double-check).,4,55–64,Female,Graduate or professional degree,Daily,Advanced Practitioner,Neither Trust nor Distrust,Agree
R_1KfMtgr6qxpz22O,3,9,22,3,high,strong,correct,7 Strongly Trust,Use the information or take the recommended action (do not double-check).,4,55–64,Female,Graduate or professional degree,Daily,Advanced Practitioner,Neither Trust nor Distrust,Agree
R_1KfMtgr6qxpz22O,3,10,23,4,high,strong,incorrect,7 Strongly Trust,Verify before taking action or using the information.,4,55–64,Female,Graduate or professional degree,Daily,Advanced Practitioner,Neither Trust nor Distrust,Agree
R_1KfMtgr6qxpz22O,3,11,24,5,high,none,correct,2 Distrust,Verify before taking action or using the information.,3,55–64,Female,Graduate or professional degree,Daily,Advanced Practitioner,Neither Trust nor Distrust,Agree
R_1KfMtgr6qxpz22O,3,12,25,6,high,none,incorrect,2 Distrust,Verify before taking action or using the information.,3,55–64,Female,Graduate or professional degree,Daily,Advanced Practitioner,Neither Trust nor Distrust,Agree
R_2YxhgeceXlWYi8r,6,1,50,7,low,strong,incorrect,6 Trust,Use the information or take the recommended action (do not double-check).,1 (Not serious at all),25–34,Male,Bachelor's degree in college (4-year),Daily,Expert/Specialist,Trust,Agree
R_2YxhgeceXlWYi8r,6,2,51,8,low,none,correct,5 Slightly Trust,Verify before taking action or using the information.,3,25–34,Male,Bachelor's degree in college (4-year),Daily,Expert/Specialist,Trust,Agree
R_2YxhgeceXlWYi8r,6,3,52,9,low,none,incorrect,6 Trust,Use the information or take the recommended action (do not double-check).,1 (Not serious at all),25–34,Male,Bachelor's degree in college (4-year),Daily,Expert/Specialist,Trust,Agree
R_2YxhgeceXlWYi8r,6,4,53,10,low,weak,correct,6 Trust,Verify before taking action or using the information.,2,25–34,Male,Bachelor's degree in college (4-year),Daily,Expert/Specialist,Trust,Agree
R_2YxhgeceXlWYi8r,6,5,54,11,low,weak,incorrect,6 Trust,Use the information or take the recommended action (do not double-check).,1 (Not serious at all),25–34,Male,Bachelor's degree in college (4-year),Daily,Expert/Specialist,Trust,Agree
R_2YxhgeceXlWYi8r,6,6,55,12,low,strong,correct,7 Strongly Trust,Use the information or take the recommended action (do not double-check).,1 (Not serious at all),25–34,Male,Bachelor's degree in college (4-year),Daily,Expert/Specialist,Trust,Agree
R_2YxhgeceXlWYi8r,6,7,56,1,high,strong,incorrect,6 Trust,Verify before taking action or using the information.,2,25–34,Male,Bachelor's degree in college (4-year),Daily,Expert/Specialist,Trust,Agree
R_2YxhgeceXlWYi8r,6,8,57,2,high,none,correct,1 Strongly Distrust,Reject — do not use the information or take the recommended action.,5 (Extremely serious),25–34,Male,Bachelor's degree in college (4-year),Daily,Expert/Specialist,Trust,Agree
R_2YxhgeceXlWYi8r,6,9,58,3,high,none,incorrect,6 Trust,Use the information or take the recommended action (do not double-check).,1 (Not serious at all),25–34,Male,Bachelor's degree in college (4-year),Daily,Expert/Specialist,Trust,Agree
R_2YxhgeceXlWYi8r,6,10,59,4,high,weak,correct,6 Trust,Verify before taking action or using the information.,4,25–34,Male,Bachelor's degree in college (4-year),Daily,Expert/Specialist,Trust,Agree
R_2YxhgeceXlWYi8r,6,11,60,5,high,weak,incorrect,6 Trust,Use the information or take the recommended action (do not double-check).,2,25–34,Male,Bachelor's degree in college (4-year),Daily,Expert/Specialist,Trust,Agree
R_2YxhgeceXlWYi8r,6,12,61,6,high,strong,correct,6 Trust,Verify before taking action or using the information.,3,25–34,Male,Bachelor's degree in college (4-year),Daily,Expert/Specialist,Trust,Agree
R_vP8B7Ik7VMCY4Cd,4,1,26,7,low,weak,incorrect,5 Slightly Trust,Verify before taking action or using the information.,2,45–54,Male,Bachelor's degree in college (4-year),Daily,Experienced User,Trust,Agree
R_vP8B7Ik7VMCY4Cd,4,2,27,8,low,strong,correct,3 Slightly Distrust,Verify before taking action or using the information.,3,45–54,Male,Bachelor's degree in college (4-year),Daily,Experienced User,Trust,Agree
R_vP8B7Ik7VMCY4Cd,4,3,28,9,low,strong,incorrect,6 Trust,Use the information or take the recommended action (do not double-check).,2,45–54,Male,Bachelor's degree in college (4-year),Daily,Experienced User,Trust,Agree
R_vP8B7Ik7VMCY4Cd,4,4,29,10,low,none,correct,6 Trust,Verify before taking action or using the information.,4,45–54,Male,Bachelor's degree in college (4-year),Daily,Experienced User,Trust,Agree
R_vP8B7Ik7VMCY4Cd,4,5,30,11,low,none,incorrect,6 Trust,Use the information or take the recommended action (do not double-check).,1 (Not serious at all),45–54,Male,Bachelor's degree in college (4-year),Daily,Experienced User,Trust,Agree
R_vP8B7Ik7VMCY4Cd,4,6,31,12,low,weak,correct,6 Trust,Use the information or take the recommended action (do not double-check).,2,45–54,Male,Bachelor's degree in college (4-year),Daily,Experienced User,Trust,Agree
R_vP8B7Ik7VMCY4Cd,4,7,32,1,high,weak,incorrect,5 Slightly Trust,Verify before taking action or using the information.,4,45–54,Male,Bachelor's degree in college (4-year),Daily,Experienced User,Trust,Agree
R_vP8B7Ik7VMCY4Cd,4,8,33,2,high,strong,correct,5 Slightly Trust,Verify before taking action or using the information.,5 (Extremely serious),45–54,Male,Bachelor's degree in college (4-year),Daily,Experienced User,Trust,Agree
R_vP8B7Ik7VMCY4Cd,4,9,34,3,high,strong,incorrect,3 Slightly Distrust,Verify before taking action or using the information.,4,45–54,Male,Bachelor's degree in college (4-year),Daily,Experienced User,Trust,Agree
R_vP8B7Ik7VMCY4Cd,4,10,35,4,high,none,correct,6 Trust,Use the information or take the recommended action (do not double-check).,3,45–54,Male,Bachelor's degree in college (4-year),Daily,Experienced User,Trust,Agree
R_vP8B7Ik7VMCY4Cd,4,11,36,5,high,none,incorrect,5 Slightly Trust,Verify before taking action or using the information.,3,45–54,Male,Bachelor's degree in college (4-year),Daily,Experienced User,Trust,Agree
R_vP8B7Ik7VMCY4Cd,4,12,37,6,high,weak,correct,5 Slightly Trust,Verify before taking action or using the information.,4,45–54,Male,Bachelor's degree in college (4-year),Daily,Experienced User,Trust,Agree
R_2xXnZhhLbiRRDuv,6,1,50,7,low,strong,incorrect,5 Slightly Trust,Use the information or take the recommended action (do not double-check).,2,45–54,Male,Graduate or professional degree,Daily,Advanced Practitioner,Neither Trust nor Distrust,Agree
R_2xXnZhhLbiRRDuv,6,2,51,8,low,none,correct,5 Slightly Trust,Verify before taking action or using the information.,3,45–54,Male,Graduate or professional degree,Daily,Advanced Practitioner,Neither Trust nor Distrust,Agree
R_2xXnZhhLbiRRDuv,6,3,52,9,low,none,incorrect,5 Slightly Trust,Use the information or take the recommended action (do not double-check).,2,45–54,Male,Graduate or professional degree,Daily,Advanced Practitioner,Neither Trust nor Distrust,Agree
R_2xXnZhhLbiRRDuv,6,4,53,10,low,weak,correct,5 Slightly Trust,Verify before taking action or using the information.,2,45–54,Male,Graduate or professional degree,Daily,Advanced Practitioner,Neither Trust nor Distrust,Agree
R_2xXnZhhLbiRRDuv,6,5,54,11,low,weak,incorrect,5 Slightly Trust,Verify before taking action or using the information.,3,45–54,Male,Graduate or professional degree,Daily,Advanced Practitioner,Neither Trust nor Distrust,Agree
R_2xXnZhhLbiRRDuv,6,6,55,12,low,strong,correct,5 Slightly Trust,Use the information or take the recommended action (do not double-check).,2,45–54,Male,Graduate or professional degree,Daily,Advanced Practitioner,Neither Trust nor Distrust,Agree
R_2xXnZhhLbiRRDuv,6,7,56,1,high,strong,incorrect,5 Slightly Trust,Verify before taking action or using the information.,4,45–54,Male,Graduate or professional degree,Daily,Advanced Practitioner,Neither Trust nor Distrust,Agree
R_2xXnZhhLbiRRDuv,6,8,57,2,high,none,correct,5 Slightly Trust,Verify before taking action or using the information.,4,45–54,Male,Graduate or professional degree,Daily,Advanced Practitioner,Neither Trust nor Distrust,Agree
R_2xXnZhhLbiRRDuv,6,9,58,3,high,none,incorrect,5 Slightly Trust,Use the information or take the recommended action (do not double-check).,3,45–54,Male,Graduate or professional degree,Daily,Advanced Practitioner,Neither Trust nor Distrust,Agree
R_2xXnZhhLbiRRDuv,6,10,59,4,high,weak,correct,5 Slightly Trust,Use the information or take the recommended action (do not double-check).,3,45–54,Male,Graduate or professional degree,Daily,Advanced Practitioner,Neither Trust nor Distrust,Agree
R_2xXnZhhLbiRRDuv,6,11,60,5,high,weak,incorrect,5 Slightly Trust,Verify before taking action or using the information.,3,45–54,Male,Graduate or professional degree,Daily,Advanced Practitioner,Neither Trust nor Distrust,Agree
R_2xXnZhhLbiRRDuv,6,12,61,6,high,strong,correct,5 Slightly Trust,Verify before taking action or using the information.,4,45–54,Male,Graduate or professional degree,Daily,Advanced Practitioner,Neither Trust nor Distrust,Agree
R_ptkaDCAFKBgfCNP,5,1,38,7,low,strong,correct,3 Slightly Distrust,Verify before taking action or using the information.,3,45–54,Female,Graduate or professional degree,Monthly,Basic User,Distrust,Agree
R_ptkaDCAFKBgfCNP,5,2,39,8,low,strong,incorrect,4 Neither trust nor distrust,Verify before taking action or using the information.,3,45–54,Female,Graduate or professional degree,Monthly,Basic User,Distrust,Agree
R_ptkaDCAFKBgfCNP,5,3,40,9,low,none,correct,5 Slightly Trust,Use the information or take the recommended action (do not double-check).,2,45–54,Female,Graduate or professional degree,Monthly,Basic User,Distrust,Agree
R_ptkaDCAFKBgfCNP,5,4,41,10,low,none,incorrect,3 Slightly Distrust,Verify before taking action or using the information.,3,45–54,Female,Graduate or professional degree,Monthly,Basic User,Distrust,Agree
R_ptkaDCAFKBgfCNP,5,5,42,11,low,weak,correct,4 Neither trust nor distrust,Verify before taking action or using the information.,1 (Not serious at all),45–54,Female,Graduate or professional degree,Monthly,Basic User,Distrust,Agree
R_ptkaDCAFKBgfCNP,5,6,43,12,low,weak,incorrect,5 Slightly Trust,Use the information or take the recommended action (do not double-check).,1 (Not serious at all),45–54,Female,Graduate or professional degree,Monthly,Basic User,Distrust,Agree
R_ptkaDCAFKBgfCNP,5,7,44,1,high,strong,correct,4 Neither trust nor distrust,Verify before taking action or using the information.,4,45–54,Female,Graduate or professional degree,Monthly,Basic User,Distrust,Agree
R_ptkaDCAFKBgfCNP,5,8,45,2,high,strong,incorrect,5 Slightly Trust,Verify before taking action or using the information.,5 (Extremely serious),45–54,Female,Graduate or professional degree,Monthly,Basic User,Distrust,Agree
R_ptkaDCAFKBgfCNP,5,9,46,3,high,none,correct,5 Slightly Trust,Use the information or take the recommended action (do not double-check).,3,45–54,Female,Graduate or professional degree,Monthly,Basic User,Distrust,Agree
R_ptkaDCAFKBgfCNP,5,10,47,4,high,none,incorrect,4 Neither trust nor distrust,Verify before taking action or using the information.,5 (Extremely serious),45–54,Female,Graduate or professional degree,Monthly,Basic User,Distrust,Agree
R_ptkaDCAFKBgfCNP,5,11,48,5,high,weak,correct,4 Neither trust nor distrust,Verify before taking action or using the information.,4,45–54,Female,Graduate or professional degree,Monthly,Basic User,Distrust,Agree
R_ptkaDCAFKBgfCNP,5,12,49,6,high,weak,incorrect,4 Neither trust nor distrust,Verify before taking action or using the information.,5 (Extremely serious),45–54,Female,Graduate or professional degree,Monthly,Basic User,Distrust,Agree
R_3hGVLKDHO8Co9My,2,1,2,7,low,none,incorrect,2 Distrust,Verify before taking action or using the information.,2,35–44,Male,Bachelor's degree in college (4-year),Weekly,Advanced Practitioner,Neither Trust nor Distrust,Agree
R_3hGVLKDHO8Co9My,2,2,3,8,low,weak,correct,3 Slightly Distrust,Verify before taking action or using the information.,3,35–44,Male,Bachelor's degree in college (4-year),Weekly,Advanced Practitioner,Neither Trust nor Distrust,Agree
R_3hGVLKDHO8Co9My,2,3,4,9,low,weak,incorrect,5 Slightly Trust,Use the information or take the recommended action (do not double-check).,1 (Not serious at all),35–44,Male,Bachelor's degree in college (4-year),Weekly,Advanced Practitioner,Neither Trust nor Distrust,Agree
R_3hGVLKDHO8Co9My,2,4,5,10,low,strong,correct,2 Distrust,Verify before taking action or using the information.,4,35–44,Male,Bachelor's degree in college (4-year),Weekly,Advanced Practitioner,Neither Trust nor Distrust,Agree
R_3hGVLKDHO8Co9My,2,5,6,11,low,strong,incorrect,4 Neither trust nor distrust,Verify before taking action or using the information.,2,35–44,Male,Bachelor's degree in college (4-year),Weekly,Advanced Practitioner,Neither Trust nor Distrust,Agree
R_3hGVLKDHO8Co9My,2,6,7,12,low,none,correct,5 Slightly Trust,Verify before taking action or using the information.,2,35–44,Male,Bachelor's degree in college (4-year),Weekly,Advanced Practitioner,Neither Trust nor Distrust,Agree
R_3hGVLKDHO8Co9My,2,7,8,1,high,none,incorrect,2 Distrust,Verify before taking action or using the information.,4,35–44,Male,Bachelor's degree in college (4-year),Weekly,Advanced Practitioner,Neither Trust nor Distrust,Agree
R_3hGVLKDHO8Co9My,2,8,9,2,high,weak,correct,1 Strongly Distrust,Verify before taking action or using the information.,5 (Extremely serious),35–44,Male,Bachelor's degree in college (4-year),Weekly,Advanced Practitioner,Neither Trust nor Distrust,Agree
R_3hGVLKDHO8Co9My,2,9,10,3,high,weak,incorrect,1 Strongly Distrust,Reject — do not use the information or take the recommended action.,4,35–44,Male,Bachelor's degree in college (4-year),Weekly,Advanced Practitioner,Neither Trust nor Distrust,Agree
R_3hGVLKDHO8Co9My,2,10,11,4,high,strong,correct,5 Slightly Trust,Verify before taking action or using the information.,5 (Extremely serious),35–44,Male,Bachelor's degree in college (4-year),Weekly,Advanced Practitioner,Neither Trust nor Distrust,Agree
R_3hGVLKDHO8Co9My,2,11,12,5,high,strong,incorrect,3 Slightly Distrust,Verify before taking action or using the information.,4,35–44,Male,Bachelor's degree in college (4-year),Weekly,Advanced Practitioner,Neither Trust nor Distrust,Agree
R_3hGVLKDHO8Co9My,2,12,13,6,high,none,correct,2 Distrust,Verify before taking action or using the information.,4,35–44,Male,Bachelor's degree in college (4-year),Weekly,Advanced Practitioner,Neither Trust nor Distrust,Agree
R_1CDXV7gP8Kzc0H8,1,1,1,7,low,none,correct,2 Distrust,Reject — do not use the information or take the recommended action.,2,55–64,Female,Graduate or professional degree,Daily,Basic User,Neither Trust nor Distrust,Agree
R_1CDXV7gP8Kzc0H8,1,2,2,8,low,none,incorrect,2 Distrust,Reject — do not use the information or take the recommended action.,3,55–64,Female,Graduate or professional degree,Daily,Basic User,Neither Trust nor Distrust,Agree
R_1CDXV7gP8Kzc0H8,1,3,3,9,low,weak,correct,5 Slightly Trust,Verify before taking action or using the information.,2,55–64,Female,Graduate or professional degree,Daily,Basic User,Neither Trust nor Distrust,Agree
R_1CDXV7gP8Kzc0H8,1,4,4,10,low,weak,incorrect,3 Slightly Distrust,Verify before taking action or using the information.,3,55–64,Female,Graduate or professional degree,Daily,Basic User,Neither Trust nor Distrust,Agree
R_1CDXV7gP8Kzc0H8,1,5,5,11,low,strong,correct,7 Strongly Trust,Use the information or take the recommended action (do not double-check).,1 (Not serious at all),55–64,Female,Graduate or professional degree,Daily,Basic User,Neither Trust nor Distrust,Agree
R_1CDXV7gP8Kzc0H8,1,6,6,12,low,strong,incorrect,7 Strongly Trust,Use the information or take the recommended action (do not double-check).,1 (Not serious at all),55–64,Female,Graduate or professional degree,Daily,Basic User,Neither Trust nor Distrust,Agree
R_1CDXV7gP8Kzc0H8,1,7,7,1,high,none,correct,3 Slightly Distrust,Verify before taking action or using the information.,4,55–64,Female,Graduate or professional degree,Daily,Basic User,Neither Trust nor Distrust,Agree
R_1CDXV7gP8Kzc0H8,1,8,8,2,high,none,incorrect,2 Distrust,Reject — do not use the information or take the recommended action.,5 (Extremely serious),55–64,Female,Graduate or professional degree,Daily,Basic User,Neither Trust nor Distrust,Agree
R_1CDXV7gP8Kzc0H8,1,9,9,3,high,weak,correct,5 Slightly Trust,Verify before taking action or using the information.,3,55–64,Female,Graduate or professional degree,Daily,Basic User,Neither Trust nor Distrust,Agree
R_1CDXV7gP8Kzc0H8,1,10,10,4,high,weak,incorrect,3 Slightly Distrust,Verify before taking action or using the information.,5 (Extremely serious),55–64,Female,Graduate or professional degree,Daily,Basic User,Neither Trust nor Distrust,Agree
R_1CDXV7gP8Kzc0H8,1,11,11,5,high,strong,correct,6 Trust,Verify before taking action or using the information.,4,55–64,Female,Graduate or professional degree,Daily,Basic User,Neither Trust nor Distrust,Agree
R_1CDXV7gP8Kzc0H8,1,12,12,6,high,strong,incorrect,6 Trust,Verify before taking action or using the information.,5 (Extremely serious),55–64,Female,Graduate or professional degree,Daily,Basic User,Neither Trust nor Distrust,Agree
R_3jSW0QA9eg5oE1o,2,1,2,7,low,none,incorrect,1 Strongly Distrust,Reject — do not use the information or take the recommended action.,3,18–24,Female,Bachelor's degree in college (4-year),Daily,Experienced User,Trust,Agree
R_3jSW0QA9eg5oE1o,2,2,3,8,low,weak,correct,2 Distrust,Reject — do not use the information or take the recommended action.,2,18–24,Female,Bachelor's degree in college (4-year),Daily,Experienced User,Trust,Agree
R_3jSW0QA9eg5oE1o,2,3,4,9,low,weak,incorrect,6 Trust,Use the information or take the recommended action (do not double-check).,2,18–24,Female,Bachelor's degree in college (4-year),Daily,Experienced User,Trust,Agree
R_3jSW0QA9eg5oE1o,2,4,5,10,low,strong,correct,3 Slightly Distrust,Verify before taking action or using the information.,5 (Extremely serious),18–24,Female,Bachelor's degree in college (4-year),Daily,Experienced User,Trust,Agree
R_3jSW0QA9eg5oE1o,2,5,6,11,low,strong,incorrect,4 Neither trust nor distrust,Verify before taking action or using the information.,2,18–24,Female,Bachelor's degree in college (4-year),Daily,Experienced User,Trust,Agree
R_3jSW0QA9eg5oE1o,2,6,7,12,low,none,correct,7 Strongly Trust,Use the information or take the recommended action (do not double-check).,1 (Not serious at all),18–24,Female,Bachelor's degree in college (4-year),Daily,Experienced User,Trust,Agree
R_3jSW0QA9eg5oE1o,2,7,8,1,high,none,incorrect,4 Neither trust nor distrust,Verify before taking action or using the information.,4,18–24,Female,Bachelor's degree in college (4-year),Daily,Experienced User,Trust,Agree
R_3jSW0QA9eg5oE1o,2,8,9,2,high,weak,correct,5 Slightly Trust,Verify before taking action or using the information.,5 (Extremely serious),18–24,Female,Bachelor's degree in college (4-year),Daily,Experienced User,Trust,Agree
R_3jSW0QA9eg5oE1o,2,9,10,3,high,weak,incorrect,5 Slightly Trust,Verify before taking action or using the information.,4,18–24,Female,Bachelor's degree in college (4-year),Daily,Experienced User,Trust,Agree
R_3jSW0QA9eg5oE1o,2,10,11,4,high,strong,correct,5 Slightly Trust,Verify before taking action or using the information.,4,18–24,Female,Bachelor's degree in college (4-year),Daily,Experienced User,Trust,Agree
R_3jSW0QA9eg5oE1o,2,11,12,5,high,strong,incorrect,6 Trust,Verify before taking action or using the information.,4,18–24,Female,Bachelor's degree in college (4-year),Daily,Experienced User,Trust,Agree
R_3jSW0QA9eg5oE1o,2,12,13,6,high,none,correct,4 Neither trust nor distrust,Verify before taking action or using the information.,5 (Extremely serious),18–24,Female,Bachelor's degree in college (4-year),Daily,Experienced User,Trust,Agree
R_TvCnpXgdzFVd7Sp,3,1,14,7,low,weak,correct,6 Trust,Verify before taking action or using the information.,3,25–34,Male,Bachelor's degree in college (4-year),Daily,Experienced User,Trust,Agree
R_TvCnpXgdzFVd7Sp,3,2,15,8,low,weak,incorrect,6 Trust,Verify before taking action or using the information.,3,25–34,Male,Bachelor's degree in college (4-year),Daily,Experienced User,Trust,Agree
R_TvCnpXgdzFVd7Sp,3,3,16,9,low,strong,correct,6 Trust,Verify before taking action or using the information.,3,25–34,Male,Bachelor's degree in college (4-year),Daily,Experienced User,Trust,Agree
R_TvCnpXgdzFVd7Sp,3,4,17,10,low,strong,incorrect,6 Trust,Verify before taking action or using the information.,3,25–34,Male,Bachelor's degree in college (4-year),Daily,Experienced User,Trust,Agree
R_TvCnpXgdzFVd7Sp,3,5,18,11,low,none,correct,6 Trust,Verify before taking action or using the information.,1 (Not serious at all),25–34,Male,Bachelor's degree in college (4-year),Daily,Experienced User,Trust,Agree
R_TvCnpXgdzFVd7Sp,3,6,19,12,low,none,incorrect,6 Trust,Use the information or take the recommended action (do not double-check).,1 (Not serious at all),25–34,Male,Bachelor's degree in college (4-year),Daily,Experienced User,Trust,Agree
R_TvCnpXgdzFVd7Sp,3,7,20,1,high,weak,correct,6 Trust,Verify before taking action or using the information.,4,25–34,Male,Bachelor's degree in college (4-year),Daily,Experienced User,Trust,Agree
R_TvCnpXgdzFVd7Sp,3,8,21,2,high,weak,incorrect,6 Trust,Verify before taking action or using the information.,3,25–34,Male,Bachelor's degree in college (4-year),Daily,Experienced User,Trust,Agree
R_TvCnpXgdzFVd7Sp,3,9,22,3,high,strong,correct,6 Trust,Verify before taking action or using the information.,3,25–34,Male,Bachelor's degree in college (4-year),Daily,Experienced User,Trust,Agree
R_TvCnpXgdzFVd7Sp,3,10,23,4,high,strong,incorrect,6 Trust,Verify before taking action or using the information.,3,25–34,Male,Bachelor's degree in college (4-year),Daily,Experienced User,Trust,Agree
R_TvCnpXgdzFVd7Sp,3,11,24,5,high,none,correct,6 Trust,Verify before taking action or using the information.,3,25–34,Male,Bachelor's degree in college (4-year),Daily,Experienced User,Trust,Agree
R_TvCnpXgdzFVd7Sp,3,12,25,6,high,none,incorrect,6 Trust,Verify before taking action or using the information.,4,25–34,Male,Bachelor's degree in college (4-year),Daily,Experienced User,Trust,Agree
R_1Dr4cMiWXAtzSxf,6,1,50,7,low,strong,incorrect,6 Trust,Verify before taking action or using the information.,1 (Not serious at all),45–54,Male,Graduate or professional degree,Daily,Expert/Specialist,Distrust,Agree
R_1Dr4cMiWXAtzSxf,6,2,51,8,low,none,correct,4 Neither trust nor distrust,Verify before taking action or using the information.,2,45–54,Male,Graduate or professional degree,Daily,Expert/Specialist,Distrust,Agree
R_1Dr4cMiWXAtzSxf,6,3,52,9,low,none,incorrect,7 Strongly Trust,Use the information or take the recommended action (do not double-check).,1 (Not serious at all),45–54,Male,Graduate or professional degree,Daily,Expert/Specialist,Distrust,Agree
R_1Dr4cMiWXAtzSxf,6,4,53,10,low,weak,correct,5 Slightly Trust,Verify before taking action or using the information.,2,45–54,Male,Graduate or professional degree,Daily,Expert/Specialist,Distrust,Agree
R_1Dr4cMiWXAtzSxf,6,5,54,11,low,weak,incorrect,7 Strongly Trust,Use the information or take the recommended action (do not double-check).,1 (Not serious at all),45–54,Male,Graduate or professional degree,Daily,Expert/Specialist,Distrust,Agree
R_1Dr4cMiWXAtzSxf,6,6,55,12,low,strong,correct,7 Strongly Trust,Use the information or take the recommended action (do not double-check).,1 (Not serious at all),45–54,Male,Graduate or professional degree,Daily,Expert/Specialist,Distrust,Agree
R_1Dr4cMiWXAtzSxf,6,7,56,1,high,strong,incorrect,3 Slightly Distrust,Verify before taking action or using the information.,4,45–54,Male,Graduate or professional degree,Daily,Expert/Specialist,Distrust,Agree
R_1Dr4cMiWXAtzSxf,6,8,57,2,high,none,correct,6 Trust,Verify before taking action or using the information.,4,45–54,Male,Graduate or professional degree,Daily,Expert/Specialist,Distrust,Agree
R_1Dr4cMiWXAtzSxf,6,9,58,3,high,none,incorrect,5 Slightly Trust,Verify before taking action or using the information.,4,45–54,Male,Graduate or professional degree,Daily,Expert/Specialist,Distrust,Agree
R_1Dr4cMiWXAtzSxf,6,10,59,4,high,weak,correct,7 Strongly Trust,Verify before taking action or using the information.,3,45–54,Male,Graduate or professional degree,Daily,Expert/Specialist,Distrust,Agree
R_1Dr4cMiWXAtzSxf,6,11,60,5,high,weak,incorrect,4 Neither trust nor distrust,Verify before taking action or using the information.,4,45–54,Male,Graduate or professional degree,Daily,Expert/Specialist,Distrust,Agree
R_1Dr4cMiWXAtzSxf,6,12,61,6,high,strong,correct,6 Trust,Verify before taking action or using the information.,5 (Extremely serious),45–54,Male,Graduate or professional degree,Daily,Expert/Specialist,Distrust,Agree
R_ystBj5iGiu95AMV,5,1,38,7,low,strong,correct,5 Slightly Trust,Verify before taking action or using the information.,3,25–34,Male,Graduate or professional degree,Daily,Advanced Practitioner,Neither Trust nor Distrust,Agree
R_ystBj5iGiu95AMV,5,2,39,8,low,strong,incorrect,5 Slightly Trust,Verify before taking action or using the information.,3,25–34,Male,Graduate or professional degree,Daily,Advanced Practitioner,Neither Trust nor Distrust,Agree
R_ystBj5iGiu95AMV,5,3,40,9,low,none,correct,5 Slightly Trust,Use the information or take the recommended action (do not double-check).,1 (Not serious at all),25–34,Male,Graduate or professional degree,Daily,Advanced Practitioner,Neither Trust nor Distrust,Agree
R_ystBj5iGiu95AMV,5,4,41,10,low,none,incorrect,3 Slightly Distrust,Verify before taking action or using the information.,4,25–34,Male,Graduate or professional degree,Daily,Advanced Practitioner,Neither Trust nor Distrust,Agree
R_ystBj5iGiu95AMV,5,5,42,11,low,weak,correct,4 Neither trust nor distrust,Verify before taking action or using the information.,3,25–34,Male,Graduate or professional degree,Daily,Advanced Practitioner,Neither Trust nor Distrust,Agree
R_ystBj5iGiu95AMV,5,6,43,12,low,weak,incorrect,5 Slightly Trust,Use the information or take the recommended action (do not double-check).,1 (Not serious at all),25–34,Male,Graduate or professional degree,Daily,Advanced Practitioner,Neither Trust nor Distrust,Agree
R_ystBj5iGiu95AMV,5,7,44,1,high,strong,correct,5 Slightly Trust,Verify before taking action or using the information.,3,25–34,Male,Graduate or professional degree,Daily,Advanced Practitioner,Neither Trust nor Distrust,Agree
R_ystBj5iGiu95AMV,5,8,45,2,high,strong,incorrect,5 Slightly Trust,Verify before taking action or using the information.,5 (Extremely serious),25–34,Male,Graduate or professional degree,Daily,Advanced Practitioner,Neither Trust nor Distrust,Agree
R_ystBj5iGiu95AMV,5,9,46,3,high,none,correct,4 Neither trust nor distrust,Verify before taking action or using the information.,5 (Extremely serious),25–34,Male,Graduate or professional degree,Daily,Advanced Practitioner,Neither Trust nor Distrust,Agree
R_ystBj5iGiu95AMV,5,10,47,4,high,none,incorrect,2 Distrust,Reject — do not use the information or take the recommended action.,4,25–34,Male,Graduate or professional degree,Daily,Advanced Practitioner,Neither Trust nor Distrust,Agree
R_ystBj5iGiu95AMV,5,11,48,5,high,weak,correct,3 Slightly Distrust,Verify before taking action or using the information.,4,25–34,Male,Graduate or professional degree,Daily,Advanced Practitioner,Neither Trust nor Distrust,Agree
R_ystBj5iGiu95AMV,5,12,49,6,high,weak,incorrect,5 Slightly Trust,Verify before taking action or using the information.,4,25–34,Male,Graduate or professional degree,Daily,Advanced Practitioner,Neither Trust nor Distrust,Agree
R_x00ZMnaB11C8FxL,1,1,1,7,low,none,correct,4 (Neither trust nor distrust),Reject — do not use the information or take the recommended action.,1 (Not serious at all),45–54,Male,Graduate or professional degree,Daily,Experienced User,Trust,Agree
R_x00ZMnaB11C8FxL,1,2,2,8,low,none,incorrect,5 Slightly Trust,Verify before taking action or using the information.,2,45–54,Male,Graduate or professional degree,Daily,Experienced User,Trust,Agree
R_x00ZMnaB11C8FxL,1,3,3,9,low,weak,correct,7 Strongly Trust,Use the information or take the recommended action (do not double-check).,2,45–54,Male,Graduate or professional degree,Daily,Experienced User,Trust,Agree
R_x00ZMnaB11C8FxL,1,4,4,10,low,weak,incorrect,6 Trust,Use the information or take the recommended action (do not double-check).,3,45–54,Male,Graduate or professional degree,Daily,Experienced User,Trust,Agree
R_x00ZMnaB11C8FxL,1,5,5,11,low,strong,correct,6 Trust,Use the information or take the recommended action (do not double-check).,2,45–54,Male,Graduate or professional degree,Daily,Experienced User,Trust,Agree
R_x00ZMnaB11C8FxL,1,6,6,12,low,strong,incorrect,7 Strongly Trust,Use the information or take the recommended action (do not double-check).,1 (Not serious at all),45–54,Male,Graduate or professional degree,Daily,Experienced User,Trust,Agree
R_x00ZMnaB11C8FxL,1,7,7,1,high,none,correct,7 Strongly Trust,Use the information or take the recommended action (do not double-check).,2,45–54,Male,Graduate or professional degree,Daily,Experienced User,Trust,Agree
R_x00ZMnaB11C8FxL,1,8,8,2,high,none,incorrect,1 Strongly Distrust,Reject — do not use the information or take the recommended action.,5 (Extremely serious),45–54,Male,Graduate or professional degree,Daily,Experienced User,Trust,Agree
R_x00ZMnaB11C8FxL,1,9,9,3,high,weak,correct,5 Slightly Trust,Use the information or take the recommended action (do not double-check).,3,45–54,Male,Graduate or professional degree,Daily,Experienced User,Trust,Agree
R_x00ZMnaB11C8FxL,1,10,10,4,high,weak,incorrect,5 Slightly Trust,Verify before taking action or using the information.,4,45–54,Male,Graduate or professional degree,Daily,Experienced User,Trust,Agree
R_x00ZMnaB11C8FxL,1,11,11,5,high,strong,correct,6 Trust,Verify before taking action or using the information.,4,45–54,Male,Graduate or professional degree,Daily,Experienced User,Trust,Agree
R_x00ZMnaB11C8FxL,1,12,12,6,high,strong,incorrect,6 Trust,Use the information or take the recommended action (do not double-check).,3,45–54,Male,Graduate or professional degree,Daily,Experienced User,Trust,Agree
R_2zHY9l4eAmWPl8v,4,1,26,7,low,weak,incorrect,6 Trust,Verify before taking action or using the information.,1 (Not serious at all),25–34,Female,Bachelor's degree in college (4-year),Daily,Expert/Specialist,Neither Trust nor Distrust,Agree
R_2zHY9l4eAmWPl8v,4,2,27,8,low,strong,correct,5 Slightly Trust,Verify before taking action or using the information.,5 (Extremely serious),25–34,Female,Bachelor's degree in college (4-year),Daily,Expert/Specialist,Neither Trust nor Distrust,Agree
R_2zHY9l4eAmWPl8v,4,3,28,9,low,strong,incorrect,5 Slightly Trust,Verify before taking action or using the information.,3,25–34,Female,Bachelor's degree in college (4-year),Daily,Expert/Specialist,Neither Trust nor Distrust,Agree
R_2zHY9l4eAmWPl8v,4,4,29,10,low,none,correct,5 Slightly Trust,Verify before taking action or using the information.,5 (Extremely serious),25–34,Female,Bachelor's degree in college (4-year),Daily,Expert/Specialist,Neither Trust nor Distrust,Agree
R_2zHY9l4eAmWPl8v,4,5,30,11,low,none,incorrect,6 Trust,Use the information or take the recommended action (do not double-check).,1 (Not serious at all),25–34,Female,Bachelor's degree in college (4-year),Daily,Expert/Specialist,Neither Trust nor Distrust,Agree
R_2zHY9l4eAmWPl8v,4,6,31,12,low,weak,correct,5 Slightly Trust,Verify before taking action or using the information.,1 (Not serious at all),25–34,Female,Bachelor's degree in college (4-year),Daily,Expert/Specialist,Neither Trust nor Distrust,Agree
R_2zHY9l4eAmWPl8v,4,7,32,1,high,weak,incorrect,6 Trust,Verify before taking action or using the information.,5 (Extremely serious),25–34,Female,Bachelor's degree in college (4-year),Daily,Expert/Specialist,Neither Trust nor Distrust,Agree
R_2zHY9l4eAmWPl8v,4,8,33,2,high,strong,correct,5 Slightly Trust,Verify before taking action or using the information.,3,25–34,Female,Bachelor's degree in college (4-year),Daily,Expert/Specialist,Neither Trust nor Distrust,Agree
R_2zHY9l4eAmWPl8v,4,9,34,3,high,strong,incorrect,5 Slightly Trust,Use the information or take the recommended action (do not double-check).,1 (Not serious at all),25–34,Female,Bachelor's degree in college (4-year),Daily,Expert/Specialist,Neither Trust nor Distrust,Agree
R_2zHY9l4eAmWPl8v,4,10,35,4,high,none,correct,7 Strongly Trust,Use the information or take the recommended action (do not double-check).,5 (Extremely serious),25–34,Female,Bachelor's degree in college (4-year),Daily,Expert/Specialist,Neither Trust nor Distrust,Agree
R_2zHY9l4eAmWPl8v,4,11,36,5,high,none,incorrect,5 Slightly Trust,Verify before taking action or using the information.,5 (Extremely serious),25–34,Female,Bachelor's degree in college (4-year),Daily,Expert/Specialist,Neither Trust nor Distrust,Agree
R_2zHY9l4eAmWPl8v,4,12,37,6,high,weak,correct,5 Slightly Trust,Verify before taking action or using the information.,5 (Extremely serious),25–34,Female,Bachelor's degree in college (4-year),Daily,Expert/Specialist,Neither Trust nor Distrust,Agree
R_3p2TSMF5N4kCem1,2,1,2,7,low,none,incorrect,6 Trust,Use the information or take the recommended action (do not double-check).,1 (Not serious at all),55–64,Male,Bachelor's degree in college (4-year),Daily,Advanced Practitioner,Distrust,Agree
R_3p2TSMF5N4kCem1,2,2,3,8,low,weak,correct,5 Slightly Trust,Use the information or take the recommended action (do not double-check).,3,55–64,Male,Bachelor's degree in college (4-year),Daily,Advanced Practitioner,Distrust,Agree
R_3p2TSMF5N4kCem1,2,3,4,9,low,weak,incorrect,5 Slightly Trust,Verify before taking action or using the information.,2,55–64,Male,Bachelor's degree in college (4-year),Daily,Advanced Practitioner,Distrust,Agree
R_3p2TSMF5N4kCem1,2,4,5,10,low,strong,correct,2 Distrust,Verify before taking action or using the information.,3,55–64,Male,Bachelor's degree in college (4-year),Daily,Advanced Practitioner,Distrust,Agree
R_3p2TSMF5N4kCem1,2,5,6,11,low,strong,incorrect,5 Slightly Trust,Verify before taking action or using the information.,1 (Not serious at all),55–64,Male,Bachelor's degree in college (4-year),Daily,Advanced Practitioner,Distrust,Agree
R_3p2TSMF5N4kCem1,2,6,7,12,low,none,correct,6 Trust,Verify before taking action or using the information.,1 (Not serious at all),55–64,Male,Bachelor's degree in college (4-year),Daily,Advanced Practitioner,Distrust,Agree
R_3p2TSMF5N4kCem1,2,7,8,1,high,none,incorrect,3 Slightly Distrust,Verify before taking action or using the information.,4,55–64,Male,Bachelor's degree in college (4-year),Daily,Advanced Practitioner,Distrust,Agree
R_3p2TSMF5N4kCem1,2,8,9,2,high,weak,correct,2 Distrust,Verify before taking action or using the information.,4,55–64,Male,Bachelor's degree in college (4-year),Daily,Advanced Practitioner,Distrust,Agree
R_3p2TSMF5N4kCem1,2,9,10,3,high,weak,incorrect,2 Distrust,Verify before taking action or using the information.,4,55–64,Male,Bachelor's degree in college (4-year),Daily,Advanced Practitioner,Distrust,Agree
R_3p2TSMF5N4kCem1,2,10,11,4,high,strong,correct,5 Slightly Trust,Verify before taking action or using the information.,3,55–64,Male,Bachelor's degree in college (4-year),Daily,Advanced Practitioner,Distrust,Agree
R_3p2TSMF5N4kCem1,2,11,12,5,high,strong,incorrect,2 Distrust,Verify before taking action or using the information.,4,55–64,Male,Bachelor's degree in college (4-year),Daily,Advanced Practitioner,Distrust,Agree
R_3p2TSMF5N4kCem1,2,12,13,6,high,none,correct,2 Distrust,Verify before taking action or using the information.,5 (Extremely serious),55–64,Male,Bachelor's degree in college (4-year),Daily,Advanced Practitioner,Distrust,Agree
R_3hE21R4M1gqHaU8,6,1,50,7,low,strong,incorrect,3 Slightly Distrust,Verify before taking action or using the information.,3,35–44,Male,Bachelor's degree in college (4-year),Weekly,Basic User,Distrust,Agree
R_3hE21R4M1gqHaU8,6,2,51,8,low,none,correct,4 Neither trust nor distrust,Verify before taking action or using the information.,4,35–44,Male,Bachelor's degree in college (4-year),Weekly,Basic User,Distrust,Agree
R_3hE21R4M1gqHaU8,6,3,52,9,low,none,incorrect,3 Slightly Distrust,Verify before taking action or using the information.,4,35–44,Male,Bachelor's degree in college (4-year),Weekly,Basic User,Distrust,Agree
R_3hE21R4M1gqHaU8,6,4,53,10,low,weak,correct,4 Neither trust nor distrust,Verify before taking action or using the information.,4,35–44,Male,Bachelor's degree in college (4-year),Weekly,Basic User,Distrust,Agree
R_3hE21R4M1gqHaU8,6,5,54,11,low,weak,incorrect,6 Trust,Use the information or take the recommended action (do not double-check).,2,35–44,Male,Bachelor's degree in college (4-year),Weekly,Basic User,Distrust,Agree
R_3hE21R4M1gqHaU8,6,6,55,12,low,strong,correct,6 Trust,Use the information or take the recommended action (do not double-check).,3,35–44,Male,Bachelor's degree in college (4-year),Weekly,Basic User,Distrust,Agree
R_3hE21R4M1gqHaU8,6,7,56,1,high,strong,incorrect,5 Slightly Trust,Verify before taking action or using the information.,5 (Extremely serious),35–44,Male,Bachelor's degree in college (4-year),Weekly,Basic User,Distrust,Agree
R_3hE21R4M1gqHaU8,6,8,57,2,high,none,correct,3 Slightly Distrust,Verify before taking action or using the information.,5 (Extremely serious),35–44,Male,Bachelor's degree in college (4-year),Weekly,Basic User,Distrust,Agree
R_3hE21R4M1gqHaU8,6,9,58,3,high,none,incorrect,6 Trust,Verify before taking action or using the information.,3,35–44,Male,Bachelor's degree in college (4-year),Weekly,Basic User,Distrust,Agree
R_3hE21R4M1gqHaU8,6,10,59,4,high,weak,correct,1 Strongly Distrust,Reject — do not use the information or take the recommended action.,5 (Extremely serious),35–44,Male,Bachelor's degree in college (4-year),Weekly,Basic User,Distrust,Agree
R_3hE21R4M1gqHaU8,6,11,60,5,high,weak,incorrect,5 Slightly Trust,Verify before taking action or using the information.,4,35–44,Male,Bachelor's degree in college (4-year),Weekly,Basic User,Distrust,Agree
R_3hE21R4M1gqHaU8,6,12,61,6,high,strong,correct,5 Slightly Trust,Verify before taking action or using the information.,4,35–44,Male,Bachelor's degree in college (4-year),Weekly,Basic User,Distrust,Agree
R_w6N3h5B1CECFLnH,1,1,1,7,low,none,correct,3 Slightly Distrust,Verify before taking action or using the information.,3,35–44,Female,Associate degree in college (2-year),Never,,Distrust,Agree
R_w6N3h5B1CECFLnH,1,2,2,8,low,none,incorrect,5 Slightly Trust,Verify before taking action or using the information.,5 (Extremely serious),35–44,Female,Associate degree in college (2-year),Never,,Distrust,Agree
R_w6N3h5B1CECFLnH,1,3,3,9,low,weak,correct,4 (Neither trust nor distrust),Verify before taking action or using the information.,2,35–44,Female,Associate degree in college (2-year),Never,,Distrust,Agree
R_w6N3h5B1CECFLnH,1,4,4,10,low,weak,incorrect,1 Strongly Distrust,Verify before taking action or using the information.,3,35–44,Female,Associate degree in college (2-year),Never,,Distrust,Agree
R_w6N3h5B1CECFLnH,1,5,5,11,low,strong,correct,4 (Neither trust nor distrust),Verify before taking action or using the information.,1 (Not serious at all),35–44,Female,Associate degree in college (2-year),Never,,Distrust,Agree
R_w6N3h5B1CECFLnH,1,6,6,12,low,strong,incorrect,3 Slightly Distrust,Verify before taking action or using the information.,4,35–44,Female,Associate degree in college (2-year),Never,,Distrust,Agree
R_w6N3h5B1CECFLnH,1,7,7,1,high,none,correct,5 Slightly Trust,Verify before taking action or using the information.,3,35–44,Female,Associate degree in college (2-year),Never,,Distrust,Agree
R_w6N3h5B1CECFLnH,1,8,8,2,high,none,incorrect,1 Strongly Distrust,Verify before taking action or using the information.,5 (Extremely serious),35–44,Female,Associate degree in college (2-year),Never,,Distrust,Agree
R_w6N3h5B1CECFLnH,1,9,9,3,high,weak,correct,3 Slightly Distrust,Verify before taking action or using the information.,3,35–44,Female,Associate degree in college (2-year),Never,,Distrust,Agree
R_w6N3h5B1CECFLnH,1,10,10,4,high,weak,incorrect,4 (Neither trust nor distrust),Verify before taking action or using the information.,4,35–44,Female,Associate degree in college (2-year),Never,,Distrust,Agree
R_w6N3h5B1CECFLnH,1,11,11,5,high,strong,correct,4 (Neither trust nor distrust),Verify before taking action or using the information.,5 (Extremely serious),35–44,Female,Associate degree in college (2-year),Never,,Distrust,Agree
R_w6N3h5B1CECFLnH,1,12,12,6,high,strong,incorrect,1 Strongly Distrust,Verify before taking action or using the information.,5 (Extremely serious),35–44,Female,Associate degree in college (2-year),Never,,Distrust,Agree
R_3pnZridAXM9RcaW,3,1,14,7,low,weak,correct,6 Trust,Use the information or take the recommended action (do not double-check).,3,18–24,Male,Bachelor's degree in college (4-year),Daily,,Trust,Agree
R_3pnZridAXM9RcaW,3,2,15,8,low,weak,incorrect,3 Slightly Distrust,Verify before taking action or using the information.,3,18–24,Male,Bachelor's degree in college (4-year),Daily,,Trust,Agree
R_3pnZridAXM9RcaW,3,3,16,9,low,strong,correct,2 Distrust,Reject — do not use the information or take the recommended action.,3,18–24,Male,Bachelor's degree in college (4-year),Daily,,Trust,Agree
R_3pnZridAXM9RcaW,3,4,17,10,low,strong,incorrect,3 Slightly Distrust,Verify before taking action or using the information.,2,18–24,Male,Bachelor's degree in college (4-year),Daily,,Trust,Agree
R_3pnZridAXM9RcaW,3,5,18,11,low,none,correct,5 Slightly Trust,Verify before taking action or using the information.,2,18–24,Male,Bachelor's degree in college (4-year),Daily,,Trust,Agree
R_3pnZridAXM9RcaW,3,6,19,12,low,none,incorrect,3 Slightly Distrust,Verify before taking action or using the information.,1 (Not serious at all),18–24,Male,Bachelor's degree in college (4-year),Daily,,Trust,Agree
R_3pnZridAXM9RcaW,3,7,20,1,high,weak,correct,6 Trust,Verify before taking action or using the information.,4,18–24,Male,Bachelor's degree in college (4-year),Daily,,Trust,Agree
R_3pnZridAXM9RcaW,3,8,21,2,high,weak,incorrect,5 Slightly Trust,Verify before taking action or using the information.,5 (Extremely serious),18–24,Male,Bachelor's degree in college (4-year),Daily,,Trust,Agree
R_3pnZridAXM9RcaW,3,9,22,3,high,strong,correct,2 Distrust,Reject — do not use the information or take the recommended action.,4,18–24,Male,Bachelor's degree in college (4-year),Daily,,Trust,Agree
R_3pnZridAXM9RcaW,3,10,23,4,high,strong,incorrect,4 Neither trust nor distrust,Use the information or take the recommended action (do not double-check).,2,18–24,Male,Bachelor's degree in college (4-year),Daily,,Trust,Agree
R_3pnZridAXM9RcaW,3,11,24,5,high,none,correct,5 Slightly Trust,Verify before taking action or using the information.,4,18–24,Male,Bachelor's degree in college (4-year),Daily,,Trust,Agree
R_3pnZridAXM9RcaW,3,12,25,6,high,none,incorrect,1 Strongly Distrust,Reject — do not use the information or take the recommended action.,4,18–24,Male,Bachelor's degree in college (4-year),Daily,,Trust,Agree
R_24IBQ1ebWIiiMwv,5,1,49,7,low,strong,correct,5 Slightly Trust,Verify before taking action or using the information.,5 (Extremely serious),,,,,,Neither Trust nor Distrust,Agree
R_1FR4OHNistEC8Nm,3,1,14,7,low,weak,correct,2 Distrust,Verify before taking action or using the information.,4,18–24,Male,High school graduate (high school diploma or equivalent including GED),Daily,Basic User,Distrust,Agree
R_1FR4OHNistEC8Nm,3,2,15,8,low,weak,incorrect,3 Slightly Distrust,Verify before taking action or using the information.,4,18–24,Male,High school graduate (high school diploma or equivalent including GED),Daily,Basic User,Distrust,Agree
R_1FR4OHNistEC8Nm,3,3,16,9,low,strong,correct,4 Neither trust nor distrust,Use the information or take the recommended action (do not double-check).,3,18–24,Male,High school graduate (high school diploma or equivalent including GED),Daily,Basic User,Distrust,Agree
R_1FR4OHNistEC8Nm,3,4,17,10,low,strong,incorrect,2 Distrust,Verify before taking action or using the information.,3,18–24,Male,High school graduate (high school diploma or equivalent including GED),Daily,Basic User,Distrust,Agree
R_1FR4OHNistEC8Nm,3,5,18,11,low,none,correct,4 Neither trust nor distrust,Use the information or take the recommended action (do not double-check).,1 (Not serious at all),18–24,Male,High school graduate (high school diploma or equivalent including GED),Daily,Basic User,Distrust,Agree
R_1FR4OHNistEC8Nm,3,6,19,12,low,none,incorrect,3 Slightly Distrust,Verify before taking action or using the information.,3,18–24,Male,High school graduate (high school diploma or equivalent including GED),Daily,Basic User,Distrust,Agree
R_1FR4OHNistEC8Nm,3,7,20,1,high,weak,correct,4 Neither trust nor distrust,Verify before taking action or using the information.,5 (Extremely serious),18–24,Male,High school graduate (high school diploma or equivalent including GED),Daily,Basic User,Distrust,Agree
R_1FR4OHNistEC8Nm,3,8,21,2,high,weak,incorrect,2 Distrust,Verify before taking action or using the information.,4,18–24,Male,High school graduate (high school diploma or equivalent including GED),Daily,Basic User,Distrust,Agree
R_1FR4OHNistEC8Nm,3,9,22,3,high,strong,correct,5 Slightly Trust,Verify before taking action or using the information.,4,18–24,Male,High school graduate (high school diploma or equivalent including GED),Daily,Basic User,Distrust,Agree
R_1FR4OHNistEC8Nm,3,10,23,4,high,strong,incorrect,4 Neither trust nor distrust,Verify before taking action or using the information.,4,18–24,Male,High school graduate (high school diploma or equivalent including GED),Daily,Basic User,Distrust,Agree
R_1FR4OHNistEC8Nm,3,11,24,5,high,none,correct,4 Neither trust nor distrust,Verify before taking action or using the information.,4,18–24,Male,High school graduate (high school diploma or equivalent including GED),Daily,Basic User,Distrust,Agree
R_1FR4OHNistEC8Nm,3,12,25,6,high,none,incorrect,3 Slightly Distrust,Verify before taking action or using the information.,5 (Extremely serious),18–24,Male,High school graduate (high school diploma or equivalent including GED),Daily,Basic User,Distrust,Agree
R_1KebKZ8bP2jCKRx,1,1,2,7,low,none,correct,2 Distrust,Verify before taking action or using the information.,3,,,,,Expert/Specialist,Neither Trust nor Distrust,Agree
R_1KebKZ8bP2jCKRx,1,2,3,8,low,none,incorrect,6 Trust,Verify before taking action or using the information.,2,,,,,Expert/Specialist,Neither Trust nor Distrust,Agree
R_3QGjvM92H7odleg,2,1,2,7,low,none,incorrect,4 Neither trust nor distrust,Verify before taking action or using the information.,3,45–54,Male,Bachelor's degree in college (4-year),Daily,Basic User,Trust,Agree
R_3QGjvM92H7odleg,2,2,3,8,low,weak,correct,5 Slightly Trust,Verify before taking action or using the information.,3,45–54,Male,Bachelor's degree in college (4-year),Daily,Basic User,Trust,Agree
R_3QGjvM92H7odleg,2,3,4,9,low,weak,incorrect,6 Trust,Verify before taking action or using the information.,3,45–54,Male,Bachelor's degree in college (4-year),Daily,Basic User,Trust,Agree
R_3QGjvM92H7odleg,2,4,5,10,low,strong,correct,2 Distrust,Verify before taking action or using the information.,3,45–54,Male,Bachelor's degree in college (4-year),Daily,Basic User,Trust,Agree
R_3QGjvM92H7odleg,2,5,6,11,low,strong,incorrect,4 Neither trust nor distrust,Verify before taking action or using the information.,4,45–54,Male,Bachelor's degree in college (4-year),Daily,Basic User,Trust,Agree
R_3QGjvM92H7odleg,2,6,7,12,low,none,correct,4 Neither trust nor distrust,Verify before taking action or using the information.,1 (Not serious at all),45–54,Male,Bachelor's degree in college (4-year),Daily,Basic User,Trust,Agree
R_3QGjvM92H7odleg,2,7,8,1,high,none,incorrect,4 Neither trust nor distrust,Verify before taking action or using the information.,4,45–54,Male,Bachelor's degree in college (4-year),Daily,Basic User,Trust,Agree
R_3QGjvM92H7odleg,2,8,9,2,high,weak,correct,2 Distrust,Verify before taking action or using the information.,3,45–54,Male,Bachelor's degree in college (4-year),Daily,Basic User,Trust,Agree
R_3QGjvM92H7odleg,2,9,10,3,high,weak,incorrect,5 Slightly Trust,Verify before taking action or using the information.,4,45–54,Male,Bachelor's degree in college (4-year),Daily,Basic User,Trust,Agree
R_3QGjvM92H7odleg,2,10,11,4,high,strong,correct,4 Neither trust nor distrust,Verify before taking action or using the information.,4,45–54,Male,Bachelor's degree in college (4-year),Daily,Basic User,Trust,Agree
R_3QGjvM92H7odleg,2,11,12,5,high,strong,incorrect,4 Neither trust nor distrust,Verify before taking action or using the information.,3,45–54,Male,Bachelor's degree in college (4-year),Daily,Basic User,Trust,Agree
R_3QGjvM92H7odleg,2,12,13,6,high,none,correct,3 Slightly Distrust,Verify before taking action or using the information.,5 (Extremely serious),45–54,Male,Bachelor's degree in college (4-year),Daily,Basic User,Trust,Agree
R_2z7KoIrZsy4BAzI,5,1,40,7,low,strong,correct,4 Neither trust nor distrust,Verify before taking action or using the information.,2,,,,,Basic User,Neither Trust nor Distrust,Agree
R_2z7KoIrZsy4BAzI,5,2,42,8,low,strong,incorrect,5 Slightly Trust,Verify before taking action or using the information.,2,,,,,Basic User,Neither Trust nor Distrust,Agree
R_2z7KoIrZsy4BAzI,5,3,43,9,low,none,correct,4 Neither trust nor distrust,Verify before taking action or using the information.,2,,,,,Basic User,Neither Trust nor Distrust,Agree
R_2z7KoIrZsy4BAzI,5,4,46,10,low,none,incorrect,3 Slightly Distrust,Verify before taking action or using the information.,3,,,,,Basic User,Neither Trust nor Distrust,Agree
R_3yKErNkVreWrC6Z,4,1,26,7,low,weak,incorrect,4 Neither trust nor distrust,Verify before taking action or using the information.,2,55–64,Male,Bachelor's degree in college (4-year),Monthly,Novice,Neither Trust nor Distrust,Agree
R_3yKErNkVreWrC6Z,4,2,27,8,low,strong,correct,2 Distrust,Verify before taking action or using the information.,5 (Extremely serious),55–64,Male,Bachelor's degree in college (4-year),Monthly,Novice,Neither Trust nor Distrust,Agree
R_3yKErNkVreWrC6Z,4,3,28,9,low,strong,incorrect,6 Trust,Verify before taking action or using the information.,4,55–64,Male,Bachelor's degree in college (4-year),Monthly,Novice,Neither Trust nor Distrust,Agree
R_3yKErNkVreWrC6Z,4,4,29,10,low,none,correct,1 Strongly Distrust,Verify before taking action or using the information.,1 (Not serious at all),55–64,Male,Bachelor's degree in college (4-year),Monthly,Novice,Neither Trust nor Distrust,Agree
R_3yKErNkVreWrC6Z,4,5,30,11,low,none,incorrect,4 Neither trust nor distrust,Verify before taking action or using the information.,1 (Not serious at all),55–64,Male,Bachelor's degree in college (4-year),Monthly,Novice,Neither Trust nor Distrust,Agree
R_3yKErNkVreWrC6Z,4,6,31,12,low,weak,correct,2 Distrust,Verify before taking action or using the information.,5 (Extremely serious),55–64,Male,Bachelor's degree in college (4-year),Monthly,Novice,Neither Trust nor Distrust,Agree
R_3yKErNkVreWrC6Z,4,7,32,1,high,weak,incorrect,7 Strongly Trust,Verify before taking action or using the information.,5 (Extremely serious),55–64,Male,Bachelor's degree in college (4-year),Monthly,Novice,Neither Trust nor Distrust,Agree
R_3yKErNkVreWrC6Z,4,8,33,2,high,strong,correct,7 Strongly Trust,Verify before taking action or using the information.,3,55–64,Male,Bachelor's degree in college (4-year),Monthly,Novice,Neither Trust nor Distrust,Agree
R_3yKErNkVreWrC6Z,4,9,34,3,high,strong,incorrect,5 Slightly Trust,Verify before taking action or using the information.,2,55–64,Male,Bachelor's degree in college (4-year),Monthly,Novice,Neither Trust nor Distrust,Agree
R_3yKErNkVreWrC6Z,4,10,35,4,high,none,correct,1 Strongly Distrust,Verify before taking action or using the information.,1 (Not serious at all),55–64,Male,Bachelor's degree in college (4-year),Monthly,Novice,Neither Trust nor Distrust,Agree
R_3yKErNkVreWrC6Z,4,11,36,5,high,none,incorrect,4 Neither trust nor distrust,Verify before taking action or using the information.,1 (Not serious at all),55–64,Male,Bachelor's degree in college (4-year),Monthly,Novice,Neither Trust nor Distrust,Agree
R_3yKErNkVreWrC6Z,4,12,37,6,high,weak,correct,4 Neither trust nor distrust,Verify before taking action or using the information.,5 (Extremely serious),55–64,Male,Bachelor's degree in college (4-year),Monthly,Novice,Neither Trust nor Distrust,Agree
R_1r1EZkiFt0cMCUo,2,1,2,7,low,none,incorrect,5 Slightly Trust,Use the information or take the recommended action (do not double-check).,3,45–54,Female,Graduate or professional degree,Daily,Experienced User,Neither Trust nor Distrust,Agree
R_1r1EZkiFt0cMCUo,2,2,3,8,low,weak,correct,4 Neither trust nor distrust,Verify before taking action or using the information.,4,45–54,Female,Graduate or professional degree,Daily,Experienced User,Neither Trust nor Distrust,Agree
R_1r1EZkiFt0cMCUo,2,3,4,9,low,weak,incorrect,5 Slightly Trust,Use the information or take the recommended action (do not double-check).,3,45–54,Female,Graduate or professional degree,Daily,Experienced User,Neither Trust nor Distrust,Agree
R_1r1EZkiFt0cMCUo,2,4,5,10,low,strong,correct,5 Slightly Trust,Verify before taking action or using the information.,3,45–54,Female,Graduate or professional degree,Daily,Experienced User,Neither Trust nor Distrust,Agree
R_1r1EZkiFt0cMCUo,2,5,6,11,low,strong,incorrect,5 Slightly Trust,Use the information or take the recommended action (do not double-check).,2,45–54,Female,Graduate or professional degree,Daily,Experienced User,Neither Trust nor Distrust,Agree
R_1r1EZkiFt0cMCUo,2,6,7,12,low,none,correct,4 Neither trust nor distrust,Verify before taking action or using the information.,3,45–54,Female,Graduate or professional degree,Daily,Experienced User,Neither Trust nor Distrust,Agree
R_1r1EZkiFt0cMCUo,2,7,8,1,high,none,incorrect,4 Neither trust nor distrust,Verify before taking action or using the information.,4,45–54,Female,Graduate or professional degree,Daily,Experienced User,Neither Trust nor Distrust,Agree
R_1r1EZkiFt0cMCUo,2,8,9,2,high,weak,correct,3 Slightly Distrust,Reject — do not use the information or take the recommended action.,5 (Extremely serious),45–54,Female,Graduate or professional degree,Daily,Experienced User,Neither Trust nor Distrust,Agree
R_1r1EZkiFt0cMCUo,2,9,10,3,high,weak,incorrect,5 Slightly Trust,Verify before taking action or using the information.,2,45–54,Female,Graduate or professional degree,Daily,Experienced User,Neither Trust nor Distrust,Agree
R_1r1EZkiFt0cMCUo,2,10,11,4,high,strong,correct,3 Slightly Distrust,Verify before taking action or using the information.,4,45–54,Female,Graduate or professional degree,Daily,Experienced User,Neither Trust nor Distrust,Agree
R_1r1EZkiFt0cMCUo,2,11,12,5,high,strong,incorrect,2 Distrust,Reject — do not use the information or take the recommended action.,3,45–54,Female,Graduate or professional degree,Daily,Experienced User,Neither Trust nor Distrust,Agree
R_1r1EZkiFt0cMCUo,2,12,13,6,high,none,correct,4 Neither trust nor distrust,Verify before taking action or using the information.,4,45–54,Female,Graduate or professional degree,Daily,Experienced User,Neither Trust nor Distrust,Agree
R_3p9j0BuPUG8A3D9,5,1,38,7,low,strong,correct,5 Slightly Trust,Use the information or take the recommended action (do not double-check).,2,65+,Male,Graduate or professional degree,Monthly,Basic User,Neither Trust nor Distrust,Agree
R_3p9j0BuPUG8A3D9,5,2,39,8,low,strong,incorrect,6 Trust,Use the information or take the recommended action (do not double-check).,2,65+,Male,Graduate or professional degree,Monthly,Basic User,Neither Trust nor Distrust,Agree
R_3p9j0BuPUG8A3D9,5,3,40,9,low,none,correct,6 Trust,Verify before taking action or using the information.,5 (Extremely serious),65+,Male,Graduate or professional degree,Monthly,Basic User,Neither Trust nor Distrust,Agree
R_3p9j0BuPUG8A3D9,5,4,41,10,low,none,incorrect,1 Strongly Distrust,Reject — do not use the information or take the recommended action.,1 (Not serious at all),65+,Male,Graduate or professional degree,Monthly,Basic User,Neither Trust nor Distrust,Agree
R_3p9j0BuPUG8A3D9,5,5,42,11,low,weak,correct,6 Trust,Use the information or take the recommended action (do not double-check).,2,65+,Male,Graduate or professional degree,Monthly,Basic User,Neither Trust nor Distrust,Agree
R_3p9j0BuPUG8A3D9,5,6,43,12,low,weak,incorrect,5 Slightly Trust,Use the information or take the recommended action (do not double-check).,3,65+,Male,Graduate or professional degree,Monthly,Basic User,Neither Trust nor Distrust,Agree
R_3p9j0BuPUG8A3D9,5,7,44,1,high,strong,correct,6 Trust,Reject — do not use the information or take the recommended action.,3,65+,Male,Graduate or professional degree,Monthly,Basic User,Neither Trust nor Distrust,Agree
R_3p9j0BuPUG8A3D9,5,8,45,2,high,strong,incorrect,4 Neither trust nor distrust,Verify before taking action or using the information.,4,65+,Male,Graduate or professional degree,Monthly,Basic User,Neither Trust nor Distrust,Agree
R_3p9j0BuPUG8A3D9,5,9,46,3,high,none,correct,6 Trust,Use the information or take the recommended action (do not double-check).,4,65+,Male,Graduate or professional degree,Monthly,Basic User,Neither Trust nor Distrust,Agree
R_3p9j0BuPUG8A3D9,5,10,47,4,high,none,incorrect,3 Slightly Distrust,Use the information or take the recommended action (do not double-check).,4,65+,Male,Graduate or professional degree,Monthly,Basic User,Neither Trust nor Distrust,Agree
R_3p9j0BuPUG8A3D9,5,11,48,5,high,weak,correct,2 Distrust,Verify before taking action or using the information.,4,65+,Male,Graduate or professional degree,Monthly,Basic User,Neither Trust nor Distrust,Agree
R_3p9j0BuPUG8A3D9,5,12,49,6,high,weak,incorrect,5 Slightly Trust,Verify before taking action or using the information.,3,65+,Male,Graduate or professional degree,Monthly,Basic User,Neither Trust nor Distrust,Agree
R_p6N90WNlUeQDZo5,4,1,26,7,low,weak,incorrect,2 Distrust,Reject — do not use the information or take the recommended action.,2,45–54,Male,Graduate or professional degree,Daily,Experienced User,Neither Trust nor Distrust,Agree
R_p6N90WNlUeQDZo5,4,2,27,8,low,strong,correct,4 Neither trust nor distrust,Verify before taking action or using the information.,3,45–54,Male,Graduate or professional degree,Daily,Experienced User,Neither Trust nor Distrust,Agree
R_p6N90WNlUeQDZo5,4,3,28,9,low,strong,incorrect,4 Neither trust nor distrust,Use the information or take the recommended action (do not double-check).,1 (Not serious at all),45–54,Male,Graduate or professional degree,Daily,Experienced User,Neither Trust nor Distrust,Agree
R_p6N90WNlUeQDZo5,4,4,29,10,low,none,correct,1 Strongly Distrust,Verify before taking action or using the information.,3,45–54,Male,Graduate or professional degree,Daily,Experienced User,Neither Trust nor Distrust,Agree
R_p6N90WNlUeQDZo5,4,5,30,11,low,none,incorrect,3 Slightly Distrust,Verify before taking action or using the information.,2,45–54,Male,Graduate or professional degree,Daily,Experienced User,Neither Trust nor Distrust,Agree
R_p6N90WNlUeQDZo5,4,6,31,12,low,weak,correct,4 Neither trust nor distrust,Use the information or take the recommended action (do not double-check).,1 (Not serious at all),45–54,Male,Graduate or professional degree,Daily,Experienced User,Neither Trust nor Distrust,Agree
R_p6N90WNlUeQDZo5,4,7,32,1,high,weak,incorrect,4 Neither trust nor distrust,Verify before taking action or using the information.,2,45–54,Male,Graduate or professional degree,Daily,Experienced User,Neither Trust nor Distrust,Agree
R_p6N90WNlUeQDZo5,4,8,33,2,high,strong,correct,1 Strongly Distrust,Verify before taking action or using the information.,5 (Extremely serious),45–54,Male,Graduate or professional degree,Daily,Experienced User,Neither Trust nor Distrust,Agree
R_p6N90WNlUeQDZo5,4,9,34,3,high,strong,incorrect,2 Distrust,Verify before taking action or using the information.,5 (Extremely serious),45–54,Male,Graduate or professional degree,Daily,Experienced User,Neither Trust nor Distrust,Agree
R_p6N90WNlUeQDZo5,4,10,35,4,high,none,correct,2 Distrust,Verify before taking action or using the information.,5 (Extremely serious),45–54,Male,Graduate or professional degree,Daily,Experienced User,Neither Trust nor Distrust,Agree
R_p6N90WNlUeQDZo5,4,11,36,5,high,none,incorrect,1 Strongly Distrust,Verify before taking action or using the information.,3,45–54,Male,Graduate or professional degree,Daily,Experienced User,Neither Trust nor Distrust,Agree
R_p6N90WNlUeQDZo5,4,12,37,6,high,weak,correct,1 Strongly Distrust,Verify before taking action or using the information.,5 (Extremely serious),45–54,Male,Graduate or professional degree,Daily,Experienced User,Neither Trust nor Distrust,Agree
