response_id,version,trial_position,loop_num,stem_id,stakes,att_level,correctness,trust,reliance,consequence,age,gender,education,ai_frequency,ai_expertise,baseline_trust,consent,trust_num,reliance_code,consequence_num,att_code,corr_code,stakes_code
R_5vwaY2ucmX7d6ud,6,1,50,7,low,strong,incorrect,2 Distrust,Verify before taking action or using the information.,4,25–34,Female,High school graduate (high school diploma or equivalent including GED),Never,,Neither Trust nor Distrust,Agree,2,2,4,2,-0.5,-0.5
R_5vwaY2ucmX7d6ud,6,2,51,8,low,none,correct,3 Slightly Distrust,Use the information or take the recommended action (do not double-check).,4,25–34,Female,High school graduate (high school diploma or equivalent including GED),Never,,Neither Trust nor Distrust,Agree,3,3,4,0,0.5,-0.5
R_5vwaY2ucmX7d6ud,6,3,52,9,low,none,incorrect,3 Slightly Distrust,Verify before taking action or using the information.,3,25–34,Female,High school graduate (high school diploma or equivalent including GED),Never,,Neither Trust nor Distrust,Agree,3,2,3,0,-0.5,-0.5
R_5vwaY2ucmX7d6ud,6,4,53,10,low,weak,correct,3 Slightly Distrust,Verify before taking action or using the information.,3,25–34,Female,High school graduate (high school diploma or equivalent including GED),Never,,Neither Trust nor Distrust,Agree,3,2,3,1,0.5,-0.5
R_5vwaY2ucmX7d6ud,6,5,54,11,low,weak,incorrect,2 Distrust,Reject — do not use the information or take the recommended action.,3,25–34,Female,High school graduate (high school diploma or equivalent including GED),Never,,Neither Trust nor Distrust,Agree,2,1,3,1,-0.5,-0.5
R_5vwaY2ucmX7d6ud,6,6,55,12,low,strong,correct,2 Distrust,Verify before taking action or using the information.,3,25–34,Female,High school graduate (high school diploma or equivalent including GED),Never,,Neither Trust nor Distrust,Agree,2,2,3,2,0.5,-0.5
R_5vwaY2ucmX7d6ud,6,7,56,1,high,strong,incorrect,2 Distrust,Verify before taking action or using the information.,2,25–34,Female,High school graduate (high school diploma or equivalent including GED),Never,,Neither Trust nor Distrust,Agree,2,2,2,2,-0.5,0.5
R_5vwaY2ucmX7d6ud,6,8,57,2,high,none,correct,4 Neither trust nor distrust,Verify before taking action or using the information.,3,25–34,Female,High school graduate (high school diploma or equivalent including GED),Never,,Neither Trust nor Distrust,Agree,4,2,3,0,0.5,0.5
R_5vwaY2ucmX7d6ud,6,9,58,3,high,none,incorrect,2 Distrust,Verify before taking action or using the information.,2,25–34,Female,High school graduate (high school diploma or equivalent including GED),Never,,Neither Trust nor Distrust,Agree,2,2,2,0,-0.5,0.5
R_5vwaY2ucmX7d6ud,6,10,59,4,high,weak,correct,2 Distrust,Use the information or take the recommended action (do not double-check).,2,25–34,Female,High school graduate (high school diploma or equivalent including GED),Never,,Neither Trust nor Distrust,Agree,2,3,2,1,0.5,0.5
R_5vwaY2ucmX7d6ud,6,11,60,5,high,weak,incorrect,2 Distrust,Verify before taking action or using the information.,3,25–34,Female,High school graduate (high school diploma or equivalent including GED),Never,,Neither Trust nor Distrust,Agree,2,2,3,1,-0.5,0.5
R_5vwaY2ucmX7d6ud,6,12,61,6,high,strong,correct,2 Distrust,Verify before taking action or using the information.,3,25–34,Female,High school graduate (high school diploma or equivalent including GED),Never,,Neither Trust nor Distrust,Agree,2,2,3,2,0.5,0.5
R_BKU6iWUQEn3Hw4x,2,1,2,7,low,none,incorrect,5 Slightly Trust,Use the information or take the recommended action (do not double-check).,1 (Not serious at all),25–34,Male,Associate degree in college (2-year),Never,,Distrust,Agree,5,3,1,0,-0.5,-0.5
R_BKU6iWUQEn3Hw4x,2,2,3,8,low,weak,correct,5 Slightly Trust,Verify before taking action or using the information.,4,25–34,Male,Associate degree in college (2-year),Never,,Distrust,Agree,5,2,4,1,0.5,-0.5
R_BKU6iWUQEn3Hw4x,2,3,4,9,low,weak,incorrect,7 Strongly Trust,Use the information or take the recommended action (do not double-check).,1 (Not serious at all),25–34,Male,Associate degree in college (2-year),Never,,Distrust,Agree,7,3,1,1,-0.5,-0.5
R_BKU6iWUQEn3Hw4x,2,4,5,10,low,strong,correct,7 Strongly Trust,Use the information or take the recommended action (do not double-check).,3,25–34,Male,Associate degree in college (2-year),Never,,Distrust,Agree,7,3,3,2,0.5,-0.5
R_BKU6iWUQEn3Hw4x,2,5,6,11,low,strong,incorrect,7 Strongly Trust,Use the information or take the recommended action (do not double-check).,1 (Not serious at all),25–34,Male,Associate degree in college (2-year),Never,,Distrust,Agree,7,3,1,2,-0.5,-0.5
R_BKU6iWUQEn3Hw4x,2,6,7,12,low,none,correct,6 Trust,Use the information or take the recommended action (do not double-check).,1 (Not serious at all),25–34,Male,Associate degree in college (2-year),Never,,Distrust,Agree,6,3,1,0,0.5,-0.5
R_BKU6iWUQEn3Hw4x,2,7,8,1,high,none,incorrect,6 Trust,Verify before taking action or using the information.,5 (Extremely serious),25–34,Male,Associate degree in college (2-year),Never,,Distrust,Agree,6,2,5,0,-0.5,0.5
R_BKU6iWUQEn3Hw4x,2,8,9,2,high,weak,correct,5 Slightly Trust,Verify before taking action or using the information.,3,25–34,Male,Associate degree in college (2-year),Never,,Distrust,Agree,5,2,3,1,0.5,0.5
R_BKU6iWUQEn3Hw4x,2,9,10,3,high,weak,incorrect,5 Slightly Trust,Use the information or take the recommended action (do not double-check).,2,25–34,Male,Associate degree in college (2-year),Never,,Distrust,Agree,5,3,2,1,-0.5,0.5
R_BKU6iWUQEn3Hw4x,2,10,11,4,high,strong,correct,7 Strongly Trust,Use the information or take the recommended action (do not double-check).,2,25–34,Male,Associate degree in college (2-year),Never,,Distrust,Agree,7,3,2,2,0.5,0.5
R_BKU6iWUQEn3Hw4x,2,11,12,5,high,strong,incorrect,5 Slightly Trust,Verify before taking action or using the information.,5 (Extremely serious),25–34,Male,Associate degree in college (2-year),Never,,Distrust,Agree,5,2,5,2,-0.5,0.5
R_BKU6iWUQEn3Hw4x,2,12,13,6,high,none,correct,5 Slightly Trust,Verify before taking action or using the information.,4,25–34,Male,Associate degree in college (2-year),Never,,Distrust,Agree,5,2,4,0,0.5,0.5
R_1M63IeTvfmmlaoc,4,1,26,7,low,weak,incorrect,4 Neither trust nor distrust,Verify before taking action or using the information.,1 (Not serious at all),25–34,Female,Bachelor's degree in college (4-year),Daily,,Neither Trust nor Distrust,Agree,4,2,1,1,-0.5,-0.5
R_1M63IeTvfmmlaoc,4,2,27,8,low,strong,correct,5 Slightly Trust,Verify before taking action or using the information.,3,25–34,Female,Bachelor's degree in college (4-year),Daily,,Neither Trust nor Distrust,Agree,5,2,3,2,0.5,-0.5
R_1M63IeTvfmmlaoc,4,3,28,9,low,strong,incorrect,6 Trust,Use the information or take the recommended action (do not double-check).,1 (Not serious at all),25–34,Female,Bachelor's degree in college (4-year),Daily,,Neither Trust nor Distrust,Agree,6,3,1,2,-0.5,-0.5
R_1M63IeTvfmmlaoc,4,4,29,10,low,none,correct,3 Slightly Distrust,Reject — do not use the information or take the recommended action.,3,25–34,Female,Bachelor's degree in college (4-year),Daily,,Neither Trust nor Distrust,Agree,3,1,3,0,0.5,-0.5
R_1M63IeTvfmmlaoc,4,5,30,11,low,none,incorrect,3 Slightly Distrust,Verify before taking action or using the information.,1 (Not serious at all),25–34,Female,Bachelor's degree in college (4-year),Daily,,Neither Trust nor Distrust,Agree,3,2,1,0,-0.5,-0.5
R_1M63IeTvfmmlaoc,4,6,31,12,low,weak,correct,5 Slightly Trust,Verify before taking action or using the information.,1 (Not serious at all),25–34,Female,Bachelor's degree in college (4-year),Daily,,Neither Trust nor Distrust,Agree,5,2,1,1,0.5,-0.5
R_1M63IeTvfmmlaoc,4,7,32,1,high,weak,incorrect,4 Neither trust nor distrust,Verify before taking action or using the information.,3,25–34,Female,Bachelor's degree in college (4-year),Daily,,Neither Trust nor Distrust,Agree,4,2,3,1,-0.5,0.5
R_1M63IeTvfmmlaoc,4,8,33,2,high,strong,correct,5 Slightly Trust,Verify before taking action or using the information.,4,25–34,Female,Bachelor's degree in college (4-year),Daily,,Neither Trust nor Distrust,Agree,5,2,4,2,0.5,0.5
R_1M63IeTvfmmlaoc,4,9,34,3,high,strong,incorrect,5 Slightly Trust,Use the information or take the recommended action (do not double-check).,3,25–34,Female,Bachelor's degree in college (4-year),Daily,,Neither Trust nor Distrust,Agree,5,3,3,2,-0.5,0.5
R_1M63IeTvfmmlaoc,4,10,35,4,high,none,correct,2 Distrust,Reject — do not use the information or take the recommended action.,4,25–34,Female,Bachelor's degree in college (4-year),Daily,,Neither Trust nor Distrust,Agree,2,1,4,0,0.5,0.5
R_1M63IeTvfmmlaoc,4,11,36,5,high,none,incorrect,1 Strongly Distrust,Reject — do not use the information or take the recommended action.,4,25–34,Female,Bachelor's degree in college (4-year),Daily,,Neither Trust nor Distrust,Agree,1,1,4,0,-0.5,0.5
R_1M63IeTvfmmlaoc,4,12,37,6,high,weak,correct,4 Neither trust nor distrust,Verify before taking action or using the information.,4,25–34,Female,Bachelor's degree in college (4-year),Daily,,Neither Trust nor Distrust,Agree,4,2,4,1,0.5,0.5
R_dgwVIHT8mT9TmA9,6,1,50,7,low,strong,incorrect,1 Strongly Distrust,Reject — do not use the information or take the recommended action.,2,35–44,Male,Graduate or professional degree,Daily,Expert/Specialist,Neither Trust nor Distrust,Agree,1,1,2,2,-0.5,-0.5
R_dgwVIHT8mT9TmA9,6,2,51,8,low,none,correct,2 Distrust,Reject — do not use the information or take the recommended action.,3,35–44,Male,Graduate or professional degree,Daily,Expert/Specialist,Neither Trust nor Distrust,Agree,2,1,3,0,0.5,-0.5
R_dgwVIHT8mT9TmA9,6,3,52,9,low,none,incorrect,5 Slightly Trust,Verify before taking action or using the information.,1 (Not serious at all),35–44,Male,Graduate or professional degree,Daily,Expert/Specialist,Neither Trust nor Distrust,Agree,5,2,1,0,-0.5,-0.5
R_dgwVIHT8mT9TmA9,6,4,53,10,low,weak,correct,1 Strongly Distrust,Reject — do not use the information or take the recommended action.,3,35–44,Male,Graduate or professional degree,Daily,Expert/Specialist,Neither Trust nor Distrust,Agree,1,1,3,1,0.5,-0.5
R_dgwVIHT8mT9TmA9,6,5,54,11,low,weak,incorrect,3 Slightly Distrust,Reject — do not use the information or take the recommended action.,1 (Not serious at all),35–44,Male,Graduate or professional degree,Daily,Expert/Specialist,Neither Trust nor Distrust,Agree,3,1,1,1,-0.5,-0.5
R_dgwVIHT8mT9TmA9,6,6,55,12,low,strong,correct,5 Slightly Trust,Use the information or take the recommended action (do not double-check).,1 (Not serious at all),35–44,Male,Graduate or professional degree,Daily,Expert/Specialist,Neither Trust nor Distrust,Agree,5,3,1,2,0.5,-0.5
R_dgwVIHT8mT9TmA9,6,7,56,1,high,strong,incorrect,5 Slightly Trust,Verify before taking action or using the information.,4,35–44,Male,Graduate or professional degree,Daily,Expert/Specialist,Neither Trust nor Distrust,Agree,5,2,4,2,-0.5,0.5
R_dgwVIHT8mT9TmA9,6,8,57,2,high,none,correct,3 Slightly Distrust,Verify before taking action or using the information.,2,35–44,Male,Graduate or professional degree,Daily,Expert/Specialist,Neither Trust nor Distrust,Agree,3,2,2,0,0.5,0.5
R_dgwVIHT8mT9TmA9,6,9,58,3,high,none,incorrect,2 Distrust,Reject — do not use the information or take the recommended action.,1 (Not serious at all),35–44,Male,Graduate or professional degree,Daily,Expert/Specialist,Neither Trust nor Distrust,Agree,2,1,1,0,-0.5,0.5
R_dgwVIHT8mT9TmA9,6,10,59,4,high,weak,correct,5 Slightly Trust,Verify before taking action or using the information.,3,35–44,Male,Graduate or professional degree,Daily,Expert/Specialist,Neither Trust nor Distrust,Agree,5,2,3,1,0.5,0.5
R_dgwVIHT8mT9TmA9,6,11,60,5,high,weak,incorrect,5 Slightly Trust,Verify before taking action or using the information.,3,35–44,Male,Graduate or professional degree,Daily,Expert/Specialist,Neither Trust nor Distrust,Agree,5,2,3,1,-0.5,0.5
R_dgwVIHT8mT9TmA9,6,12,61,6,high,strong,correct,5 Slightly Trust,Verify before taking action or using the information.,3,35–44,Male,Graduate or professional degree,Daily,Expert/Specialist,Neither Trust nor Distrust,Agree,5,2,3,2,0.5,0.5
R_27pntzNjfmVtB5N,2,1,2,7,low,none,incorrect,3 Slightly Distrust,Verify before taking action or using the information.,3,25–34,Male,Bachelor's degree in college (4-year),Weekly,Experienced User,Neither Trust nor Distrust,Agree,3,2,3,0,-0.5,-0.5
R_27pntzNjfmVtB5N,2,2,3,8,low,weak,correct,5 Slightly Trust,Verify before taking action or using the information.,4,25–34,Male,Bachelor's degree in college (4-year),Weekly,Experienced User,Neither Trust nor Distrust,Agree,5,2,4,1,0.5,-0.5
R_27pntzNjfmVtB5N,2,3,4,9,low,weak,incorrect,6 Trust,Use the information or take the recommended action (do not double-check).,3,25–34,Male,Bachelor's degree in college (4-year),Weekly,Experienced User,Neither Trust nor Distrust,Agree,6,3,3,1,-0.5,-0.5
R_27pntzNjfmVtB5N,2,4,5,10,low,strong,correct,6 Trust,Use the information or take the recommended action (do not double-check).,5 (Extremely serious),25–34,Male,Bachelor's degree in college (4-year),Weekly,Experienced User,Neither Trust nor Distrust,Agree,6,3,5,2,0.5,-0.5
R_27pntzNjfmVtB5N,2,5,6,11,low,strong,incorrect,6 Trust,Use the information or take the recommended action (do not double-check).,1 (Not serious at all),25–34,Male,Bachelor's degree in college (4-year),Weekly,Experienced User,Neither Trust nor Distrust,Agree,6,3,1,2,-0.5,-0.5
R_27pntzNjfmVtB5N,2,6,7,12,low,none,correct,6 Trust,Verify before taking action or using the information.,2,25–34,Male,Bachelor's degree in college (4-year),Weekly,Experienced User,Neither Trust nor Distrust,Agree,6,2,2,0,0.5,-0.5
R_27pntzNjfmVtB5N,2,7,8,1,high,none,incorrect,3 Slightly Distrust,Verify before taking action or using the information.,4,25–34,Male,Bachelor's degree in college (4-year),Weekly,Experienced User,Neither Trust nor Distrust,Agree,3,2,4,0,-0.5,0.5
R_27pntzNjfmVtB5N,2,8,9,2,high,weak,correct,5 Slightly Trust,Verify before taking action or using the information.,5 (Extremely serious),25–34,Male,Bachelor's degree in college (4-year),Weekly,Experienced User,Neither Trust nor Distrust,Agree,5,2,5,1,0.5,0.5
R_27pntzNjfmVtB5N,2,9,10,3,high,weak,incorrect,3 Slightly Distrust,Verify before taking action or using the information.,5 (Extremely serious),25–34,Male,Bachelor's degree in college (4-year),Weekly,Experienced User,Neither Trust nor Distrust,Agree,3,2,5,1,-0.5,0.5
R_27pntzNjfmVtB5N,2,10,11,4,high,strong,correct,6 Trust,Verify before taking action or using the information.,3,25–34,Male,Bachelor's degree in college (4-year),Weekly,Experienced User,Neither Trust nor Distrust,Agree,6,2,3,2,0.5,0.5
R_27pntzNjfmVtB5N,2,11,12,5,high,strong,incorrect,5 Slightly Trust,Verify before taking action or using the information.,4,25–34,Male,Bachelor's degree in college (4-year),Weekly,Experienced User,Neither Trust nor Distrust,Agree,5,2,4,2,-0.5,0.5
R_27pntzNjfmVtB5N,2,12,13,6,high,none,correct,5 Slightly Trust,Verify before taking action or using the information.,4,25–34,Male,Bachelor's degree in college (4-year),Weekly,Experienced User,Neither Trust nor Distrust,Agree,5,2,4,0,0.5,0.5
R_vVy04kq4yDTYM2B,3,1,14,7,low,weak,correct,5 Slightly Trust,Verify before taking action or using the information.,2,55–64,Male,Graduate or professional degree,Daily,Advanced Practitioner,Neither Trust nor Distrust,Agree,5,2,2,1,0.5,-0.5
R_vVy04kq4yDTYM2B,3,2,15,8,low,weak,incorrect,4 Neither trust nor distrust,Verify before taking action or using the information.,4,55–64,Male,Graduate or professional degree,Daily,Advanced Practitioner,Neither Trust nor Distrust,Agree,4,2,4,1,-0.5,-0.5
R_vVy04kq4yDTYM2B,3,3,16,9,low,strong,correct,7 Strongly Trust,Use the information or take the recommended action (do not double-check).,3,55–64,Male,Graduate or professional degree,Daily,Advanced Practitioner,Neither Trust nor Distrust,Agree,7,3,3,2,0.5,-0.5
R_vVy04kq4yDTYM2B,3,4,17,10,low,strong,incorrect,6 Trust,Verify before taking action or using the information.,4,55–64,Male,Graduate or professional degree,Daily,Advanced Practitioner,Neither Trust nor Distrust,Agree,6,2,4,2,-0.5,-0.5
R_vVy04kq4yDTYM2B,3,5,18,11,low,none,correct,6 Trust,Use the information or take the recommended action (do not double-check).,1 (Not serious at all),55–64,Male,Graduate or professional degree,Daily,Advanced Practitioner,Neither Trust nor Distrust,Agree,6,3,1,0,0.5,-0.5
R_vVy04kq4yDTYM2B,3,6,19,12,low,none,incorrect,6 Trust,Use the information or take the recommended action (do not double-check).,2,55–64,Male,Graduate or professional degree,Daily,Advanced Practitioner,Neither Trust nor Distrust,Agree,6,3,2,0,-0.5,-0.5
R_vVy04kq4yDTYM2B,3,7,20,1,high,weak,correct,6 Trust,Verify before taking action or using the information.,5 (Extremely serious),55–64,Male,Graduate or professional degree,Daily,Advanced Practitioner,Neither Trust nor Distrust,Agree,6,2,5,1,0.5,0.5
R_vVy04kq4yDTYM2B,3,8,21,2,high,weak,incorrect,6 Trust,Verify before taking action or using the information.,4,55–64,Male,Graduate or professional degree,Daily,Advanced Practitioner,Neither Trust nor Distrust,Agree,6,2,4,1,-0.5,0.5
R_vVy04kq4yDTYM2B,3,9,22,3,high,strong,correct,6 Trust,Use the information or take the recommended action (do not double-check).,3,55–64,Male,Graduate or professional degree,Daily,Advanced Practitioner,Neither Trust nor Distrust,Agree,6,3,3,2,0.5,0.5
R_vVy04kq4yDTYM2B,3,10,23,4,high,strong,incorrect,6 Trust,Verify before taking action or using the information.,3,55–64,Male,Graduate or professional degree,Daily,Advanced Practitioner,Neither Trust nor Distrust,Agree,6,2,3,2,-0.5,0.5
R_vVy04kq4yDTYM2B,3,11,24,5,high,none,correct,4 Neither trust nor distrust,Verify before taking action or using the information.,3,55–64,Male,Graduate or professional degree,Daily,Advanced Practitioner,Neither Trust nor Distrust,Agree,4,2,3,0,0.5,0.5
R_vVy04kq4yDTYM2B,3,12,25,6,high,none,incorrect,6 Trust,Verify before taking action or using the information.,4,55–64,Male,Graduate or professional degree,Daily,Advanced Practitioner,Neither Trust nor Distrust,Agree,6,2,4,0,-0.5,0.5
R_3oEGh8Bi7zPI65g,5,1,38,7,low,strong,correct,6 Trust,Verify before taking action or using the information.,3,55–64,Male,Bachelor's degree in college (4-year),Daily,Experienced User,Trust,Agree,6,2,3,2,0.5,-0.5
R_3oEGh8Bi7zPI65g,5,2,39,8,low,strong,incorrect,6 Trust,Verify before taking action or using the information.,4,55–64,Male,Bachelor's degree in college (4-year),Daily,Experienced User,Trust,Agree,6,2,4,2,-0.5,-0.5
R_3oEGh8Bi7zPI65g,5,3,40,9,low,none,correct,4 Neither trust nor distrust,Verify before taking action or using the information.,2,55–64,Male,Bachelor's degree in college (4-year),Daily,Experienced User,Trust,Agree,4,2,2,0,0.5,-0.5
R_3oEGh8Bi7zPI65g,5,4,41,10,low,none,incorrect,4 Neither trust nor distrust,Verify before taking action or using the information.,3,55–64,Male,Bachelor's degree in college (4-year),Daily,Experienced User,Trust,Agree,4,2,3,0,-0.5,-0.5
R_3oEGh8Bi7zPI65g,5,5,42,11,low,weak,correct,6 Trust,Verify before taking action or using the information.,2,55–64,Male,Bachelor's degree in college (4-year),Daily,Experienced User,Trust,Agree,6,2,2,1,0.5,-0.5
R_3oEGh8Bi7zPI65g,5,6,43,12,low,weak,incorrect,5 Slightly Trust,Verify before taking action or using the information.,3,55–64,Male,Bachelor's degree in college (4-year),Daily,Experienced User,Trust,Agree,5,2,3,1,-0.5,-0.5
R_3oEGh8Bi7zPI65g,5,7,44,1,high,strong,correct,6 Trust,Verify before taking action or using the information.,4,55–64,Male,Bachelor's degree in college (4-year),Daily,Experienced User,Trust,Agree,6,2,4,2,0.5,0.5
R_3oEGh8Bi7zPI65g,5,8,45,2,high,strong,incorrect,6 Trust,Verify before taking action or using the information.,4,55–64,Male,Bachelor's degree in college (4-year),Daily,Experienced User,Trust,Agree,6,2,4,2,-0.5,0.5
R_3oEGh8Bi7zPI65g,5,9,46,3,high,none,correct,4 Neither trust nor distrust,Verify before taking action or using the information.,4,55–64,Male,Bachelor's degree in college (4-year),Daily,Experienced User,Trust,Agree,4,2,4,0,0.5,0.5
R_3oEGh8Bi7zPI65g,5,10,47,4,high,none,incorrect,4 Neither trust nor distrust,Verify before taking action or using the information.,5 (Extremely serious),55–64,Male,Bachelor's degree in college (4-year),Daily,Experienced User,Trust,Agree,4,2,5,0,-0.5,0.5
R_3oEGh8Bi7zPI65g,5,11,48,5,high,weak,correct,5 Slightly Trust,Verify before taking action or using the information.,3,55–64,Male,Bachelor's degree in college (4-year),Daily,Experienced User,Trust,Agree,5,2,3,1,0.5,0.5
R_3oEGh8Bi7zPI65g,5,12,49,6,high,weak,incorrect,5 Slightly Trust,Verify before taking action or using the information.,5 (Extremely serious),55–64,Male,Bachelor's degree in college (4-year),Daily,Experienced User,Trust,Agree,5,2,5,1,-0.5,0.5
R_3GCkKkrCvtCn01J,4,1,26,7,low,weak,incorrect,5 Slightly Trust,Verify before taking action or using the information.,3,55–64,Male,Bachelor's degree in college (4-year),Daily,Experienced User,Neither Trust nor Distrust,Agree,5,2,3,1,-0.5,-0.5
R_3GCkKkrCvtCn01J,4,2,27,8,low,strong,correct,6 Trust,Use the information or take the recommended action (do not double-check).,2,55–64,Male,Bachelor's degree in college (4-year),Daily,Experienced User,Neither Trust nor Distrust,Agree,6,3,2,2,0.5,-0.5
R_3GCkKkrCvtCn01J,4,3,28,9,low,strong,incorrect,7 Strongly Trust,Use the information or take the recommended action (do not double-check).,2,55–64,Male,Bachelor's degree in college (4-year),Daily,Experienced User,Neither Trust nor Distrust,Agree,7,3,2,2,-0.5,-0.5
R_3GCkKkrCvtCn01J,4,4,29,10,low,none,correct,6 Trust,Verify before taking action or using the information.,4,55–64,Male,Bachelor's degree in college (4-year),Daily,Experienced User,Neither Trust nor Distrust,Agree,6,2,4,0,0.5,-0.5
R_3GCkKkrCvtCn01J,4,5,30,11,low,none,incorrect,6 Trust,Use the information or take the recommended action (do not double-check).,1 (Not serious at all),55–64,Male,Bachelor's degree in college (4-year),Daily,Experienced User,Neither Trust nor Distrust,Agree,6,3,1,0,-0.5,-0.5
R_3GCkKkrCvtCn01J,4,6,31,12,low,weak,correct,7 Strongly Trust,Use the information or take the recommended action (do not double-check).,1 (Not serious at all),55–64,Male,Bachelor's degree in college (4-year),Daily,Experienced User,Neither Trust nor Distrust,Agree,7,3,1,1,0.5,-0.5
R_3GCkKkrCvtCn01J,4,7,32,1,high,weak,incorrect,6 Trust,Verify before taking action or using the information.,5 (Extremely serious),55–64,Male,Bachelor's degree in college (4-year),Daily,Experienced User,Neither Trust nor Distrust,Agree,6,2,5,1,-0.5,0.5
R_3GCkKkrCvtCn01J,4,8,33,2,high,strong,correct,7 Strongly Trust,Use the information or take the recommended action (do not double-check).,3,55–64,Male,Bachelor's degree in college (4-year),Daily,Experienced User,Neither Trust nor Distrust,Agree,7,3,3,2,0.5,0.5
R_3GCkKkrCvtCn01J,4,9,34,3,high,strong,incorrect,7 Strongly Trust,Use the information or take the recommended action (do not double-check).,3,55–64,Male,Bachelor's degree in college (4-year),Daily,Experienced User,Neither Trust nor Distrust,Agree,7,3,3,2,-0.5,0.5
R_3GCkKkrCvtCn01J,4,10,35,4,high,none,correct,6 Trust,Verify before taking action or using the information.,5 (Extremely serious),55–64,Male,Bachelor's degree in college (4-year),Daily,Experienced User,Neither Trust nor Distrust,Agree,6,2,5,0,0.5,0.5
R_3GCkKkrCvtCn01J,4,11,36,5,high,none,incorrect,3 Slightly Distrust,Verify before taking action or using the information.,5 (Extremely serious),55–64,Male,Bachelor's degree in college (4-year),Daily,Experienced User,Neither Trust nor Distrust,Agree,3,2,5,0,-0.5,0.5
R_3GCkKkrCvtCn01J,4,12,37,6,high,weak,correct,5 Slightly Trust,Verify before taking action or using the information.,5 (Extremely serious),55–64,Male,Bachelor's degree in college (4-year),Daily,Experienced User,Neither Trust nor Distrust,Agree,5,2,5,1,0.5,0.5
R_2dKqdcQ1pWQWaM0,1,1,1,7,low,none,correct,3 Slightly Distrust,Verify before taking action or using the information.,1 (Not serious at all),55–64,Female,Graduate or professional degree,Weekly,Novice,Neither Trust nor Distrust,Agree,3,2,1,0,0.5,-0.5
R_2dKqdcQ1pWQWaM0,1,2,2,8,low,none,incorrect,4 (Neither trust nor distrust),Verify before taking action or using the information.,4,55–64,Female,Graduate or professional degree,Weekly,Novice,Neither Trust nor Distrust,Agree,4,2,4,0,-0.5,-0.5
R_2dKqdcQ1pWQWaM0,1,3,3,9,low,weak,correct,6 Trust,Verify before taking action or using the information.,1 (Not serious at all),55–64,Female,Graduate or professional degree,Weekly,Novice,Neither Trust nor Distrust,Agree,6,2,1,1,0.5,-0.5
R_2dKqdcQ1pWQWaM0,1,4,4,10,low,weak,incorrect,6 Trust,Verify before taking action or using the information.,4,55–64,Female,Graduate or professional degree,Weekly,Novice,Neither Trust nor Distrust,Agree,6,2,4,1,-0.5,-0.5
R_2dKqdcQ1pWQWaM0,1,5,5,11,low,strong,correct,6 Trust,Use the information or take the recommended action (do not double-check).,1 (Not serious at all),55–64,Female,Graduate or professional degree,Weekly,Novice,Neither Trust nor Distrust,Agree,6,3,1,2,0.5,-0.5
R_2dKqdcQ1pWQWaM0,1,6,6,12,low,strong,incorrect,6 Trust,Use the information or take the recommended action (do not double-check).,1 (Not serious at all),55–64,Female,Graduate or professional degree,Weekly,Novice,Neither Trust nor Distrust,Agree,6,3,1,2,-0.5,-0.5
R_2dKqdcQ1pWQWaM0,1,7,7,1,high,none,correct,5 Slightly Trust,Verify before taking action or using the information.,5 (Extremely serious),55–64,Female,Graduate or professional degree,Weekly,Novice,Neither Trust nor Distrust,Agree,5,2,5,0,0.5,0.5
R_2dKqdcQ1pWQWaM0,1,8,8,2,high,none,incorrect,5 Slightly Trust,Verify before taking action or using the information.,5 (Extremely serious),55–64,Female,Graduate or professional degree,Weekly,Novice,Neither Trust nor Distrust,Agree,5,2,5,0,-0.5,0.5
R_2dKqdcQ1pWQWaM0,1,9,9,3,high,weak,correct,6 Trust,Use the information or take the recommended action (do not double-check).,4,55–64,Female,Graduate or professional degree,Weekly,Novice,Neither Trust nor Distrust,Agree,6,3,4,1,0.5,0.5
R_2dKqdcQ1pWQWaM0,1,10,10,4,high,weak,incorrect,4 (Neither trust nor distrust),Verify before taking action or using the information.,4,55–64,Female,Graduate or professional degree,Weekly,Novice,Neither Trust nor Distrust,Agree,4,2,4,1,-0.5,0.5
R_2dKqdcQ1pWQWaM0,1,11,11,5,high,strong,correct,6 Trust,Verify before taking action or using the information.,5 (Extremely serious),55–64,Female,Graduate or professional degree,Weekly,Novice,Neither Trust nor Distrust,Agree,6,2,5,2,0.5,0.5
R_2dKqdcQ1pWQWaM0,1,12,12,6,high,strong,incorrect,6 Trust,Verify before taking action or using the information.,5 (Extremely serious),55–64,Female,Graduate or professional degree,Weekly,Novice,Neither Trust nor Distrust,Agree,6,2,5,2,-0.5,0.5
R_3KIXgicq5IPiEBc,6,1,50,7,low,strong,incorrect,5 Slightly Trust,Verify before taking action or using the information.,3,18–24,Male,Bachelor's degree in college (4-year),Weekly,Experienced User,Trust,Agree,5,2,3,2,-0.5,-0.5
R_3KIXgicq5IPiEBc,6,2,51,8,low,none,correct,6 Trust,Verify before taking action or using the information.,5 (Extremely serious),18–24,Male,Bachelor's degree in college (4-year),Weekly,Experienced User,Trust,Agree,6,2,5,0,0.5,-0.5
R_3KIXgicq5IPiEBc,6,3,52,9,low,none,incorrect,5 Slightly Trust,Verify before taking action or using the information.,3,18–24,Male,Bachelor's degree in college (4-year),Weekly,Experienced User,Trust,Agree,5,2,3,0,-0.5,-0.5
R_3KIXgicq5IPiEBc,6,4,53,10,low,weak,correct,6 Trust,Verify before taking action or using the information.,4,18–24,Male,Bachelor's degree in college (4-year),Weekly,Experienced User,Trust,Agree,6,2,4,1,0.5,-0.5
R_3KIXgicq5IPiEBc,6,5,54,11,low,weak,incorrect,4 Neither trust nor distrust,Verify before taking action or using the information.,4,18–24,Male,Bachelor's degree in college (4-year),Weekly,Experienced User,Trust,Agree,4,2,4,1,-0.5,-0.5
R_3KIXgicq5IPiEBc,6,6,55,12,low,strong,correct,5 Slightly Trust,Use the information or take the recommended action (do not double-check).,3,18–24,Male,Bachelor's degree in college (4-year),Weekly,Experienced User,Trust,Agree,5,3,3,2,0.5,-0.5
R_3KIXgicq5IPiEBc,6,7,56,1,high,strong,incorrect,6 Trust,Verify before taking action or using the information.,4,18–24,Male,Bachelor's degree in college (4-year),Weekly,Experienced User,Trust,Agree,6,2,4,2,-0.5,0.5
R_3KIXgicq5IPiEBc,6,8,57,2,high,none,correct,4 Neither trust nor distrust,Verify before taking action or using the information.,4,18–24,Male,Bachelor's degree in college (4-year),Weekly,Experienced User,Trust,Agree,4,2,4,0,0.5,0.5
R_3KIXgicq5IPiEBc,6,9,58,3,high,none,incorrect,4 Neither trust nor distrust,Verify before taking action or using the information.,5 (Extremely serious),18–24,Male,Bachelor's degree in college (4-year),Weekly,Experienced User,Trust,Agree,4,2,5,0,-0.5,0.5
R_3KIXgicq5IPiEBc,6,10,59,4,high,weak,correct,5 Slightly Trust,Verify before taking action or using the information.,5 (Extremely serious),18–24,Male,Bachelor's degree in college (4-year),Weekly,Experienced User,Trust,Agree,5,2,5,1,0.5,0.5
R_3KIXgicq5IPiEBc,6,11,60,5,high,weak,incorrect,4 Neither trust nor distrust,Verify before taking action or using the information.,3,18–24,Male,Bachelor's degree in college (4-year),Weekly,Experienced User,Trust,Agree,4,2,3,1,-0.5,0.5
R_3KIXgicq5IPiEBc,6,12,61,6,high,strong,correct,6 Trust,Verify before taking action or using the information.,5 (Extremely serious),18–24,Male,Bachelor's degree in college (4-year),Weekly,Experienced User,Trust,Agree,6,2,5,2,0.5,0.5
R_qDTnJu2XEBjpKHD,3,1,14,7,low,weak,correct,2 Distrust,Verify before taking action or using the information.,3,65+,Male,Some college but no degree,Weekly,Basic User,Neither Trust nor Distrust,Agree,2,2,3,1,0.5,-0.5
R_qDTnJu2XEBjpKHD,3,2,15,8,low,weak,incorrect,5 Slightly Trust,Use the information or take the recommended action (do not double-check).,4,65+,Male,Some college but no degree,Weekly,Basic User,Neither Trust nor Distrust,Agree,5,3,4,1,-0.5,-0.5
R_qDTnJu2XEBjpKHD,3,3,16,9,low,strong,correct,6 Trust,Use the information or take the recommended action (do not double-check).,1 (Not serious at all),65+,Male,Some college but no degree,Weekly,Basic User,Neither Trust nor Distrust,Agree,6,3,1,2,0.5,-0.5
R_qDTnJu2XEBjpKHD,3,4,17,10,low,strong,incorrect,6 Trust,Use the information or take the recommended action (do not double-check).,3,65+,Male,Some college but no degree,Weekly,Basic User,Neither Trust nor Distrust,Agree,6,3,3,2,-0.5,-0.5
R_qDTnJu2XEBjpKHD,3,5,18,11,low,none,correct,5 Slightly Trust,Verify before taking action or using the information.,2,65+,Male,Some college but no degree,Weekly,Basic User,Neither Trust nor Distrust,Agree,5,2,2,0,0.5,-0.5
R_qDTnJu2XEBjpKHD,3,6,19,12,low,none,incorrect,6 Trust,Verify before taking action or using the information.,2,65+,Male,Some college but no degree,Weekly,Basic User,Neither Trust nor Distrust,Agree,6,2,2,0,-0.5,-0.5
R_qDTnJu2XEBjpKHD,3,7,20,1,high,weak,correct,6 Trust,Verify before taking action or using the information.,4,65+,Male,Some college but no degree,Weekly,Basic User,Neither Trust nor Distrust,Agree,6,2,4,1,0.5,0.5
R_qDTnJu2XEBjpKHD,3,8,21,2,high,weak,incorrect,5 Slightly Trust,Verify before taking action or using the information.,4,65+,Male,Some college but no degree,Weekly,Basic User,Neither Trust nor Distrust,Agree,5,2,4,1,-0.5,0.5
R_qDTnJu2XEBjpKHD,3,9,22,3,high,strong,correct,6 Trust,Verify before taking action or using the information.,5 (Extremely serious),65+,Male,Some college but no degree,Weekly,Basic User,Neither Trust nor Distrust,Agree,6,2,5,2,0.5,0.5
R_qDTnJu2XEBjpKHD,3,10,23,4,high,strong,incorrect,5 Slightly Trust,Verify before taking action or using the information.,4,65+,Male,Some college but no degree,Weekly,Basic User,Neither Trust nor Distrust,Agree,5,2,4,2,-0.5,0.5
R_qDTnJu2XEBjpKHD,3,11,24,5,high,none,correct,3 Slightly Distrust,Verify before taking action or using the information.,4,65+,Male,Some college but no degree,Weekly,Basic User,Neither Trust nor Distrust,Agree,3,2,4,0,0.5,0.5
R_qDTnJu2XEBjpKHD,3,12,25,6,high,none,incorrect,3 Slightly Distrust,Verify before taking action or using the information.,5 (Extremely serious),65+,Male,Some college but no degree,Weekly,Basic User,Neither Trust nor Distrust,Agree,3,2,5,0,-0.5,0.5
R_cTpmO7KxUvGnbk5,5,1,38,7,low,strong,correct,2 Distrust,Verify before taking action or using the information.,2,45–54,Female,Graduate or professional degree,Weekly,Basic User,Trust,Agree,2,2,2,2,0.5,-0.5
R_cTpmO7KxUvGnbk5,5,2,39,8,low,strong,incorrect,5 Slightly Trust,Verify before taking action or using the information.,4,45–54,Female,Graduate or professional degree,Weekly,Basic User,Trust,Agree,5,2,4,2,-0.5,-0.5
R_cTpmO7KxUvGnbk5,5,3,40,9,low,none,correct,2 Distrust,Verify before taking action or using the information.,2,45–54,Female,Graduate or professional degree,Weekly,Basic User,Trust,Agree,2,2,2,0,0.5,-0.5
R_cTpmO7KxUvGnbk5,5,4,41,10,low,none,incorrect,2 Distrust,Verify before taking action or using the information.,4,45–54,Female,Graduate or professional degree,Weekly,Basic User,Trust,Agree,2,2,4,0,-0.5,-0.5
R_cTpmO7KxUvGnbk5,5,5,42,11,low,weak,correct,4 Neither trust nor distrust,Verify before taking action or using the information.,3,45–54,Female,Graduate or professional degree,Weekly,Basic User,Trust,Agree,4,2,3,1,0.5,-0.5
R_cTpmO7KxUvGnbk5,5,6,43,12,low,weak,incorrect,6 Trust,Use the information or take the recommended action (do not double-check).,1 (Not serious at all),45–54,Female,Graduate or professional degree,Weekly,Basic User,Trust,Agree,6,3,1,1,-0.5,-0.5
R_cTpmO7KxUvGnbk5,5,7,44,1,high,strong,correct,2 Distrust,Verify before taking action or using the information.,5 (Extremely serious),45–54,Female,Graduate or professional degree,Weekly,Basic User,Trust,Agree,2,2,5,2,0.5,0.5
R_cTpmO7KxUvGnbk5,5,8,45,2,high,strong,incorrect,5 Slightly Trust,Verify before taking action or using the information.,5 (Extremely serious),45–54,Female,Graduate or professional degree,Weekly,Basic User,Trust,Agree,5,2,5,2,-0.5,0.5
R_cTpmO7KxUvGnbk5,5,9,46,3,high,none,correct,4 Neither trust nor distrust,Use the information or take the recommended action (do not double-check).,2,45–54,Female,Graduate or professional degree,Weekly,Basic User,Trust,Agree,4,3,2,0,0.5,0.5
R_cTpmO7KxUvGnbk5,5,10,47,4,high,none,incorrect,4 Neither trust nor distrust,Verify before taking action or using the information.,2,45–54,Female,Graduate or professional degree,Weekly,Basic User,Trust,Agree,4,2,2,0,-0.5,0.5
R_cTpmO7KxUvGnbk5,5,11,48,5,high,weak,correct,4 Neither trust nor distrust,Verify before taking action or using the information.,5 (Extremely serious),45–54,Female,Graduate or professional degree,Weekly,Basic User,Trust,Agree,4,2,5,1,0.5,0.5
R_cTpmO7KxUvGnbk5,5,12,49,6,high,weak,incorrect,4 Neither trust nor distrust,Verify before taking action or using the information.,5 (Extremely serious),45–54,Female,Graduate or professional degree,Weekly,Basic User,Trust,Agree,4,2,5,1,-0.5,0.5
R_2CjIUPGXWDJMwDj,4,1,26,7,low,weak,incorrect,4 Neither trust nor distrust,Verify before taking action or using the information.,2,55–64,Male,Graduate or professional degree,Daily,Novice,Neither Trust nor Distrust,Agree,4,2,2,1,-0.5,-0.5
R_2CjIUPGXWDJMwDj,4,2,27,8,low,strong,correct,4 Neither trust nor distrust,Verify before taking action or using the information.,2,55–64,Male,Graduate or professional degree,Daily,Novice,Neither Trust nor Distrust,Agree,4,2,2,2,0.5,-0.5
R_2CjIUPGXWDJMwDj,4,3,28,9,low,strong,incorrect,4 Neither trust nor distrust,Verify before taking action or using the information.,2,55–64,Male,Graduate or professional degree,Daily,Novice,Neither Trust nor Distrust,Agree,4,2,2,2,-0.5,-0.5
R_2CjIUPGXWDJMwDj,4,4,29,10,low,none,correct,4 Neither trust nor distrust,Verify before taking action or using the information.,3,55–64,Male,Graduate or professional degree,Daily,Novice,Neither Trust nor Distrust,Agree,4,2,3,0,0.5,-0.5
R_2CjIUPGXWDJMwDj,4,5,30,11,low,none,incorrect,4 Neither trust nor distrust,Verify before taking action or using the information.,1 (Not serious at all),55–64,Male,Graduate or professional degree,Daily,Novice,Neither Trust nor Distrust,Agree,4,2,1,0,-0.5,-0.5
R_2CjIUPGXWDJMwDj,4,6,31,12,low,weak,correct,4 Neither trust nor distrust,Verify before taking action or using the information.,1 (Not serious at all),55–64,Male,Graduate or professional degree,Daily,Novice,Neither Trust nor Distrust,Agree,4,2,1,1,0.5,-0.5
R_2CjIUPGXWDJMwDj,4,7,32,1,high,weak,incorrect,4 Neither trust nor distrust,Verify before taking action or using the information.,3,55–64,Male,Graduate or professional degree,Daily,Novice,Neither Trust nor Distrust,Agree,4,2,3,1,-0.5,0.5
R_2CjIUPGXWDJMwDj,4,8,33,2,high,strong,correct,4 Neither trust nor distrust,Verify before taking action or using the information.,4,55–64,Male,Graduate or professional degree,Daily,Novice,Neither Trust nor Distrust,Agree,4,2,4,2,0.5,0.5
R_2CjIUPGXWDJMwDj,4,9,34,3,high,strong,incorrect,4 Neither trust nor distrust,Verify before taking action or using the information.,3,55–64,Male,Graduate or professional degree,Daily,Novice,Neither Trust nor Distrust,Agree,4,2,3,2,-0.5,0.5
R_2CjIUPGXWDJMwDj,4,10,35,4,high,none,correct,4 Neither trust nor distrust,Verify before taking action or using the information.,4,55–64,Male,Graduate or professional degree,Daily,Novice,Neither Trust nor Distrust,Agree,4,2,4,0,0.5,0.5
R_2CjIUPGXWDJMwDj,4,11,36,5,high,none,incorrect,4 Neither trust nor distrust,Verify before taking action or using the information.,4,55–64,Male,Graduate or professional degree,Daily,Novice,Neither Trust nor Distrust,Agree,4,2,4,0,-0.5,0.5
R_2CjIUPGXWDJMwDj,4,12,37,6,high,weak,correct,4 Neither trust nor distrust,Verify before taking action or using the information.,4,55–64,Male,Graduate or professional degree,Daily,Novice,Neither Trust nor Distrust,Agree,4,2,4,1,0.5,0.5
R_1BY2l6H77apIgLE,3,1,14,7,low,weak,correct,3 Slightly Distrust,Verify before taking action or using the information.,2,65+,Female,Bachelor's degree in college (4-year),Weekly,Basic User,Neither Trust nor Distrust,Agree,3,2,2,1,0.5,-0.5
R_1BY2l6H77apIgLE,3,2,15,8,low,weak,incorrect,3 Slightly Distrust,Verify before taking action or using the information.,3,65+,Female,Bachelor's degree in college (4-year),Weekly,Basic User,Neither Trust nor Distrust,Agree,3,2,3,1,-0.5,-0.5
R_1BY2l6H77apIgLE,3,3,16,9,low,strong,correct,6 Trust,Use the information or take the recommended action (do not double-check).,1 (Not serious at all),65+,Female,Bachelor's degree in college (4-year),Weekly,Basic User,Neither Trust nor Distrust,Agree,6,3,1,2,0.5,-0.5
R_1BY2l6H77apIgLE,3,4,17,10,low,strong,incorrect,3 Slightly Distrust,Verify before taking action or using the information.,4,65+,Female,Bachelor's degree in college (4-year),Weekly,Basic User,Neither Trust nor Distrust,Agree,3,2,4,2,-0.5,-0.5
R_1BY2l6H77apIgLE,3,5,18,11,low,none,correct,6 Trust,Use the information or take the recommended action (do not double-check).,2,65+,Female,Bachelor's degree in college (4-year),Weekly,Basic User,Neither Trust nor Distrust,Agree,6,3,2,0,0.5,-0.5
R_1BY2l6H77apIgLE,3,6,19,12,low,none,incorrect,1 Strongly Distrust,Reject — do not use the information or take the recommended action.,2,65+,Female,Bachelor's degree in college (4-year),Weekly,Basic User,Neither Trust nor Distrust,Agree,1,1,2,0,-0.5,-0.5
R_1BY2l6H77apIgLE,3,7,20,1,high,weak,correct,3 Slightly Distrust,Verify before taking action or using the information.,3,65+,Female,Bachelor's degree in college (4-year),Weekly,Basic User,Neither Trust nor Distrust,Agree,3,2,3,1,0.5,0.5
R_1BY2l6H77apIgLE,3,8,21,2,high,weak,incorrect,1 Strongly Distrust,Reject — do not use the information or take the recommended action.,4,65+,Female,Bachelor's degree in college (4-year),Weekly,Basic User,Neither Trust nor Distrust,Agree,1,1,4,1,-0.5,0.5
R_1BY2l6H77apIgLE,3,9,22,3,high,strong,correct,6 Trust,Use the information or take the recommended action (do not double-check).,4,65+,Female,Bachelor's degree in college (4-year),Weekly,Basic User,Neither Trust nor Distrust,Agree,6,3,4,2,0.5,0.5
R_1BY2l6H77apIgLE,3,10,23,4,high,strong,incorrect,3 Slightly Distrust,Verify before taking action or using the information.,4,65+,Female,Bachelor's degree in college (4-year),Weekly,Basic User,Neither Trust nor Distrust,Agree,3,2,4,2,-0.5,0.5
R_1BY2l6H77apIgLE,3,11,24,5,high,none,correct,2 Distrust,Reject — do not use the information or take the recommended action.,4,65+,Female,Bachelor's degree in college (4-year),Weekly,Basic User,Neither Trust nor Distrust,Agree,2,1,4,0,0.5,0.5
R_1BY2l6H77apIgLE,3,12,25,6,high,none,incorrect,3 Slightly Distrust,Verify before taking action or using the information.,4,65+,Female,Bachelor's degree in college (4-year),Weekly,Basic User,Neither Trust nor Distrust,Agree,3,2,4,0,-0.5,0.5
R_3CNGUHoB8B6URqE,6,1,50,7,low,strong,incorrect,2 Distrust,Verify before taking action or using the information.,4,55–64,Female,Graduate or professional degree,Daily,Basic User,Neither Trust nor Distrust,Agree,2,2,4,2,-0.5,-0.5
R_3CNGUHoB8B6URqE,6,2,51,8,low,none,correct,1 Strongly Distrust,Reject — do not use the information or take the recommended action.,4,55–64,Female,Graduate or professional degree,Daily,Basic User,Neither Trust nor Distrust,Agree,1,1,4,0,0.5,-0.5
R_3CNGUHoB8B6URqE,6,3,52,9,low,none,incorrect,7 Strongly Trust,Use the information or take the recommended action (do not double-check).,2,55–64,Female,Graduate or professional degree,Daily,Basic User,Neither Trust nor Distrust,Agree,7,3,2,0,-0.5,-0.5
R_3CNGUHoB8B6URqE,6,4,53,10,low,weak,correct,4 Neither trust nor distrust,Verify before taking action or using the information.,5 (Extremely serious),55–64,Female,Graduate or professional degree,Daily,Basic User,Neither Trust nor Distrust,Agree,4,2,5,1,0.5,-0.5
R_3CNGUHoB8B6URqE,6,5,54,11,low,weak,incorrect,5 Slightly Trust,Verify before taking action or using the information.,2,55–64,Female,Graduate or professional degree,Daily,Basic User,Neither Trust nor Distrust,Agree,5,2,2,1,-0.5,-0.5
R_3CNGUHoB8B6URqE,6,6,55,12,low,strong,correct,7 Strongly Trust,Use the information or take the recommended action (do not double-check).,1 (Not serious at all),55–64,Female,Graduate or professional degree,Daily,Basic User,Neither Trust nor Distrust,Agree,7,3,1,2,0.5,-0.5
R_3CNGUHoB8B6URqE,6,7,56,1,high,strong,incorrect,7 Strongly Trust,Use the information or take the recommended action (do not double-check).,5 (Extremely serious),55–64,Female,Graduate or professional degree,Daily,Basic User,Neither Trust nor Distrust,Agree,7,3,5,2,-0.5,0.5
R_3CNGUHoB8B6URqE,6,8,57,2,high,none,correct,1 Strongly Distrust,Reject — do not use the information or take the recommended action.,5 (Extremely serious),55–64,Female,Graduate or professional degree,Daily,Basic User,Neither Trust nor Distrust,Agree,1,1,5,0,0.5,0.5
R_3CNGUHoB8B6URqE,6,9,58,3,high,none,incorrect,4 Neither trust nor distrust,Verify before taking action or using the information.,4,55–64,Female,Graduate or professional degree,Daily,Basic User,Neither Trust nor Distrust,Agree,4,2,4,0,-0.5,0.5
R_3CNGUHoB8B6URqE,6,10,59,4,high,weak,correct,6 Trust,Use the information or take the recommended action (do not double-check).,5 (Extremely serious),55–64,Female,Graduate or professional degree,Daily,Basic User,Neither Trust nor Distrust,Agree,6,3,5,1,0.5,0.5
R_3CNGUHoB8B6URqE,6,11,60,5,high,weak,incorrect,6 Trust,Verify before taking action or using the information.,5 (Extremely serious),55–64,Female,Graduate or professional degree,Daily,Basic User,Neither Trust nor Distrust,Agree,6,2,5,1,-0.5,0.5
R_3CNGUHoB8B6URqE,6,12,61,6,high,strong,correct,7 Strongly Trust,Verify before taking action or using the information.,5 (Extremely serious),55–64,Female,Graduate or professional degree,Daily,Basic User,Neither Trust nor Distrust,Agree,7,2,5,2,0.5,0.5
R_8dprpdV5cwlJSSZ,6,1,50,7,low,strong,incorrect,4 Neither trust nor distrust,Verify before taking action or using the information.,3,55–64,Prefer not to say,Associate degree in college (2-year),Monthly,Basic User,Neither Trust nor Distrust,Agree,4,2,3,2,-0.5,-0.5
R_8dprpdV5cwlJSSZ,6,2,51,8,low,none,correct,2 Distrust,Verify before taking action or using the information.,3,55–64,Prefer not to say,Associate degree in college (2-year),Monthly,Basic User,Neither Trust nor Distrust,Agree,2,2,3,0,0.5,-0.5
R_8dprpdV5cwlJSSZ,6,3,52,9,low,none,incorrect,5 Slightly Trust,Use the information or take the recommended action (do not double-check).,1 (Not serious at all),55–64,Prefer not to say,Associate degree in college (2-year),Monthly,Basic User,Neither Trust nor Distrust,Agree,5,3,1,0,-0.5,-0.5
R_8dprpdV5cwlJSSZ,6,4,53,10,low,weak,correct,2 Distrust,Verify before taking action or using the information.,4,55–64,Prefer not to say,Associate degree in college (2-year),Monthly,Basic User,Neither Trust nor Distrust,Agree,2,2,4,1,0.5,-0.5
R_8dprpdV5cwlJSSZ,6,5,54,11,low,weak,incorrect,6 Trust,Use the information or take the recommended action (do not double-check).,2,55–64,Prefer not to say,Associate degree in college (2-year),Monthly,Basic User,Neither Trust nor Distrust,Agree,6,3,2,1,-0.5,-0.5
R_8dprpdV5cwlJSSZ,6,6,55,12,low,strong,correct,6 Trust,Use the information or take the recommended action (do not double-check).,1 (Not serious at all),55–64,Prefer not to say,Associate degree in college (2-year),Monthly,Basic User,Neither Trust nor Distrust,Agree,6,3,1,2,0.5,-0.5
R_8dprpdV5cwlJSSZ,6,7,56,1,high,strong,incorrect,5 Slightly Trust,Verify before taking action or using the information.,3,55–64,Prefer not to say,Associate degree in college (2-year),Monthly,Basic User,Neither Trust nor Distrust,Agree,5,2,3,2,-0.5,0.5
R_8dprpdV5cwlJSSZ,6,8,57,2,high,none,correct,4 Neither trust nor distrust,Verify before taking action or using the information.,3,55–64,Prefer not to say,Associate degree in college (2-year),Monthly,Basic User,Neither Trust nor Distrust,Agree,4,2,3,0,0.5,0.5
R_8dprpdV5cwlJSSZ,6,9,58,3,high,none,incorrect,6 Trust,Use the information or take the recommended action (do not double-check).,2,55–64,Prefer not to say,Associate degree in college (2-year),Monthly,Basic User,Neither Trust nor Distrust,Agree,6,3,2,0,-0.5,0.5
R_8dprpdV5cwlJSSZ,6,10,59,4,high,weak,correct,5 Slightly Trust,Verify before taking action or using the information.,4,55–64,Prefer not to say,Associate degree in college (2-year),Monthly,Basic User,Neither Trust nor Distrust,Agree,5,2,4,1,0.5,0.5
R_8dprpdV5cwlJSSZ,6,11,60,5,high,weak,incorrect,4 Neither trust nor distrust,Verify before taking action or using the information.,4,55–64,Prefer not to say,Associate degree in college (2-year),Monthly,Basic User,Neither Trust nor Distrust,Agree,4,2,4,1,-0.5,0.5
R_8dprpdV5cwlJSSZ,6,12,61,6,high,strong,correct,5 Slightly Trust,Verify before taking action or using the information.,4,55–64,Prefer not to say,Associate degree in college (2-year),Monthly,Basic User,Neither Trust nor Distrust,Agree,5,2,4,2,0.5,0.5
R_3KOquZwOAfLcPyF,3,1,14,7,low,weak,correct,3 Slightly Distrust,Verify before taking action or using the information.,2,65+,Male,Graduate or professional degree,Daily,Basic User,Trust,Agree,3,2,2,1,0.5,-0.5
R_3KOquZwOAfLcPyF,3,2,15,8,low,weak,incorrect,4 Neither trust nor distrust,Verify before taking action or using the information.,2,65+,Male,Graduate or professional degree,Daily,Basic User,Trust,Agree,4,2,2,1,-0.5,-0.5
R_3KOquZwOAfLcPyF,3,3,16,9,low,strong,correct,5 Slightly Trust,Use the information or take the recommended action (do not double-check).,4,65+,Male,Graduate or professional degree,Daily,Basic User,Trust,Agree,5,3,4,2,0.5,-0.5
R_3KOquZwOAfLcPyF,3,4,17,10,low,strong,incorrect,5 Slightly Trust,Verify before taking action or using the information.,3,65+,Male,Graduate or professional degree,Daily,Basic User,Trust,Agree,5,2,3,2,-0.5,-0.5
R_3KOquZwOAfLcPyF,3,5,18,11,low,none,correct,4 Neither trust nor distrust,Verify before taking action or using the information.,2,65+,Male,Graduate or professional degree,Daily,Basic User,Trust,Agree,4,2,2,0,0.5,-0.5
R_3KOquZwOAfLcPyF,3,6,19,12,low,none,incorrect,5 Slightly Trust,Verify before taking action or using the information.,1 (Not serious at all),65+,Male,Graduate or professional degree,Daily,Basic User,Trust,Agree,5,2,1,0,-0.5,-0.5
R_3KOquZwOAfLcPyF,3,7,20,1,high,weak,correct,3 Slightly Distrust,Verify before taking action or using the information.,3,65+,Male,Graduate or professional degree,Daily,Basic User,Trust,Agree,3,2,3,1,0.5,0.5
R_3KOquZwOAfLcPyF,3,8,21,2,high,weak,incorrect,5 Slightly Trust,Verify before taking action or using the information.,3,65+,Male,Graduate or professional degree,Daily,Basic User,Trust,Agree,5,2,3,1,-0.5,0.5
R_3KOquZwOAfLcPyF,3,9,22,3,high,strong,correct,4 Neither trust nor distrust,Verify before taking action or using the information.,2,65+,Male,Graduate or professional degree,Daily,Basic User,Trust,Agree,4,2,2,2,0.5,0.5
R_3KOquZwOAfLcPyF,3,10,23,4,high,strong,incorrect,4 Neither trust nor distrust,Verify before taking action or using the information.,3,65+,Male,Graduate or professional degree,Daily,Basic User,Trust,Agree,4,2,3,2,-0.5,0.5
R_3KOquZwOAfLcPyF,3,11,24,5,high,none,correct,3 Slightly Distrust,Verify before taking action or using the information.,3,65+,Male,Graduate or professional degree,Daily,Basic User,Trust,Agree,3,2,3,0,0.5,0.5
R_3KOquZwOAfLcPyF,3,12,25,6,high,none,incorrect,5 Slightly Trust,Verify before taking action or using the information.,3,65+,Male,Graduate or professional degree,Daily,Basic User,Trust,Agree,5,2,3,0,-0.5,0.5
R_3NKY818VJwCuq1Y,5,1,38,7,low,strong,correct,5 Slightly Trust,Verify before taking action or using the information.,4,35–44,Female,Bachelor's degree in college (4-year),Daily,Basic User,Trust,Agree,5,2,4,2,0.5,-0.5
R_3NKY818VJwCuq1Y,5,2,39,8,low,strong,incorrect,6 Trust,Verify before taking action or using the information.,5 (Extremely serious),35–44,Female,Bachelor's degree in college (4-year),Daily,Basic User,Trust,Agree,6,2,5,2,-0.5,-0.5
R_3NKY818VJwCuq1Y,5,3,40,9,low,none,correct,7 Strongly Trust,Verify before taking action or using the information.,4,35–44,Female,Bachelor's degree in college (4-year),Daily,Basic User,Trust,Agree,7,2,4,0,0.5,-0.5
R_3NKY818VJwCuq1Y,5,4,41,10,low,none,incorrect,6 Trust,Verify before taking action or using the information.,4,35–44,Female,Bachelor's degree in college (4-year),Daily,Basic User,Trust,Agree,6,2,4,0,-0.5,-0.5
R_3NKY818VJwCuq1Y,5,5,42,11,low,weak,correct,6 Trust,Verify before taking action or using the information.,3,35–44,Female,Bachelor's degree in college (4-year),Daily,Basic User,Trust,Agree,6,2,3,1,0.5,-0.5
R_3NKY818VJwCuq1Y,5,6,43,12,low,weak,incorrect,6 Trust,Verify before taking action or using the information.,2,35–44,Female,Bachelor's degree in college (4-year),Daily,Basic User,Trust,Agree,6,2,2,1,-0.5,-0.5
R_3NKY818VJwCuq1Y,5,7,44,1,high,strong,correct,4 Neither trust nor distrust,Verify before taking action or using the information.,4,35–44,Female,Bachelor's degree in college (4-year),Daily,Basic User,Trust,Agree,4,2,4,2,0.5,0.5
R_3NKY818VJwCuq1Y,5,8,45,2,high,strong,incorrect,3 Slightly Distrust,Verify before taking action or using the information.,5 (Extremely serious),35–44,Female,Bachelor's degree in college (4-year),Daily,Basic User,Trust,Agree,3,2,5,2,-0.5,0.5
R_3NKY818VJwCuq1Y,5,9,46,3,high,none,correct,5 Slightly Trust,Verify before taking action or using the information.,5 (Extremely serious),35–44,Female,Bachelor's degree in college (4-year),Daily,Basic User,Trust,Agree,5,2,5,0,0.5,0.5
R_3NKY818VJwCuq1Y,5,10,47,4,high,none,incorrect,1 Strongly Distrust,Reject — do not use the information or take the recommended action.,5 (Extremely serious),35–44,Female,Bachelor's degree in college (4-year),Daily,Basic User,Trust,Agree,1,1,5,0,-0.5,0.5
R_3NKY818VJwCuq1Y,5,11,48,5,high,weak,correct,4 Neither trust nor distrust,Verify before taking action or using the information.,5 (Extremely serious),35–44,Female,Bachelor's degree in college (4-year),Daily,Basic User,Trust,Agree,4,2,5,1,0.5,0.5
R_3NKY818VJwCuq1Y,5,12,49,6,high,weak,incorrect,4 Neither trust nor distrust,Verify before taking action or using the information.,5 (Extremely serious),35–44,Female,Bachelor's degree in college (4-year),Daily,Basic User,Trust,Agree,4,2,5,1,-0.5,0.5
R_2VaySnlq9nAIDRe,1,1,1,7,low,none,correct,6 Trust,Use the information or take the recommended action (do not double-check).,2,25–34,Male,Graduate or professional degree,Daily,Experienced User,Trust,Agree,6,3,2,0,0.5,-0.5
R_2VaySnlq9nAIDRe,1,2,2,8,low,none,incorrect,5 Slightly Trust,Verify before taking action or using the information.,3,25–34,Male,Graduate or professional degree,Daily,Experienced User,Trust,Agree,5,2,3,0,-0.5,-0.5
R_2VaySnlq9nAIDRe,1,3,3,9,low,weak,correct,7 Strongly Trust,Use the information or take the recommended action (do not double-check).,3,25–34,Male,Graduate or professional degree,Daily,Experienced User,Trust,Agree,7,3,3,1,0.5,-0.5
R_2VaySnlq9nAIDRe,1,4,4,10,low,weak,incorrect,6 Trust,Use the information or take the recommended action (do not double-check).,3,25–34,Male,Graduate or professional degree,Daily,Experienced User,Trust,Agree,6,3,3,1,-0.5,-0.5
R_2VaySnlq9nAIDRe,1,5,5,11,low,strong,correct,7 Strongly Trust,Use the information or take the recommended action (do not double-check).,1 (Not serious at all),25–34,Male,Graduate or professional degree,Daily,Experienced User,Trust,Agree,7,3,1,2,0.5,-0.5
R_2VaySnlq9nAIDRe,1,6,6,12,low,strong,incorrect,7 Strongly Trust,Use the information or take the recommended action (do not double-check).,1 (Not serious at all),25–34,Male,Graduate or professional degree,Daily,Experienced User,Trust,Agree,7,3,1,2,-0.5,-0.5
R_2VaySnlq9nAIDRe,1,7,7,1,high,none,correct,6 Trust,Verify before taking action or using the information.,3,25–34,Male,Graduate or professional degree,Daily,Experienced User,Trust,Agree,6,2,3,0,0.5,0.5
R_2VaySnlq9nAIDRe,1,8,8,2,high,none,incorrect,4 (Neither trust nor distrust),Verify before taking action or using the information.,5 (Extremely serious),25–34,Male,Graduate or professional degree,Daily,Experienced User,Trust,Agree,4,2,5,0,-0.5,0.5
R_2VaySnlq9nAIDRe,1,9,9,3,high,weak,correct,7 Strongly Trust,Use the information or take the recommended action (do not double-check).,3,25–34,Male,Graduate or professional degree,Daily,Experienced User,Trust,Agree,7,3,3,1,0.5,0.5
R_2VaySnlq9nAIDRe,1,10,10,4,high,weak,incorrect,5 Slightly Trust,Use the information or take the recommended action (do not double-check).,2,25–34,Male,Graduate or professional degree,Daily,Experienced User,Trust,Agree,5,3,2,1,-0.5,0.5
R_2VaySnlq9nAIDRe,1,11,11,5,high,strong,correct,4 (Neither trust nor distrust),Verify before taking action or using the information.,3,25–34,Male,Graduate or professional degree,Daily,Experienced User,Trust,Agree,4,2,3,2,0.5,0.5
R_2VaySnlq9nAIDRe,1,12,12,6,high,strong,incorrect,7 Strongly Trust,Use the information or take the recommended action (do not double-check).,3,25–34,Male,Graduate or professional degree,Daily,Experienced User,Trust,Agree,7,3,3,2,-0.5,0.5
R_2y4q0qAj0zhXt4c,4,1,26,7,low,weak,incorrect,4 Neither trust nor distrust,Reject — do not use the information or take the recommended action.,1 (Not serious at all),25–34,Male,Bachelor's degree in college (4-year),Monthly,Basic User,Distrust,Agree,4,1,1,1,-0.5,-0.5
R_2y4q0qAj0zhXt4c,4,2,27,8,low,strong,correct,5 Slightly Trust,Verify before taking action or using the information.,4,25–34,Male,Bachelor's degree in college (4-year),Monthly,Basic User,Distrust,Agree,5,2,4,2,0.5,-0.5
R_2y4q0qAj0zhXt4c,4,3,28,9,low,strong,incorrect,5 Slightly Trust,Verify before taking action or using the information.,2,25–34,Male,Bachelor's degree in college (4-year),Monthly,Basic User,Distrust,Agree,5,2,2,2,-0.5,-0.5
R_2y4q0qAj0zhXt4c,4,4,29,10,low,none,correct,5 Slightly Trust,Verify before taking action or using the information.,3,25–34,Male,Bachelor's degree in college (4-year),Monthly,Basic User,Distrust,Agree,5,2,3,0,0.5,-0.5
R_2y4q0qAj0zhXt4c,4,5,30,11,low,none,incorrect,6 Trust,Use the information or take the recommended action (do not double-check).,2,25–34,Male,Bachelor's degree in college (4-year),Monthly,Basic User,Distrust,Agree,6,3,2,0,-0.5,-0.5
R_2y4q0qAj0zhXt4c,4,6,31,12,low,weak,correct,4 Neither trust nor distrust,Use the information or take the recommended action (do not double-check).,2,25–34,Male,Bachelor's degree in college (4-year),Monthly,Basic User,Distrust,Agree,4,3,2,1,0.5,-0.5
R_2y4q0qAj0zhXt4c,4,7,32,1,high,weak,incorrect,3 Slightly Distrust,Verify before taking action or using the information.,3,25–34,Male,Bachelor's degree in college (4-year),Monthly,Basic User,Distrust,Agree,3,2,3,1,-0.5,0.5
R_2y4q0qAj0zhXt4c,4,8,33,2,high,strong,correct,5 Slightly Trust,Verify before taking action or using the information.,5 (Extremely serious),25–34,Male,Bachelor's degree in college (4-year),Monthly,Basic User,Distrust,Agree,5,2,5,2,0.5,0.5
R_2y4q0qAj0zhXt4c,4,9,34,3,high,strong,incorrect,4 Neither trust nor distrust,Verify before taking action or using the information.,4,25–34,Male,Bachelor's degree in college (4-year),Monthly,Basic User,Distrust,Agree,4,2,4,2,-0.5,0.5
R_2y4q0qAj0zhXt4c,4,10,35,4,high,none,correct,4 Neither trust nor distrust,Verify before taking action or using the information.,5 (Extremely serious),25–34,Male,Bachelor's degree in college (4-year),Monthly,Basic User,Distrust,Agree,4,2,5,0,0.5,0.5
R_2y4q0qAj0zhXt4c,4,11,36,5,high,none,incorrect,4 Neither trust nor distrust,Verify before taking action or using the information.,3,25–34,Male,Bachelor's degree in college (4-year),Monthly,Basic User,Distrust,Agree,4,2,3,0,-0.5,0.5
R_2y4q0qAj0zhXt4c,4,12,37,6,high,weak,correct,3 Slightly Distrust,Reject — do not use the information or take the recommended action.,5 (Extremely serious),25–34,Male,Bachelor's degree in college (4-year),Monthly,Basic User,Distrust,Agree,3,1,5,1,0.5,0.5
R_uk0VGxoaYWDLjHz,5,1,38,7,low,strong,correct,3 Slightly Distrust,Verify before taking action or using the information.,2,25–34,Female,Bachelor's degree in college (4-year),Daily,Experienced User,Neither Trust nor Distrust,Agree,3,2,2,2,0.5,-0.5
R_uk0VGxoaYWDLjHz,5,2,39,8,low,strong,incorrect,2 Distrust,Verify before taking action or using the information.,2,25–34,Female,Bachelor's degree in college (4-year),Daily,Experienced User,Neither Trust nor Distrust,Agree,2,2,2,2,-0.5,-0.5
R_uk0VGxoaYWDLjHz,5,3,40,9,low,none,correct,2 Distrust,Verify before taking action or using the information.,2,25–34,Female,Bachelor's degree in college (4-year),Daily,Experienced User,Neither Trust nor Distrust,Agree,2,2,2,0,0.5,-0.5
R_uk0VGxoaYWDLjHz,5,4,41,10,low,none,incorrect,1 Strongly Distrust,Reject — do not use the information or take the recommended action.,3,25–34,Female,Bachelor's degree in college (4-year),Daily,Experienced User,Neither Trust nor Distrust,Agree,1,1,3,0,-0.5,-0.5
R_uk0VGxoaYWDLjHz,5,5,42,11,low,weak,correct,3 Slightly Distrust,Verify before taking action or using the information.,1 (Not serious at all),25–34,Female,Bachelor's degree in college (4-year),Daily,Experienced User,Neither Trust nor Distrust,Agree,3,2,1,1,0.5,-0.5
R_uk0VGxoaYWDLjHz,5,6,43,12,low,weak,incorrect,3 Slightly Distrust,Use the information or take the recommended action (do not double-check).,1 (Not serious at all),25–34,Female,Bachelor's degree in college (4-year),Daily,Experienced User,Neither Trust nor Distrust,Agree,3,3,1,1,-0.5,-0.5
R_uk0VGxoaYWDLjHz,5,7,44,1,high,strong,correct,2 Distrust,Verify before taking action or using the information.,4,25–34,Female,Bachelor's degree in college (4-year),Daily,Experienced User,Neither Trust nor Distrust,Agree,2,2,4,2,0.5,0.5
R_uk0VGxoaYWDLjHz,5,8,45,2,high,strong,incorrect,2 Distrust,Verify before taking action or using the information.,2,25–34,Female,Bachelor's degree in college (4-year),Daily,Experienced User,Neither Trust nor Distrust,Agree,2,2,2,2,-0.5,0.5
R_uk0VGxoaYWDLjHz,5,9,46,3,high,none,correct,2 Distrust,Verify before taking action or using the information.,3,25–34,Female,Bachelor's degree in college (4-year),Daily,Experienced User,Neither Trust nor Distrust,Agree,2,2,3,0,0.5,0.5
R_uk0VGxoaYWDLjHz,5,10,47,4,high,none,incorrect,2 Distrust,Verify before taking action or using the information.,3,25–34,Female,Bachelor's degree in college (4-year),Daily,Experienced User,Neither Trust nor Distrust,Agree,2,2,3,0,-0.5,0.5
R_uk0VGxoaYWDLjHz,5,11,48,5,high,weak,correct,2 Distrust,Verify before taking action or using the information.,5 (Extremely serious),25–34,Female,Bachelor's degree in college (4-year),Daily,Experienced User,Neither Trust nor Distrust,Agree,2,2,5,1,0.5,0.5
R_uk0VGxoaYWDLjHz,5,12,49,6,high,weak,incorrect,2 Distrust,Verify before taking action or using the information.,4,25–34,Female,Bachelor's degree in college (4-year),Daily,Experienced User,Neither Trust nor Distrust,Agree,2,2,4,1,-0.5,0.5
R_27JoCVWGLTsz5Xb,3,1,14,7,low,weak,correct,4 Neither trust nor distrust,Verify before taking action or using the information.,1 (Not serious at all),35–44,Male,Some college but no degree,Daily,Advanced Practitioner,Distrust,Agree,4,2,1,1,0.5,-0.5
R_27JoCVWGLTsz5Xb,3,2,15,8,low,weak,incorrect,5 Slightly Trust,Verify before taking action or using the information.,3,35–44,Male,Some college but no degree,Daily,Advanced Practitioner,Distrust,Agree,5,2,3,1,-0.5,-0.5
R_27JoCVWGLTsz5Xb,3,3,16,9,low,strong,correct,5 Slightly Trust,Use the information or take the recommended action (do not double-check).,1 (Not serious at all),35–44,Male,Some college but no degree,Daily,Advanced Practitioner,Distrust,Agree,5,3,1,2,0.5,-0.5
R_27JoCVWGLTsz5Xb,3,4,17,10,low,strong,incorrect,3 Slightly Distrust,Verify before taking action or using the information.,1 (Not serious at all),35–44,Male,Some college but no degree,Daily,Advanced Practitioner,Distrust,Agree,3,2,1,2,-0.5,-0.5
R_27JoCVWGLTsz5Xb,3,5,18,11,low,none,correct,5 Slightly Trust,Use the information or take the recommended action (do not double-check).,1 (Not serious at all),35–44,Male,Some college but no degree,Daily,Advanced Practitioner,Distrust,Agree,5,3,1,0,0.5,-0.5
R_27JoCVWGLTsz5Xb,3,6,19,12,low,none,incorrect,5 Slightly Trust,Verify before taking action or using the information.,1 (Not serious at all),35–44,Male,Some college but no degree,Daily,Advanced Practitioner,Distrust,Agree,5,2,1,0,-0.5,-0.5
R_27JoCVWGLTsz5Xb,3,7,20,1,high,weak,correct,6 Trust,Verify before taking action or using the information.,3,35–44,Male,Some college but no degree,Daily,Advanced Practitioner,Distrust,Agree,6,2,3,1,0.5,0.5
R_27JoCVWGLTsz5Xb,3,8,21,2,high,weak,incorrect,5 Slightly Trust,Verify before taking action or using the information.,4,35–44,Male,Some college but no degree,Daily,Advanced Practitioner,Distrust,Agree,5,2,4,1,-0.5,0.5
R_27JoCVWGLTsz5Xb,3,9,22,3,high,strong,correct,5 Slightly Trust,Verify before taking action or using the information.,2,35–44,Male,Some college but no degree,Daily,Advanced Practitioner,Distrust,Agree,5,2,2,2,0.5,0.5
R_27JoCVWGLTsz5Xb,3,10,23,4,high,strong,incorrect,1 Strongly Distrust,Reject — do not use the information or take the recommended action.,2,35–44,Male,Some college but no degree,Daily,Advanced Practitioner,Distrust,Agree,1,1,2,2,-0.5,0.5
R_27JoCVWGLTsz5Xb,3,11,24,5,high,none,correct,2 Distrust,Verify before taking action or using the information.,3,35–44,Male,Some college but no degree,Daily,Advanced Practitioner,Distrust,Agree,2,2,3,0,0.5,0.5
R_27JoCVWGLTsz5Xb,3,12,25,6,high,none,incorrect,3 Slightly Distrust,Reject — do not use the information or take the recommended action.,3,35–44,Male,Some college but no degree,Daily,Advanced Practitioner,Distrust,Agree,3,1,3,0,-0.5,0.5
R_3FQCKLFWOdt8FFW,4,1,26,7,low,weak,incorrect,5 Slightly Trust,Verify before taking action or using the information.,3,25–34,Female,Bachelor's degree in college (4-year),Weekly,Experienced User,Trust,Agree,5,2,3,1,-0.5,-0.5
R_3FQCKLFWOdt8FFW,4,2,27,8,low,strong,correct,4 Neither trust nor distrust,Verify before taking action or using the information.,3,25–34,Female,Bachelor's degree in college (4-year),Weekly,Experienced User,Trust,Agree,4,2,3,2,0.5,-0.5
R_3FQCKLFWOdt8FFW,4,3,28,9,low,strong,incorrect,6 Trust,Verify before taking action or using the information.,3,25–34,Female,Bachelor's degree in college (4-year),Weekly,Experienced User,Trust,Agree,6,2,3,2,-0.5,-0.5
R_3FQCKLFWOdt8FFW,4,4,29,10,low,none,correct,5 Slightly Trust,Verify before taking action or using the information.,4,25–34,Female,Bachelor's degree in college (4-year),Weekly,Experienced User,Trust,Agree,5,2,4,0,0.5,-0.5
R_3FQCKLFWOdt8FFW,4,5,30,11,low,none,incorrect,6 Trust,Verify before taking action or using the information.,2,25–34,Female,Bachelor's degree in college (4-year),Weekly,Experienced User,Trust,Agree,6,2,2,0,-0.5,-0.5
R_3FQCKLFWOdt8FFW,4,6,31,12,low,weak,correct,6 Trust,Verify before taking action or using the information.,1 (Not serious at all),25–34,Female,Bachelor's degree in college (4-year),Weekly,Experienced User,Trust,Agree,6,2,1,1,0.5,-0.5
R_3FQCKLFWOdt8FFW,4,7,32,1,high,weak,incorrect,5 Slightly Trust,Verify before taking action or using the information.,3,25–34,Female,Bachelor's degree in college (4-year),Weekly,Experienced User,Trust,Agree,5,2,3,1,-0.5,0.5
R_3FQCKLFWOdt8FFW,4,8,33,2,high,strong,correct,5 Slightly Trust,Verify before taking action or using the information.,5 (Extremely serious),25–34,Female,Bachelor's degree in college (4-year),Weekly,Experienced User,Trust,Agree,5,2,5,2,0.5,0.5
R_3FQCKLFWOdt8FFW,4,9,34,3,high,strong,incorrect,6 Trust,Verify before taking action or using the information.,4,25–34,Female,Bachelor's degree in college (4-year),Weekly,Experienced User,Trust,Agree,6,2,4,2,-0.5,0.5
R_3FQCKLFWOdt8FFW,4,10,35,4,high,none,correct,5 Slightly Trust,Verify before taking action or using the information.,4,25–34,Female,Bachelor's degree in college (4-year),Weekly,Experienced User,Trust,Agree,5,2,4,0,0.5,0.5
R_3FQCKLFWOdt8FFW,4,11,36,5,high,none,incorrect,5 Slightly Trust,Verify before taking action or using the information.,4,25–34,Female,Bachelor's degree in college (4-year),Weekly,Experienced User,Trust,Agree,5,2,4,0,-0.5,0.5
R_3FQCKLFWOdt8FFW,4,12,37,6,high,weak,correct,5 Slightly Trust,Verify before taking action or using the information.,5 (Extremely serious),25–34,Female,Bachelor's degree in college (4-year),Weekly,Experienced User,Trust,Agree,5,2,5,1,0.5,0.5
R_1DYAfh2XdToCtfU,1,1,1,7,low,none,correct,1 Strongly Distrust,Verify before taking action or using the information.,3,25–34,Prefer not to say,Bachelor's degree in college (4-year),Never,Basic User,Strongly Distrust,Agree,1,2,3,0,0.5,-0.5
R_1DYAfh2XdToCtfU,1,2,2,8,low,none,incorrect,1 Strongly Distrust,Reject — do not use the information or take the recommended action.,4,25–34,Prefer not to say,Bachelor's degree in college (4-year),Never,Basic User,Strongly Distrust,Agree,1,1,4,0,-0.5,-0.5
R_1DYAfh2XdToCtfU,1,3,3,9,low,weak,correct,1 Strongly Distrust,Verify before taking action or using the information.,3,25–34,Prefer not to say,Bachelor's degree in college (4-year),Never,Basic User,Strongly Distrust,Agree,1,2,3,1,0.5,-0.5
R_1DYAfh2XdToCtfU,1,4,4,10,low,weak,incorrect,1 Strongly Distrust,Verify before taking action or using the information.,3,25–34,Prefer not to say,Bachelor's degree in college (4-year),Never,Basic User,Strongly Distrust,Agree,1,2,3,1,-0.5,-0.5
R_1DYAfh2XdToCtfU,1,5,5,11,low,strong,correct,1 Strongly Distrust,Verify before taking action or using the information.,2,25–34,Prefer not to say,Bachelor's degree in college (4-year),Never,Basic User,Strongly Distrust,Agree,1,2,2,2,0.5,-0.5
R_1DYAfh2XdToCtfU,1,6,6,12,low,strong,incorrect,1 Strongly Distrust,Verify before taking action or using the information.,4,25–34,Prefer not to say,Bachelor's degree in college (4-year),Never,Basic User,Strongly Distrust,Agree,1,2,4,2,-0.5,-0.5
R_1DYAfh2XdToCtfU,1,7,7,1,high,none,correct,1 Strongly Distrust,Verify before taking action or using the information.,4,25–34,Prefer not to say,Bachelor's degree in college (4-year),Never,Basic User,Strongly Distrust,Agree,1,2,4,0,0.5,0.5
R_1DYAfh2XdToCtfU,1,8,8,2,high,none,incorrect,1 Strongly Distrust,Verify before taking action or using the information.,5 (Extremely serious),25–34,Prefer not to say,Bachelor's degree in college (4-year),Never,Basic User,Strongly Distrust,Agree,1,2,5,0,-0.5,0.5
R_1DYAfh2XdToCtfU,1,9,9,3,high,weak,correct,1 Strongly Distrust,Verify before taking action or using the information.,5 (Extremely serious),25–34,Prefer not to say,Bachelor's degree in college (4-year),Never,Basic User,Strongly Distrust,Agree,1,2,5,1,0.5,0.5
R_1DYAfh2XdToCtfU,1,10,10,4,high,weak,incorrect,1 Strongly Distrust,Verify before taking action or using the information.,3,25–34,Prefer not to say,Bachelor's degree in college (4-year),Never,Basic User,Strongly Distrust,Agree,1,2,3,1,-0.5,0.5
R_1DYAfh2XdToCtfU,1,11,11,5,high,strong,correct,1 Strongly Distrust,Verify before taking action or using the information.,4,25–34,Prefer not to say,Bachelor's degree in college (4-year),Never,Basic User,Strongly Distrust,Agree,1,2,4,2,0.5,0.5
R_1DYAfh2XdToCtfU,1,12,12,6,high,strong,incorrect,1 Strongly Distrust,Verify before taking action or using the information.,5 (Extremely serious),25–34,Prefer not to say,Bachelor's degree in college (4-year),Never,Basic User,Strongly Distrust,Agree,1,2,5,2,-0.5,0.5
R_4I7efgK7NAW7Mtz,6,1,50,7,low,strong,incorrect,4 Neither trust nor distrust,Verify before taking action or using the information.,2,25–34,Male,Graduate or professional degree,Daily,Advanced Practitioner,Neither Trust nor Distrust,Agree,4,2,2,2,-0.5,-0.5
R_4I7efgK7NAW7Mtz,6,2,51,8,low,none,correct,4 Neither trust nor distrust,Verify before taking action or using the information.,3,25–34,Male,Graduate or professional degree,Daily,Advanced Practitioner,Neither Trust nor Distrust,Agree,4,2,3,0,0.5,-0.5
R_4I7efgK7NAW7Mtz,6,3,52,9,low,none,incorrect,4 Neither trust nor distrust,Verify before taking action or using the information.,3,25–34,Male,Graduate or professional degree,Daily,Advanced Practitioner,Neither Trust nor Distrust,Agree,4,2,3,0,-0.5,-0.5
R_4I7efgK7NAW7Mtz,6,4,53,10,low,weak,correct,1 Strongly Distrust,Verify before taking action or using the information.,4,25–34,Male,Graduate or professional degree,Daily,Advanced Practitioner,Neither Trust nor Distrust,Agree,1,2,4,1,0.5,-0.5
R_4I7efgK7NAW7Mtz,6,5,54,11,low,weak,incorrect,4 Neither trust nor distrust,Use the information or take the recommended action (do not double-check).,1 (Not serious at all),25–34,Male,Graduate or professional degree,Daily,Advanced Practitioner,Neither Trust nor Distrust,Agree,4,3,1,1,-0.5,-0.5
R_4I7efgK7NAW7Mtz,6,6,55,12,low,strong,correct,4 Neither trust nor distrust,Verify before taking action or using the information.,2,25–34,Male,Graduate or professional degree,Daily,Advanced Practitioner,Neither Trust nor Distrust,Agree,4,2,2,2,0.5,-0.5
R_4I7efgK7NAW7Mtz,6,7,56,1,high,strong,incorrect,4 Neither trust nor distrust,Verify before taking action or using the information.,4,25–34,Male,Graduate or professional degree,Daily,Advanced Practitioner,Neither Trust nor Distrust,Agree,4,2,4,2,-0.5,0.5
R_4I7efgK7NAW7Mtz,6,8,57,2,high,none,correct,5 Slightly Trust,Verify before taking action or using the information.,4,25–34,Male,Graduate or professional degree,Daily,Advanced Practitioner,Neither Trust nor Distrust,Agree,5,2,4,0,0.5,0.5
R_4I7efgK7NAW7Mtz,6,9,58,3,high,none,incorrect,2 Distrust,Reject — do not use the information or take the recommended action.,3,25–34,Male,Graduate or professional degree,Daily,Advanced Practitioner,Neither Trust nor Distrust,Agree,2,1,3,0,-0.5,0.5
R_4I7efgK7NAW7Mtz,6,10,59,4,high,weak,correct,4 Neither trust nor distrust,Verify before taking action or using the information.,5 (Extremely serious),25–34,Male,Graduate or professional degree,Daily,Advanced Practitioner,Neither Trust nor Distrust,Agree,4,2,5,1,0.5,0.5
R_4I7efgK7NAW7Mtz,6,11,60,5,high,weak,incorrect,4 Neither trust nor distrust,Verify before taking action or using the information.,4,25–34,Male,Graduate or professional degree,Daily,Advanced Practitioner,Neither Trust nor Distrust,Agree,4,2,4,1,-0.5,0.5
R_4I7efgK7NAW7Mtz,6,12,61,6,high,strong,correct,4 Neither trust nor distrust,Verify before taking action or using the information.,5 (Extremely serious),25–34,Male,Graduate or professional degree,Daily,Advanced Practitioner,Neither Trust nor Distrust,Agree,4,2,5,2,0.5,0.5
R_3UYWQRhDov3wfiF,1,1,1,7,low,none,correct,6 Trust,Verify before taking action or using the information.,3,35–44,Prefer not to say,Graduate or professional degree,Daily,Advanced Practitioner,Trust,Agree,6,2,3,0,0.5,-0.5
R_3UYWQRhDov3wfiF,1,2,2,8,low,none,incorrect,6 Trust,Verify before taking action or using the information.,5 (Extremely serious),35–44,Prefer not to say,Graduate or professional degree,Daily,Advanced Practitioner,Trust,Agree,6,2,5,0,-0.5,-0.5
R_3UYWQRhDov3wfiF,1,3,3,9,low,weak,correct,5 Slightly Trust,Verify before taking action or using the information.,1 (Not serious at all),35–44,Prefer not to say,Graduate or professional degree,Daily,Advanced Practitioner,Trust,Agree,5,2,1,1,0.5,-0.5
R_3UYWQRhDov3wfiF,1,4,4,10,low,weak,incorrect,5 Slightly Trust,Verify before taking action or using the information.,5 (Extremely serious),35–44,Prefer not to say,Graduate or professional degree,Daily,Advanced Practitioner,Trust,Agree,5,2,5,1,-0.5,-0.5
R_3UYWQRhDov3wfiF,1,5,5,11,low,strong,correct,1 Strongly Distrust,Reject — do not use the information or take the recommended action.,1 (Not serious at all),35–44,Prefer not to say,Graduate or professional degree,Daily,Advanced Practitioner,Trust,Agree,1,1,1,2,0.5,-0.5
R_3UYWQRhDov3wfiF,1,6,6,12,low,strong,incorrect,7 Strongly Trust,Use the information or take the recommended action (do not double-check).,1 (Not serious at all),35–44,Prefer not to say,Graduate or professional degree,Daily,Advanced Practitioner,Trust,Agree,7,3,1,2,-0.5,-0.5
R_3UYWQRhDov3wfiF,1,7,7,1,high,none,correct,4 (Neither trust nor distrust),Verify before taking action or using the information.,5 (Extremely serious),35–44,Prefer not to say,Graduate or professional degree,Daily,Advanced Practitioner,Trust,Agree,4,2,5,0,0.5,0.5
R_3UYWQRhDov3wfiF,1,8,8,2,high,none,incorrect,3 Slightly Distrust,Reject — do not use the information or take the recommended action.,5 (Extremely serious),35–44,Prefer not to say,Graduate or professional degree,Daily,Advanced Practitioner,Trust,Agree,3,1,5,0,-0.5,0.5
R_3UYWQRhDov3wfiF,1,9,9,3,high,weak,correct,5 Slightly Trust,Use the information or take the recommended action (do not double-check).,3,35–44,Prefer not to say,Graduate or professional degree,Daily,Advanced Practitioner,Trust,Agree,5,3,3,1,0.5,0.5
R_3UYWQRhDov3wfiF,1,10,10,4,high,weak,incorrect,4 (Neither trust nor distrust),Verify before taking action or using the information.,5 (Extremely serious),35–44,Prefer not to say,Graduate or professional degree,Daily,Advanced Practitioner,Trust,Agree,4,2,5,1,-0.5,0.5
R_3UYWQRhDov3wfiF,1,11,11,5,high,strong,correct,4 (Neither trust nor distrust),Verify before taking action or using the information.,5 (Extremely serious),35–44,Prefer not to say,Graduate or professional degree,Daily,Advanced Practitioner,Trust,Agree,4,2,5,2,0.5,0.5
R_3UYWQRhDov3wfiF,1,12,12,6,high,strong,incorrect,4 (Neither trust nor distrust),Verify before taking action or using the information.,5 (Extremely serious),35–44,Prefer not to say,Graduate or professional degree,Daily,Advanced Practitioner,Trust,Agree,4,2,5,2,-0.5,0.5
R_20MqYJQY8YjYqln,5,1,38,7,low,strong,correct,5 Slightly Trust,Use the information or take the recommended action (do not double-check).,1 (Not serious at all),25–34,Non-binary,Bachelor's degree in college (4-year),Daily,Experienced User,Distrust,Agree,5,3,1,2,0.5,-0.5
R_20MqYJQY8YjYqln,5,2,39,8,low,strong,incorrect,6 Trust,Use the information or take the recommended action (do not double-check).,1 (Not serious at all),25–34,Non-binary,Bachelor's degree in college (4-year),Daily,Experienced User,Distrust,Agree,6,3,1,2,-0.5,-0.5
R_20MqYJQY8YjYqln,5,3,40,9,low,none,correct,7 Strongly Trust,Use the information or take the recommended action (do not double-check).,1 (Not serious at all),25–34,Non-binary,Bachelor's degree in college (4-year),Daily,Experienced User,Distrust,Agree,7,3,1,0,0.5,-0.5
R_20MqYJQY8YjYqln,5,4,41,10,low,none,incorrect,1 Strongly Distrust,Reject — do not use the information or take the recommended action.,1 (Not serious at all),25–34,Non-binary,Bachelor's degree in college (4-year),Daily,Experienced User,Distrust,Agree,1,1,1,0,-0.5,-0.5
R_20MqYJQY8YjYqln,5,5,42,11,low,weak,correct,3 Slightly Distrust,Reject — do not use the information or take the recommended action.,1 (Not serious at all),25–34,Non-binary,Bachelor's degree in college (4-year),Daily,Experienced User,Distrust,Agree,3,1,1,1,0.5,-0.5
R_20MqYJQY8YjYqln,5,6,43,12,low,weak,incorrect,1 Strongly Distrust,Reject — do not use the information or take the recommended action.,1 (Not serious at all),25–34,Non-binary,Bachelor's degree in college (4-year),Daily,Experienced User,Distrust,Agree,1,1,1,1,-0.5,-0.5
R_20MqYJQY8YjYqln,5,7,44,1,high,strong,correct,6 Trust,Verify before taking action or using the information.,3,25–34,Non-binary,Bachelor's degree in college (4-year),Daily,Experienced User,Distrust,Agree,6,2,3,2,0.5,0.5
R_20MqYJQY8YjYqln,5,8,45,2,high,strong,incorrect,1 Strongly Distrust,Reject — do not use the information or take the recommended action.,5 (Extremely serious),25–34,Non-binary,Bachelor's degree in college (4-year),Daily,Experienced User,Distrust,Agree,1,1,5,2,-0.5,0.5
R_20MqYJQY8YjYqln,5,9,46,3,high,none,correct,4 Neither trust nor distrust,Verify before taking action or using the information.,4,25–34,Non-binary,Bachelor's degree in college (4-year),Daily,Experienced User,Distrust,Agree,4,2,4,0,0.5,0.5
R_20MqYJQY8YjYqln,5,10,47,4,high,none,incorrect,1 Strongly Distrust,Reject — do not use the information or take the recommended action.,2,25–34,Non-binary,Bachelor's degree in college (4-year),Daily,Experienced User,Distrust,Agree,1,1,2,0,-0.5,0.5
R_20MqYJQY8YjYqln,5,11,48,5,high,weak,correct,2 Distrust,Verify before taking action or using the information.,2,25–34,Non-binary,Bachelor's degree in college (4-year),Daily,Experienced User,Distrust,Agree,2,2,2,1,0.5,0.5
R_20MqYJQY8YjYqln,5,12,49,6,high,weak,incorrect,2 Distrust,Verify before taking action or using the information.,4,25–34,Non-binary,Bachelor's degree in college (4-year),Daily,Experienced User,Distrust,Agree,2,2,4,1,-0.5,0.5
R_6fBVLZewZBwnSs9,4,1,26,7,low,weak,incorrect,4 Neither trust nor distrust,Verify before taking action or using the information.,1 (Not serious at all),45–54,Male,Graduate or professional degree,Daily,Advanced Practitioner,Trust,Agree,4,2,1,1,-0.5,-0.5
R_6fBVLZewZBwnSs9,4,2,27,8,low,strong,correct,6 Trust,Verify before taking action or using the information.,3,45–54,Male,Graduate or professional degree,Daily,Advanced Practitioner,Trust,Agree,6,2,3,2,0.5,-0.5
R_6fBVLZewZBwnSs9,4,3,28,9,low,strong,incorrect,7 Strongly Trust,Use the information or take the recommended action (do not double-check).,1 (Not serious at all),45–54,Male,Graduate or professional degree,Daily,Advanced Practitioner,Trust,Agree,7,3,1,2,-0.5,-0.5
R_6fBVLZewZBwnSs9,4,4,29,10,low,none,correct,4 Neither trust nor distrust,Verify before taking action or using the information.,3,45–54,Male,Graduate or professional degree,Daily,Advanced Practitioner,Trust,Agree,4,2,3,0,0.5,-0.5
R_6fBVLZewZBwnSs9,4,5,30,11,low,none,incorrect,2 Distrust,Reject — do not use the information or take the recommended action.,1 (Not serious at all),45–54,Male,Graduate or professional degree,Daily,Advanced Practitioner,Trust,Agree,2,1,1,0,-0.5,-0.5
R_6fBVLZewZBwnSs9,4,6,31,12,low,weak,correct,5 Slightly Trust,Verify before taking action or using the information.,1 (Not serious at all),45–54,Male,Graduate or professional degree,Daily,Advanced Practitioner,Trust,Agree,5,2,1,1,0.5,-0.5
R_6fBVLZewZBwnSs9,4,7,32,1,high,weak,incorrect,6 Trust,Verify before taking action or using the information.,5 (Extremely serious),45–54,Male,Graduate or professional degree,Daily,Advanced Practitioner,Trust,Agree,6,2,5,1,-0.5,0.5
R_6fBVLZewZBwnSs9,4,8,33,2,high,strong,correct,6 Trust,Verify before taking action or using the information.,4,45–54,Male,Graduate or professional degree,Daily,Advanced Practitioner,Trust,Agree,6,2,4,2,0.5,0.5
R_6fBVLZewZBwnSs9,4,9,34,3,high,strong,incorrect,2 Distrust,Reject — do not use the information or take the recommended action.,4,45–54,Male,Graduate or professional degree,Daily,Advanced Practitioner,Trust,Agree,2,1,4,2,-0.5,0.5
R_6fBVLZewZBwnSs9,4,10,35,4,high,none,correct,6 Trust,Use the information or take the recommended action (do not double-check).,2,45–54,Male,Graduate or professional degree,Daily,Advanced Practitioner,Trust,Agree,6,3,2,0,0.5,0.5
R_6fBVLZewZBwnSs9,4,11,36,5,high,none,incorrect,3 Slightly Distrust,Reject — do not use the information or take the recommended action.,3,45–54,Male,Graduate or professional degree,Daily,Advanced Practitioner,Trust,Agree,3,1,3,0,-0.5,0.5
R_6fBVLZewZBwnSs9,4,12,37,6,high,weak,correct,3 Slightly Distrust,Verify before taking action or using the information.,4,45–54,Male,Graduate or professional degree,Daily,Advanced Practitioner,Trust,Agree,3,2,4,1,0.5,0.5
R_1KfMtgr6qxpz22O,3,1,14,7,low,weak,correct,7 Strongly Trust,Use the information or take the recommended action (do not double-check).,1 (Not serious at all),55–64,Female,Graduate or professional degree,Daily,Advanced Practitioner,Neither Trust nor Distrust,Agree,7,3,1,1,0.5,-0.5
R_1KfMtgr6qxpz22O,3,2,15,8,low,weak,incorrect,6 Trust,Verify before taking action or using the information.,2,55–64,Female,Graduate or professional degree,Daily,Advanced Practitioner,Neither Trust nor Distrust,Agree,6,2,2,1,-0.5,-0.5
R_1KfMtgr6qxpz22O,3,3,16,9,low,strong,correct,7 Strongly Trust,Use the information or take the recommended action (do not double-check).,2,55–64,Female,Graduate or professional degree,Daily,Advanced Practitioner,Neither Trust nor Distrust,Agree,7,3,2,2,0.5,-0.5
R_1KfMtgr6qxpz22O,3,4,17,10,low,strong,incorrect,6 Trust,Verify before taking action or using the information.,3,55–64,Female,Graduate or professional degree,Daily,Advanced Practitioner,Neither Trust nor Distrust,Agree,6,2,3,2,-0.5,-0.5
R_1KfMtgr6qxpz22O,3,5,18,11,low,none,correct,6 Trust,Use the information or take the recommended action (do not double-check).,1 (Not serious at all),55–64,Female,Graduate or professional degree,Daily,Advanced Practitioner,Neither Trust nor Distrust,Agree,6,3,1,0,0.5,-0.5
R_1KfMtgr6qxpz22O,3,6,19,12,low,none,incorrect,4 Neither trust nor distrust,Verify before taking action or using the information.,1 (Not serious at all),55–64,Female,Graduate or professional degree,Daily,Advanced Practitioner,Neither Trust nor Distrust,Agree,4,2,1,0,-0.5,-0.5
R_1KfMtgr6qxpz22O,3,7,20,1,high,weak,correct,7 Strongly Trust,Use the information or take the recommended action (do not double-check).,3,55–64,Female,Graduate or professional degree,Daily,Advanced Practitioner,Neither Trust nor Distrust,Agree,7,3,3,1,0.5,0.5
R_1KfMtgr6qxpz22O,3,8,21,2,high,weak,incorrect,7 Strongly Trust,Use the information or take the recommended action (do not double-check).,4,55–64,Female,Graduate or professional degree,Daily,Advanced Practitioner,Neither Trust nor Distrust,Agree,7,3,4,1,-0.5,0.5
R_1KfMtgr6qxpz22O,3,9,22,3,high,strong,correct,7 Strongly Trust,Use the information or take the recommended action (do not double-check).,4,55–64,Female,Graduate or professional degree,Daily,Advanced Practitioner,Neither Trust nor Distrust,Agree,7,3,4,2,0.5,0.5
R_1KfMtgr6qxpz22O,3,10,23,4,high,strong,incorrect,7 Strongly Trust,Verify before taking action or using the information.,4,55–64,Female,Graduate or professional degree,Daily,Advanced Practitioner,Neither Trust nor Distrust,Agree,7,2,4,2,-0.5,0.5
R_1KfMtgr6qxpz22O,3,11,24,5,high,none,correct,2 Distrust,Verify before taking action or using the information.,3,55–64,Female,Graduate or professional degree,Daily,Advanced Practitioner,Neither Trust nor Distrust,Agree,2,2,3,0,0.5,0.5
R_1KfMtgr6qxpz22O,3,12,25,6,high,none,incorrect,2 Distrust,Verify before taking action or using the information.,3,55–64,Female,Graduate or professional degree,Daily,Advanced Practitioner,Neither Trust nor Distrust,Agree,2,2,3,0,-0.5,0.5
R_2YxhgeceXlWYi8r,6,1,50,7,low,strong,incorrect,6 Trust,Use the information or take the recommended action (do not double-check).,1 (Not serious at all),25–34,Male,Bachelor's degree in college (4-year),Daily,Expert/Specialist,Trust,Agree,6,3,1,2,-0.5,-0.5
R_2YxhgeceXlWYi8r,6,2,51,8,low,none,correct,5 Slightly Trust,Verify before taking action or using the information.,3,25–34,Male,Bachelor's degree in college (4-year),Daily,Expert/Specialist,Trust,Agree,5,2,3,0,0.5,-0.5
R_2YxhgeceXlWYi8r,6,3,52,9,low,none,incorrect,6 Trust,Use the information or take the recommended action (do not double-check).,1 (Not serious at all),25–34,Male,Bachelor's degree in college (4-year),Daily,Expert/Specialist,Trust,Agree,6,3,1,0,-0.5,-0.5
R_2YxhgeceXlWYi8r,6,4,53,10,low,weak,correct,6 Trust,Verify before taking action or using the information.,2,25–34,Male,Bachelor's degree in college (4-year),Daily,Expert/Specialist,Trust,Agree,6,2,2,1,0.5,-0.5
R_2YxhgeceXlWYi8r,6,5,54,11,low,weak,incorrect,6 Trust,Use the information or take the recommended action (do not double-check).,1 (Not serious at all),25–34,Male,Bachelor's degree in college (4-year),Daily,Expert/Specialist,Trust,Agree,6,3,1,1,-0.5,-0.5
R_2YxhgeceXlWYi8r,6,6,55,12,low,strong,correct,7 Strongly Trust,Use the information or take the recommended action (do not double-check).,1 (Not serious at all),25–34,Male,Bachelor's degree in college (4-year),Daily,Expert/Specialist,Trust,Agree,7,3,1,2,0.5,-0.5
R_2YxhgeceXlWYi8r,6,7,56,1,high,strong,incorrect,6 Trust,Verify before taking action or using the information.,2,25–34,Male,Bachelor's degree in college (4-year),Daily,Expert/Specialist,Trust,Agree,6,2,2,2,-0.5,0.5
R_2YxhgeceXlWYi8r,6,8,57,2,high,none,correct,1 Strongly Distrust,Reject — do not use the information or take the recommended action.,5 (Extremely serious),25–34,Male,Bachelor's degree in college (4-year),Daily,Expert/Specialist,Trust,Agree,1,1,5,0,0.5,0.5
R_2YxhgeceXlWYi8r,6,9,58,3,high,none,incorrect,6 Trust,Use the information or take the recommended action (do not double-check).,1 (Not serious at all),25–34,Male,Bachelor's degree in college (4-year),Daily,Expert/Specialist,Trust,Agree,6,3,1,0,-0.5,0.5
R_2YxhgeceXlWYi8r,6,10,59,4,high,weak,correct,6 Trust,Verify before taking action or using the information.,4,25–34,Male,Bachelor's degree in college (4-year),Daily,Expert/Specialist,Trust,Agree,6,2,4,1,0.5,0.5
R_2YxhgeceXlWYi8r,6,11,60,5,high,weak,incorrect,6 Trust,Use the information or take the recommended action (do not double-check).,2,25–34,Male,Bachelor's degree in college (4-year),Daily,Expert/Specialist,Trust,Agree,6,3,2,1,-0.5,0.5
R_2YxhgeceXlWYi8r,6,12,61,6,high,strong,correct,6 Trust,Verify before taking action or using the information.,3,25–34,Male,Bachelor's degree in college (4-year),Daily,Expert/Specialist,Trust,Agree,6,2,3,2,0.5,0.5
R_vP8B7Ik7VMCY4Cd,4,1,26,7,low,weak,incorrect,5 Slightly Trust,Verify before taking action or using the information.,2,45–54,Male,Bachelor's degree in college (4-year),Daily,Experienced User,Trust,Agree,5,2,2,1,-0.5,-0.5
R_vP8B7Ik7VMCY4Cd,4,2,27,8,low,strong,correct,3 Slightly Distrust,Verify before taking action or using the information.,3,45–54,Male,Bachelor's degree in college (4-year),Daily,Experienced User,Trust,Agree,3,2,3,2,0.5,-0.5
R_vP8B7Ik7VMCY4Cd,4,3,28,9,low,strong,incorrect,6 Trust,Use the information or take the recommended action (do not double-check).,2,45–54,Male,Bachelor's degree in college (4-year),Daily,Experienced User,Trust,Agree,6,3,2,2,-0.5,-0.5
R_vP8B7Ik7VMCY4Cd,4,4,29,10,low,none,correct,6 Trust,Verify before taking action or using the information.,4,45–54,Male,Bachelor's degree in college (4-year),Daily,Experienced User,Trust,Agree,6,2,4,0,0.5,-0.5
R_vP8B7Ik7VMCY4Cd,4,5,30,11,low,none,incorrect,6 Trust,Use the information or take the recommended action (do not double-check).,1 (Not serious at all),45–54,Male,Bachelor's degree in college (4-year),Daily,Experienced User,Trust,Agree,6,3,1,0,-0.5,-0.5
R_vP8B7Ik7VMCY4Cd,4,6,31,12,low,weak,correct,6 Trust,Use the information or take the recommended action (do not double-check).,2,45–54,Male,Bachelor's degree in college (4-year),Daily,Experienced User,Trust,Agree,6,3,2,1,0.5,-0.5
R_vP8B7Ik7VMCY4Cd,4,7,32,1,high,weak,incorrect,5 Slightly Trust,Verify before taking action or using the information.,4,45–54,Male,Bachelor's degree in college (4-year),Daily,Experienced User,Trust,Agree,5,2,4,1,-0.5,0.5
R_vP8B7Ik7VMCY4Cd,4,8,33,2,high,strong,correct,5 Slightly Trust,Verify before taking action or using the information.,5 (Extremely serious),45–54,Male,Bachelor's degree in college (4-year),Daily,Experienced User,Trust,Agree,5,2,5,2,0.5,0.5
R_vP8B7Ik7VMCY4Cd,4,9,34,3,high,strong,incorrect,3 Slightly Distrust,Verify before taking action or using the information.,4,45–54,Male,Bachelor's degree in college (4-year),Daily,Experienced User,Trust,Agree,3,2,4,2,-0.5,0.5
R_vP8B7Ik7VMCY4Cd,4,10,35,4,high,none,correct,6 Trust,Use the information or take the recommended action (do not double-check).,3,45–54,Male,Bachelor's degree in college (4-year),Daily,Experienced User,Trust,Agree,6,3,3,0,0.5,0.5
R_vP8B7Ik7VMCY4Cd,4,11,36,5,high,none,incorrect,5 Slightly Trust,Verify before taking action or using the information.,3,45–54,Male,Bachelor's degree in college (4-year),Daily,Experienced User,Trust,Agree,5,2,3,0,-0.5,0.5
R_vP8B7Ik7VMCY4Cd,4,12,37,6,high,weak,correct,5 Slightly Trust,Verify before taking action or using the information.,4,45–54,Male,Bachelor's degree in college (4-year),Daily,Experienced User,Trust,Agree,5,2,4,1,0.5,0.5
R_2xXnZhhLbiRRDuv,6,1,50,7,low,strong,incorrect,5 Slightly Trust,Use the information or take the recommended action (do not double-check).,2,45–54,Male,Graduate or professional degree,Daily,Advanced Practitioner,Neither Trust nor Distrust,Agree,5,3,2,2,-0.5,-0.5
R_2xXnZhhLbiRRDuv,6,2,51,8,low,none,correct,5 Slightly Trust,Verify before taking action or using the information.,3,45–54,Male,Graduate or professional degree,Daily,Advanced Practitioner,Neither Trust nor Distrust,Agree,5,2,3,0,0.5,-0.5
R_2xXnZhhLbiRRDuv,6,3,52,9,low,none,incorrect,5 Slightly Trust,Use the information or take the recommended action (do not double-check).,2,45–54,Male,Graduate or professional degree,Daily,Advanced Practitioner,Neither Trust nor Distrust,Agree,5,3,2,0,-0.5,-0.5
R_2xXnZhhLbiRRDuv,6,4,53,10,low,weak,correct,5 Slightly Trust,Verify before taking action or using the information.,2,45–54,Male,Graduate or professional degree,Daily,Advanced Practitioner,Neither Trust nor Distrust,Agree,5,2,2,1,0.5,-0.5
R_2xXnZhhLbiRRDuv,6,5,54,11,low,weak,incorrect,5 Slightly Trust,Verify before taking action or using the information.,3,45–54,Male,Graduate or professional degree,Daily,Advanced Practitioner,Neither Trust nor Distrust,Agree,5,2,3,1,-0.5,-0.5
R_2xXnZhhLbiRRDuv,6,6,55,12,low,strong,correct,5 Slightly Trust,Use the information or take the recommended action (do not double-check).,2,45–54,Male,Graduate or professional degree,Daily,Advanced Practitioner,Neither Trust nor Distrust,Agree,5,3,2,2,0.5,-0.5
R_2xXnZhhLbiRRDuv,6,7,56,1,high,strong,incorrect,5 Slightly Trust,Verify before taking action or using the information.,4,45–54,Male,Graduate or professional degree,Daily,Advanced Practitioner,Neither Trust nor Distrust,Agree,5,2,4,2,-0.5,0.5
R_2xXnZhhLbiRRDuv,6,8,57,2,high,none,correct,5 Slightly Trust,Verify before taking action or using the information.,4,45–54,Male,Graduate or professional degree,Daily,Advanced Practitioner,Neither Trust nor Distrust,Agree,5,2,4,0,0.5,0.5
R_2xXnZhhLbiRRDuv,6,9,58,3,high,none,incorrect,5 Slightly Trust,Use the information or take the recommended action (do not double-check).,3,45–54,Male,Graduate or professional degree,Daily,Advanced Practitioner,Neither Trust nor Distrust,Agree,5,3,3,0,-0.5,0.5
R_2xXnZhhLbiRRDuv,6,10,59,4,high,weak,correct,5 Slightly Trust,Use the information or take the recommended action (do not double-check).,3,45–54,Male,Graduate or professional degree,Daily,Advanced Practitioner,Neither Trust nor Distrust,Agree,5,3,3,1,0.5,0.5
R_2xXnZhhLbiRRDuv,6,11,60,5,high,weak,incorrect,5 Slightly Trust,Verify before taking action or using the information.,3,45–54,Male,Graduate or professional degree,Daily,Advanced Practitioner,Neither Trust nor Distrust,Agree,5,2,3,1,-0.5,0.5
R_2xXnZhhLbiRRDuv,6,12,61,6,high,strong,correct,5 Slightly Trust,Verify before taking action or using the information.,4,45–54,Male,Graduate or professional degree,Daily,Advanced Practitioner,Neither Trust nor Distrust,Agree,5,2,4,2,0.5,0.5
R_ptkaDCAFKBgfCNP,5,1,38,7,low,strong,correct,3 Slightly Distrust,Verify before taking action or using the information.,3,45–54,Female,Graduate or professional degree,Monthly,Basic User,Distrust,Agree,3,2,3,2,0.5,-0.5
R_ptkaDCAFKBgfCNP,5,2,39,8,low,strong,incorrect,4 Neither trust nor distrust,Verify before taking action or using the information.,3,45–54,Female,Graduate or professional degree,Monthly,Basic User,Distrust,Agree,4,2,3,2,-0.5,-0.5
R_ptkaDCAFKBgfCNP,5,3,40,9,low,none,correct,5 Slightly Trust,Use the information or take the recommended action (do not double-check).,2,45–54,Female,Graduate or professional degree,Monthly,Basic User,Distrust,Agree,5,3,2,0,0.5,-0.5
R_ptkaDCAFKBgfCNP,5,4,41,10,low,none,incorrect,3 Slightly Distrust,Verify before taking action or using the information.,3,45–54,Female,Graduate or professional degree,Monthly,Basic User,Distrust,Agree,3,2,3,0,-0.5,-0.5
R_ptkaDCAFKBgfCNP,5,5,42,11,low,weak,correct,4 Neither trust nor distrust,Verify before taking action or using the information.,1 (Not serious at all),45–54,Female,Graduate or professional degree,Monthly,Basic User,Distrust,Agree,4,2,1,1,0.5,-0.5
R_ptkaDCAFKBgfCNP,5,6,43,12,low,weak,incorrect,5 Slightly Trust,Use the information or take the recommended action (do not double-check).,1 (Not serious at all),45–54,Female,Graduate or professional degree,Monthly,Basic User,Distrust,Agree,5,3,1,1,-0.5,-0.5
R_ptkaDCAFKBgfCNP,5,7,44,1,high,strong,correct,4 Neither trust nor distrust,Verify before taking action or using the information.,4,45–54,Female,Graduate or professional degree,Monthly,Basic User,Distrust,Agree,4,2,4,2,0.5,0.5
R_ptkaDCAFKBgfCNP,5,8,45,2,high,strong,incorrect,5 Slightly Trust,Verify before taking action or using the information.,5 (Extremely serious),45–54,Female,Graduate or professional degree,Monthly,Basic User,Distrust,Agree,5,2,5,2,-0.5,0.5
R_ptkaDCAFKBgfCNP,5,9,46,3,high,none,correct,5 Slightly Trust,Use the information or take the recommended action (do not double-check).,3,45–54,Female,Graduate or professional degree,Monthly,Basic User,Distrust,Agree,5,3,3,0,0.5,0.5
R_ptkaDCAFKBgfCNP,5,10,47,4,high,none,incorrect,4 Neither trust nor distrust,Verify before taking action or using the information.,5 (Extremely serious),45–54,Female,Graduate or professional degree,Monthly,Basic User,Distrust,Agree,4,2,5,0,-0.5,0.5
R_ptkaDCAFKBgfCNP,5,11,48,5,high,weak,correct,4 Neither trust nor distrust,Verify before taking action or using the information.,4,45–54,Female,Graduate or professional degree,Monthly,Basic User,Distrust,Agree,4,2,4,1,0.5,0.5
R_ptkaDCAFKBgfCNP,5,12,49,6,high,weak,incorrect,4 Neither trust nor distrust,Verify before taking action or using the information.,5 (Extremely serious),45–54,Female,Graduate or professional degree,Monthly,Basic User,Distrust,Agree,4,2,5,1,-0.5,0.5
R_3hGVLKDHO8Co9My,2,1,2,7,low,none,incorrect,2 Distrust,Verify before taking action or using the information.,2,35–44,Male,Bachelor's degree in college (4-year),Weekly,Advanced Practitioner,Neither Trust nor Distrust,Agree,2,2,2,0,-0.5,-0.5
R_3hGVLKDHO8Co9My,2,2,3,8,low,weak,correct,3 Slightly Distrust,Verify before taking action or using the information.,3,35–44,Male,Bachelor's degree in college (4-year),Weekly,Advanced Practitioner,Neither Trust nor Distrust,Agree,3,2,3,1,0.5,-0.5
R_3hGVLKDHO8Co9My,2,3,4,9,low,weak,incorrect,5 Slightly Trust,Use the information or take the recommended action (do not double-check).,1 (Not serious at all),35–44,Male,Bachelor's degree in college (4-year),Weekly,Advanced Practitioner,Neither Trust nor Distrust,Agree,5,3,1,1,-0.5,-0.5
R_3hGVLKDHO8Co9My,2,4,5,10,low,strong,correct,2 Distrust,Verify before taking action or using the information.,4,35–44,Male,Bachelor's degree in college (4-year),Weekly,Advanced Practitioner,Neither Trust nor Distrust,Agree,2,2,4,2,0.5,-0.5
R_3hGVLKDHO8Co9My,2,5,6,11,low,strong,incorrect,4 Neither trust nor distrust,Verify before taking action or using the information.,2,35–44,Male,Bachelor's degree in college (4-year),Weekly,Advanced Practitioner,Neither Trust nor Distrust,Agree,4,2,2,2,-0.5,-0.5
R_3hGVLKDHO8Co9My,2,6,7,12,low,none,correct,5 Slightly Trust,Verify before taking action or using the information.,2,35–44,Male,Bachelor's degree in college (4-year),Weekly,Advanced Practitioner,Neither Trust nor Distrust,Agree,5,2,2,0,0.5,-0.5
R_3hGVLKDHO8Co9My,2,7,8,1,high,none,incorrect,2 Distrust,Verify before taking action or using the information.,4,35–44,Male,Bachelor's degree in college (4-year),Weekly,Advanced Practitioner,Neither Trust nor Distrust,Agree,2,2,4,0,-0.5,0.5
R_3hGVLKDHO8Co9My,2,8,9,2,high,weak,correct,1 Strongly Distrust,Verify before taking action or using the information.,5 (Extremely serious),35–44,Male,Bachelor's degree in college (4-year),Weekly,Advanced Practitioner,Neither Trust nor Distrust,Agree,1,2,5,1,0.5,0.5
R_3hGVLKDHO8Co9My,2,9,10,3,high,weak,incorrect,1 Strongly Distrust,Reject — do not use the information or take the recommended action.,4,35–44,Male,Bachelor's degree in college (4-year),Weekly,Advanced Practitioner,Neither Trust nor Distrust,Agree,1,1,4,1,-0.5,0.5
R_3hGVLKDHO8Co9My,2,10,11,4,high,strong,correct,5 Slightly Trust,Verify before taking action or using the information.,5 (Extremely serious),35–44,Male,Bachelor's degree in college (4-year),Weekly,Advanced Practitioner,Neither Trust nor Distrust,Agree,5,2,5,2,0.5,0.5
R_3hGVLKDHO8Co9My,2,11,12,5,high,strong,incorrect,3 Slightly Distrust,Verify before taking action or using the information.,4,35–44,Male,Bachelor's degree in college (4-year),Weekly,Advanced Practitioner,Neither Trust nor Distrust,Agree,3,2,4,2,-0.5,0.5
R_3hGVLKDHO8Co9My,2,12,13,6,high,none,correct,2 Distrust,Verify before taking action or using the information.,4,35–44,Male,Bachelor's degree in college (4-year),Weekly,Advanced Practitioner,Neither Trust nor Distrust,Agree,2,2,4,0,0.5,0.5
R_1CDXV7gP8Kzc0H8,1,1,1,7,low,none,correct,2 Distrust,Reject — do not use the information or take the recommended action.,2,55–64,Female,Graduate or professional degree,Daily,Basic User,Neither Trust nor Distrust,Agree,2,1,2,0,0.5,-0.5
R_1CDXV7gP8Kzc0H8,1,2,2,8,low,none,incorrect,2 Distrust,Reject — do not use the information or take the recommended action.,3,55–64,Female,Graduate or professional degree,Daily,Basic User,Neither Trust nor Distrust,Agree,2,1,3,0,-0.5,-0.5
R_1CDXV7gP8Kzc0H8,1,3,3,9,low,weak,correct,5 Slightly Trust,Verify before taking action or using the information.,2,55–64,Female,Graduate or professional degree,Daily,Basic User,Neither Trust nor Distrust,Agree,5,2,2,1,0.5,-0.5
R_1CDXV7gP8Kzc0H8,1,4,4,10,low,weak,incorrect,3 Slightly Distrust,Verify before taking action or using the information.,3,55–64,Female,Graduate or professional degree,Daily,Basic User,Neither Trust nor Distrust,Agree,3,2,3,1,-0.5,-0.5
R_1CDXV7gP8Kzc0H8,1,5,5,11,low,strong,correct,7 Strongly Trust,Use the information or take the recommended action (do not double-check).,1 (Not serious at all),55–64,Female,Graduate or professional degree,Daily,Basic User,Neither Trust nor Distrust,Agree,7,3,1,2,0.5,-0.5
R_1CDXV7gP8Kzc0H8,1,6,6,12,low,strong,incorrect,7 Strongly Trust,Use the information or take the recommended action (do not double-check).,1 (Not serious at all),55–64,Female,Graduate or professional degree,Daily,Basic User,Neither Trust nor Distrust,Agree,7,3,1,2,-0.5,-0.5
R_1CDXV7gP8Kzc0H8,1,7,7,1,high,none,correct,3 Slightly Distrust,Verify before taking action or using the information.,4,55–64,Female,Graduate or professional degree,Daily,Basic User,Neither Trust nor Distrust,Agree,3,2,4,0,0.5,0.5
R_1CDXV7gP8Kzc0H8,1,8,8,2,high,none,incorrect,2 Distrust,Reject — do not use the information or take the recommended action.,5 (Extremely serious),55–64,Female,Graduate or professional degree,Daily,Basic User,Neither Trust nor Distrust,Agree,2,1,5,0,-0.5,0.5
R_1CDXV7gP8Kzc0H8,1,9,9,3,high,weak,correct,5 Slightly Trust,Verify before taking action or using the information.,3,55–64,Female,Graduate or professional degree,Daily,Basic User,Neither Trust nor Distrust,Agree,5,2,3,1,0.5,0.5
R_1CDXV7gP8Kzc0H8,1,10,10,4,high,weak,incorrect,3 Slightly Distrust,Verify before taking action or using the information.,5 (Extremely serious),55–64,Female,Graduate or professional degree,Daily,Basic User,Neither Trust nor Distrust,Agree,3,2,5,1,-0.5,0.5
R_1CDXV7gP8Kzc0H8,1,11,11,5,high,strong,correct,6 Trust,Verify before taking action or using the information.,4,55–64,Female,Graduate or professional degree,Daily,Basic User,Neither Trust nor Distrust,Agree,6,2,4,2,0.5,0.5
R_1CDXV7gP8Kzc0H8,1,12,12,6,high,strong,incorrect,6 Trust,Verify before taking action or using the information.,5 (Extremely serious),55–64,Female,Graduate or professional degree,Daily,Basic User,Neither Trust nor Distrust,Agree,6,2,5,2,-0.5,0.5
R_3jSW0QA9eg5oE1o,2,1,2,7,low,none,incorrect,1 Strongly Distrust,Reject — do not use the information or take the recommended action.,3,18–24,Female,Bachelor's degree in college (4-year),Daily,Experienced User,Trust,Agree,1,1,3,0,-0.5,-0.5
R_3jSW0QA9eg5oE1o,2,2,3,8,low,weak,correct,2 Distrust,Reject — do not use the information or take the recommended action.,2,18–24,Female,Bachelor's degree in college (4-year),Daily,Experienced User,Trust,Agree,2,1,2,1,0.5,-0.5
R_3jSW0QA9eg5oE1o,2,3,4,9,low,weak,incorrect,6 Trust,Use the information or take the recommended action (do not double-check).,2,18–24,Female,Bachelor's degree in college (4-year),Daily,Experienced User,Trust,Agree,6,3,2,1,-0.5,-0.5
R_3jSW0QA9eg5oE1o,2,4,5,10,low,strong,correct,3 Slightly Distrust,Verify before taking action or using the information.,5 (Extremely serious),18–24,Female,Bachelor's degree in college (4-year),Daily,Experienced User,Trust,Agree,3,2,5,2,0.5,-0.5
R_3jSW0QA9eg5oE1o,2,5,6,11,low,strong,incorrect,4 Neither trust nor distrust,Verify before taking action or using the information.,2,18–24,Female,Bachelor's degree in college (4-year),Daily,Experienced User,Trust,Agree,4,2,2,2,-0.5,-0.5
R_3jSW0QA9eg5oE1o,2,6,7,12,low,none,correct,7 Strongly Trust,Use the information or take the recommended action (do not double-check).,1 (Not serious at all),18–24,Female,Bachelor's degree in college (4-year),Daily,Experienced User,Trust,Agree,7,3,1,0,0.5,-0.5
R_3jSW0QA9eg5oE1o,2,7,8,1,high,none,incorrect,4 Neither trust nor distrust,Verify before taking action or using the information.,4,18–24,Female,Bachelor's degree in college (4-year),Daily,Experienced User,Trust,Agree,4,2,4,0,-0.5,0.5
R_3jSW0QA9eg5oE1o,2,8,9,2,high,weak,correct,5 Slightly Trust,Verify before taking action or using the information.,5 (Extremely serious),18–24,Female,Bachelor's degree in college (4-year),Daily,Experienced User,Trust,Agree,5,2,5,1,0.5,0.5
R_3jSW0QA9eg5oE1o,2,9,10,3,high,weak,incorrect,5 Slightly Trust,Verify before taking action or using the information.,4,18–24,Female,Bachelor's degree in college (4-year),Daily,Experienced User,Trust,Agree,5,2,4,1,-0.5,0.5
R_3jSW0QA9eg5oE1o,2,10,11,4,high,strong,correct,5 Slightly Trust,Verify before taking action or using the information.,4,18–24,Female,Bachelor's degree in college (4-year),Daily,Experienced User,Trust,Agree,5,2,4,2,0.5,0.5
R_3jSW0QA9eg5oE1o,2,11,12,5,high,strong,incorrect,6 Trust,Verify before taking action or using the information.,4,18–24,Female,Bachelor's degree in college (4-year),Daily,Experienced User,Trust,Agree,6,2,4,2,-0.5,0.5
R_3jSW0QA9eg5oE1o,2,12,13,6,high,none,correct,4 Neither trust nor distrust,Verify before taking action or using the information.,5 (Extremely serious),18–24,Female,Bachelor's degree in college (4-year),Daily,Experienced User,Trust,Agree,4,2,5,0,0.5,0.5
R_TvCnpXgdzFVd7Sp,3,1,14,7,low,weak,correct,6 Trust,Verify before taking action or using the information.,3,25–34,Male,Bachelor's degree in college (4-year),Daily,Experienced User,Trust,Agree,6,2,3,1,0.5,-0.5
R_TvCnpXgdzFVd7Sp,3,2,15,8,low,weak,incorrect,6 Trust,Verify before taking action or using the information.,3,25–34,Male,Bachelor's degree in college (4-year),Daily,Experienced User,Trust,Agree,6,2,3,1,-0.5,-0.5
R_TvCnpXgdzFVd7Sp,3,3,16,9,low,strong,correct,6 Trust,Verify before taking action or using the information.,3,25–34,Male,Bachelor's degree in college (4-year),Daily,Experienced User,Trust,Agree,6,2,3,2,0.5,-0.5
R_TvCnpXgdzFVd7Sp,3,4,17,10,low,strong,incorrect,6 Trust,Verify before taking action or using the information.,3,25–34,Male,Bachelor's degree in college (4-year),Daily,Experienced User,Trust,Agree,6,2,3,2,-0.5,-0.5
R_TvCnpXgdzFVd7Sp,3,5,18,11,low,none,correct,6 Trust,Verify before taking action or using the information.,1 (Not serious at all),25–34,Male,Bachelor's degree in college (4-year),Daily,Experienced User,Trust,Agree,6,2,1,0,0.5,-0.5
R_TvCnpXgdzFVd7Sp,3,6,19,12,low,none,incorrect,6 Trust,Use the information or take the recommended action (do not double-check).,1 (Not serious at all),25–34,Male,Bachelor's degree in college (4-year),Daily,Experienced User,Trust,Agree,6,3,1,0,-0.5,-0.5
R_TvCnpXgdzFVd7Sp,3,7,20,1,high,weak,correct,6 Trust,Verify before taking action or using the information.,4,25–34,Male,Bachelor's degree in college (4-year),Daily,Experienced User,Trust,Agree,6,2,4,1,0.5,0.5
R_TvCnpXgdzFVd7Sp,3,8,21,2,high,weak,incorrect,6 Trust,Verify before taking action or using the information.,3,25–34,Male,Bachelor's degree in college (4-year),Daily,Experienced User,Trust,Agree,6,2,3,1,-0.5,0.5
R_TvCnpXgdzFVd7Sp,3,9,22,3,high,strong,correct,6 Trust,Verify before taking action or using the information.,3,25–34,Male,Bachelor's degree in college (4-year),Daily,Experienced User,Trust,Agree,6,2,3,2,0.5,0.5
R_TvCnpXgdzFVd7Sp,3,10,23,4,high,strong,incorrect,6 Trust,Verify before taking action or using the information.,3,25–34,Male,Bachelor's degree in college (4-year),Daily,Experienced User,Trust,Agree,6,2,3,2,-0.5,0.5
R_TvCnpXgdzFVd7Sp,3,11,24,5,high,none,correct,6 Trust,Verify before taking action or using the information.,3,25–34,Male,Bachelor's degree in college (4-year),Daily,Experienced User,Trust,Agree,6,2,3,0,0.5,0.5
R_TvCnpXgdzFVd7Sp,3,12,25,6,high,none,incorrect,6 Trust,Verify before taking action or using the information.,4,25–34,Male,Bachelor's degree in college (4-year),Daily,Experienced User,Trust,Agree,6,2,4,0,-0.5,0.5
R_1Dr4cMiWXAtzSxf,6,1,50,7,low,strong,incorrect,6 Trust,Verify before taking action or using the information.,1 (Not serious at all),45–54,Male,Graduate or professional degree,Daily,Expert/Specialist,Distrust,Agree,6,2,1,2,-0.5,-0.5
R_1Dr4cMiWXAtzSxf,6,2,51,8,low,none,correct,4 Neither trust nor distrust,Verify before taking action or using the information.,2,45–54,Male,Graduate or professional degree,Daily,Expert/Specialist,Distrust,Agree,4,2,2,0,0.5,-0.5
R_1Dr4cMiWXAtzSxf,6,3,52,9,low,none,incorrect,7 Strongly Trust,Use the information or take the recommended action (do not double-check).,1 (Not serious at all),45–54,Male,Graduate or professional degree,Daily,Expert/Specialist,Distrust,Agree,7,3,1,0,-0.5,-0.5
R_1Dr4cMiWXAtzSxf,6,4,53,10,low,weak,correct,5 Slightly Trust,Verify before taking action or using the information.,2,45–54,Male,Graduate or professional degree,Daily,Expert/Specialist,Distrust,Agree,5,2,2,1,0.5,-0.5
R_1Dr4cMiWXAtzSxf,6,5,54,11,low,weak,incorrect,7 Strongly Trust,Use the information or take the recommended action (do not double-check).,1 (Not serious at all),45–54,Male,Graduate or professional degree,Daily,Expert/Specialist,Distrust,Agree,7,3,1,1,-0.5,-0.5
R_1Dr4cMiWXAtzSxf,6,6,55,12,low,strong,correct,7 Strongly Trust,Use the information or take the recommended action (do not double-check).,1 (Not serious at all),45–54,Male,Graduate or professional degree,Daily,Expert/Specialist,Distrust,Agree,7,3,1,2,0.5,-0.5
R_1Dr4cMiWXAtzSxf,6,7,56,1,high,strong,incorrect,3 Slightly Distrust,Verify before taking action or using the information.,4,45–54,Male,Graduate or professional degree,Daily,Expert/Specialist,Distrust,Agree,3,2,4,2,-0.5,0.5
R_1Dr4cMiWXAtzSxf,6,8,57,2,high,none,correct,6 Trust,Verify before taking action or using the information.,4,45–54,Male,Graduate or professional degree,Daily,Expert/Specialist,Distrust,Agree,6,2,4,0,0.5,0.5
R_1Dr4cMiWXAtzSxf,6,9,58,3,high,none,incorrect,5 Slightly Trust,Verify before taking action or using the information.,4,45–54,Male,Graduate or professional degree,Daily,Expert/Specialist,Distrust,Agree,5,2,4,0,-0.5,0.5
R_1Dr4cMiWXAtzSxf,6,10,59,4,high,weak,correct,7 Strongly Trust,Verify before taking action or using the information.,3,45–54,Male,Graduate or professional degree,Daily,Expert/Specialist,Distrust,Agree,7,2,3,1,0.5,0.5
R_1Dr4cMiWXAtzSxf,6,11,60,5,high,weak,incorrect,4 Neither trust nor distrust,Verify before taking action or using the information.,4,45–54,Male,Graduate or professional degree,Daily,Expert/Specialist,Distrust,Agree,4,2,4,1,-0.5,0.5
R_1Dr4cMiWXAtzSxf,6,12,61,6,high,strong,correct,6 Trust,Verify before taking action or using the information.,5 (Extremely serious),45–54,Male,Graduate or professional degree,Daily,Expert/Specialist,Distrust,Agree,6,2,5,2,0.5,0.5
R_ystBj5iGiu95AMV,5,1,38,7,low,strong,correct,5 Slightly Trust,Verify before taking action or using the information.,3,25–34,Male,Graduate or professional degree,Daily,Advanced Practitioner,Neither Trust nor Distrust,Agree,5,2,3,2,0.5,-0.5
R_ystBj5iGiu95AMV,5,2,39,8,low,strong,incorrect,5 Slightly Trust,Verify before taking action or using the information.,3,25–34,Male,Graduate or professional degree,Daily,Advanced Practitioner,Neither Trust nor Distrust,Agree,5,2,3,2,-0.5,-0.5
R_ystBj5iGiu95AMV,5,3,40,9,low,none,correct,5 Slightly Trust,Use the information or take the recommended action (do not double-check).,1 (Not serious at all),25–34,Male,Graduate or professional degree,Daily,Advanced Practitioner,Neither Trust nor Distrust,Agree,5,3,1,0,0.5,-0.5
R_ystBj5iGiu95AMV,5,4,41,10,low,none,incorrect,3 Slightly Distrust,Verify before taking action or using the information.,4,25–34,Male,Graduate or professional degree,Daily,Advanced Practitioner,Neither Trust nor Distrust,Agree,3,2,4,0,-0.5,-0.5
R_ystBj5iGiu95AMV,5,5,42,11,low,weak,correct,4 Neither trust nor distrust,Verify before taking action or using the information.,3,25–34,Male,Graduate or professional degree,Daily,Advanced Practitioner,Neither Trust nor Distrust,Agree,4,2,3,1,0.5,-0.5
R_ystBj5iGiu95AMV,5,6,43,12,low,weak,incorrect,5 Slightly Trust,Use the information or take the recommended action (do not double-check).,1 (Not serious at all),25–34,Male,Graduate or professional degree,Daily,Advanced Practitioner,Neither Trust nor Distrust,Agree,5,3,1,1,-0.5,-0.5
R_ystBj5iGiu95AMV,5,7,44,1,high,strong,correct,5 Slightly Trust,Verify before taking action or using the information.,3,25–34,Male,Graduate or professional degree,Daily,Advanced Practitioner,Neither Trust nor Distrust,Agree,5,2,3,2,0.5,0.5
R_ystBj5iGiu95AMV,5,8,45,2,high,strong,incorrect,5 Slightly Trust,Verify before taking action or using the information.,5 (Extremely serious),25–34,Male,Graduate or professional degree,Daily,Advanced Practitioner,Neither Trust nor Distrust,Agree,5,2,5,2,-0.5,0.5
R_ystBj5iGiu95AMV,5,9,46,3,high,none,correct,4 Neither trust nor distrust,Verify before taking action or using the information.,5 (Extremely serious),25–34,Male,Graduate or professional degree,Daily,Advanced Practitioner,Neither Trust nor Distrust,Agree,4,2,5,0,0.5,0.5
R_ystBj5iGiu95AMV,5,10,47,4,high,none,incorrect,2 Distrust,Reject — do not use the information or take the recommended action.,4,25–34,Male,Graduate or professional degree,Daily,Advanced Practitioner,Neither Trust nor Distrust,Agree,2,1,4,0,-0.5,0.5
R_ystBj5iGiu95AMV,5,11,48,5,high,weak,correct,3 Slightly Distrust,Verify before taking action or using the information.,4,25–34,Male,Graduate or professional degree,Daily,Advanced Practitioner,Neither Trust nor Distrust,Agree,3,2,4,1,0.5,0.5
R_ystBj5iGiu95AMV,5,12,49,6,high,weak,incorrect,5 Slightly Trust,Verify before taking action or using the information.,4,25–34,Male,Graduate or professional degree,Daily,Advanced Practitioner,Neither Trust nor Distrust,Agree,5,2,4,1,-0.5,0.5
R_x00ZMnaB11C8FxL,1,1,1,7,low,none,correct,4 (Neither trust nor distrust),Reject — do not use the information or take the recommended action.,1 (Not serious at all),45–54,Male,Graduate or professional degree,Daily,Experienced User,Trust,Agree,4,1,1,0,0.5,-0.5
R_x00ZMnaB11C8FxL,1,2,2,8,low,none,incorrect,5 Slightly Trust,Verify before taking action or using the information.,2,45–54,Male,Graduate or professional degree,Daily,Experienced User,Trust,Agree,5,2,2,0,-0.5,-0.5
R_x00ZMnaB11C8FxL,1,3,3,9,low,weak,correct,7 Strongly Trust,Use the information or take the recommended action (do not double-check).,2,45–54,Male,Graduate or professional degree,Daily,Experienced User,Trust,Agree,7,3,2,1,0.5,-0.5
R_x00ZMnaB11C8FxL,1,4,4,10,low,weak,incorrect,6 Trust,Use the information or take the recommended action (do not double-check).,3,45–54,Male,Graduate or professional degree,Daily,Experienced User,Trust,Agree,6,3,3,1,-0.5,-0.5
R_x00ZMnaB11C8FxL,1,5,5,11,low,strong,correct,6 Trust,Use the information or take the recommended action (do not double-check).,2,45–54,Male,Graduate or professional degree,Daily,Experienced User,Trust,Agree,6,3,2,2,0.5,-0.5
R_x00ZMnaB11C8FxL,1,6,6,12,low,strong,incorrect,7 Strongly Trust,Use the information or take the recommended action (do not double-check).,1 (Not serious at all),45–54,Male,Graduate or professional degree,Daily,Experienced User,Trust,Agree,7,3,1,2,-0.5,-0.5
R_x00ZMnaB11C8FxL,1,7,7,1,high,none,correct,7 Strongly Trust,Use the information or take the recommended action (do not double-check).,2,45–54,Male,Graduate or professional degree,Daily,Experienced User,Trust,Agree,7,3,2,0,0.5,0.5
R_x00ZMnaB11C8FxL,1,8,8,2,high,none,incorrect,1 Strongly Distrust,Reject — do not use the information or take the recommended action.,5 (Extremely serious),45–54,Male,Graduate or professional degree,Daily,Experienced User,Trust,Agree,1,1,5,0,-0.5,0.5
R_x00ZMnaB11C8FxL,1,9,9,3,high,weak,correct,5 Slightly Trust,Use the information or take the recommended action (do not double-check).,3,45–54,Male,Graduate or professional degree,Daily,Experienced User,Trust,Agree,5,3,3,1,0.5,0.5
R_x00ZMnaB11C8FxL,1,10,10,4,high,weak,incorrect,5 Slightly Trust,Verify before taking action or using the information.,4,45–54,Male,Graduate or professional degree,Daily,Experienced User,Trust,Agree,5,2,4,1,-0.5,0.5
R_x00ZMnaB11C8FxL,1,11,11,5,high,strong,correct,6 Trust,Verify before taking action or using the information.,4,45–54,Male,Graduate or professional degree,Daily,Experienced User,Trust,Agree,6,2,4,2,0.5,0.5
R_x00ZMnaB11C8FxL,1,12,12,6,high,strong,incorrect,6 Trust,Use the information or take the recommended action (do not double-check).,3,45–54,Male,Graduate or professional degree,Daily,Experienced User,Trust,Agree,6,3,3,2,-0.5,0.5
R_2zHY9l4eAmWPl8v,4,1,26,7,low,weak,incorrect,6 Trust,Verify before taking action or using the information.,1 (Not serious at all),25–34,Female,Bachelor's degree in college (4-year),Daily,Expert/Specialist,Neither Trust nor Distrust,Agree,6,2,1,1,-0.5,-0.5
R_2zHY9l4eAmWPl8v,4,2,27,8,low,strong,correct,5 Slightly Trust,Verify before taking action or using the information.,5 (Extremely serious),25–34,Female,Bachelor's degree in college (4-year),Daily,Expert/Specialist,Neither Trust nor Distrust,Agree,5,2,5,2,0.5,-0.5
R_2zHY9l4eAmWPl8v,4,3,28,9,low,strong,incorrect,5 Slightly Trust,Verify before taking action or using the information.,3,25–34,Female,Bachelor's degree in college (4-year),Daily,Expert/Specialist,Neither Trust nor Distrust,Agree,5,2,3,2,-0.5,-0.5
R_2zHY9l4eAmWPl8v,4,4,29,10,low,none,correct,5 Slightly Trust,Verify before taking action or using the information.,5 (Extremely serious),25–34,Female,Bachelor's degree in college (4-year),Daily,Expert/Specialist,Neither Trust nor Distrust,Agree,5,2,5,0,0.5,-0.5
R_2zHY9l4eAmWPl8v,4,5,30,11,low,none,incorrect,6 Trust,Use the information or take the recommended action (do not double-check).,1 (Not serious at all),25–34,Female,Bachelor's degree in college (4-year),Daily,Expert/Specialist,Neither Trust nor Distrust,Agree,6,3,1,0,-0.5,-0.5
R_2zHY9l4eAmWPl8v,4,6,31,12,low,weak,correct,5 Slightly Trust,Verify before taking action or using the information.,1 (Not serious at all),25–34,Female,Bachelor's degree in college (4-year),Daily,Expert/Specialist,Neither Trust nor Distrust,Agree,5,2,1,1,0.5,-0.5
R_2zHY9l4eAmWPl8v,4,7,32,1,high,weak,incorrect,6 Trust,Verify before taking action or using the information.,5 (Extremely serious),25–34,Female,Bachelor's degree in college (4-year),Daily,Expert/Specialist,Neither Trust nor Distrust,Agree,6,2,5,1,-0.5,0.5
R_2zHY9l4eAmWPl8v,4,8,33,2,high,strong,correct,5 Slightly Trust,Verify before taking action or using the information.,3,25–34,Female,Bachelor's degree in college (4-year),Daily,Expert/Specialist,Neither Trust nor Distrust,Agree,5,2,3,2,0.5,0.5
R_2zHY9l4eAmWPl8v,4,9,34,3,high,strong,incorrect,5 Slightly Trust,Use the information or take the recommended action (do not double-check).,1 (Not serious at all),25–34,Female,Bachelor's degree in college (4-year),Daily,Expert/Specialist,Neither Trust nor Distrust,Agree,5,3,1,2,-0.5,0.5
R_2zHY9l4eAmWPl8v,4,10,35,4,high,none,correct,7 Strongly Trust,Use the information or take the recommended action (do not double-check).,5 (Extremely serious),25–34,Female,Bachelor's degree in college (4-year),Daily,Expert/Specialist,Neither Trust nor Distrust,Agree,7,3,5,0,0.5,0.5
R_2zHY9l4eAmWPl8v,4,11,36,5,high,none,incorrect,5 Slightly Trust,Verify before taking action or using the information.,5 (Extremely serious),25–34,Female,Bachelor's degree in college (4-year),Daily,Expert/Specialist,Neither Trust nor Distrust,Agree,5,2,5,0,-0.5,0.5
R_2zHY9l4eAmWPl8v,4,12,37,6,high,weak,correct,5 Slightly Trust,Verify before taking action or using the information.,5 (Extremely serious),25–34,Female,Bachelor's degree in college (4-year),Daily,Expert/Specialist,Neither Trust nor Distrust,Agree,5,2,5,1,0.5,0.5
R_3p2TSMF5N4kCem1,2,1,2,7,low,none,incorrect,6 Trust,Use the information or take the recommended action (do not double-check).,1 (Not serious at all),55–64,Male,Bachelor's degree in college (4-year),Daily,Advanced Practitioner,Distrust,Agree,6,3,1,0,-0.5,-0.5
R_3p2TSMF5N4kCem1,2,2,3,8,low,weak,correct,5 Slightly Trust,Use the information or take the recommended action (do not double-check).,3,55–64,Male,Bachelor's degree in college (4-year),Daily,Advanced Practitioner,Distrust,Agree,5,3,3,1,0.5,-0.5
R_3p2TSMF5N4kCem1,2,3,4,9,low,weak,incorrect,5 Slightly Trust,Verify before taking action or using the information.,2,55–64,Male,Bachelor's degree in college (4-year),Daily,Advanced Practitioner,Distrust,Agree,5,2,2,1,-0.5,-0.5
R_3p2TSMF5N4kCem1,2,4,5,10,low,strong,correct,2 Distrust,Verify before taking action or using the information.,3,55–64,Male,Bachelor's degree in college (4-year),Daily,Advanced Practitioner,Distrust,Agree,2,2,3,2,0.5,-0.5
R_3p2TSMF5N4kCem1,2,5,6,11,low,strong,incorrect,5 Slightly Trust,Verify before taking action or using the information.,1 (Not serious at all),55–64,Male,Bachelor's degree in college (4-year),Daily,Advanced Practitioner,Distrust,Agree,5,2,1,2,-0.5,-0.5
R_3p2TSMF5N4kCem1,2,6,7,12,low,none,correct,6 Trust,Verify before taking action or using the information.,1 (Not serious at all),55–64,Male,Bachelor's degree in college (4-year),Daily,Advanced Practitioner,Distrust,Agree,6,2,1,0,0.5,-0.5
R_3p2TSMF5N4kCem1,2,7,8,1,high,none,incorrect,3 Slightly Distrust,Verify before taking action or using the information.,4,55–64,Male,Bachelor's degree in college (4-year),Daily,Advanced Practitioner,Distrust,Agree,3,2,4,0,-0.5,0.5
R_3p2TSMF5N4kCem1,2,8,9,2,high,weak,correct,2 Distrust,Verify before taking action or using the information.,4,55–64,Male,Bachelor's degree in college (4-year),Daily,Advanced Practitioner,Distrust,Agree,2,2,4,1,0.5,0.5
R_3p2TSMF5N4kCem1,2,9,10,3,high,weak,incorrect,2 Distrust,Verify before taking action or using the information.,4,55–64,Male,Bachelor's degree in college (4-year),Daily,Advanced Practitioner,Distrust,Agree,2,2,4,1,-0.5,0.5
R_3p2TSMF5N4kCem1,2,10,11,4,high,strong,correct,5 Slightly Trust,Verify before taking action or using the information.,3,55–64,Male,Bachelor's degree in college (4-year),Daily,Advanced Practitioner,Distrust,Agree,5,2,3,2,0.5,0.5
R_3p2TSMF5N4kCem1,2,11,12,5,high,strong,incorrect,2 Distrust,Verify before taking action or using the information.,4,55–64,Male,Bachelor's degree in college (4-year),Daily,Advanced Practitioner,Distrust,Agree,2,2,4,2,-0.5,0.5
R_3p2TSMF5N4kCem1,2,12,13,6,high,none,correct,2 Distrust,Verify before taking action or using the information.,5 (Extremely serious),55–64,Male,Bachelor's degree in college (4-year),Daily,Advanced Practitioner,Distrust,Agree,2,2,5,0,0.5,0.5
R_3hE21R4M1gqHaU8,6,1,50,7,low,strong,incorrect,3 Slightly Distrust,Verify before taking action or using the information.,3,35–44,Male,Bachelor's degree in college (4-year),Weekly,Basic User,Distrust,Agree,3,2,3,2,-0.5,-0.5
R_3hE21R4M1gqHaU8,6,2,51,8,low,none,correct,4 Neither trust nor distrust,Verify before taking action or using the information.,4,35–44,Male,Bachelor's degree in college (4-year),Weekly,Basic User,Distrust,Agree,4,2,4,0,0.5,-0.5
R_3hE21R4M1gqHaU8,6,3,52,9,low,none,incorrect,3 Slightly Distrust,Verify before taking action or using the information.,4,35–44,Male,Bachelor's degree in college (4-year),Weekly,Basic User,Distrust,Agree,3,2,4,0,-0.5,-0.5
R_3hE21R4M1gqHaU8,6,4,53,10,low,weak,correct,4 Neither trust nor distrust,Verify before taking action or using the information.,4,35–44,Male,Bachelor's degree in college (4-year),Weekly,Basic User,Distrust,Agree,4,2,4,1,0.5,-0.5
R_3hE21R4M1gqHaU8,6,5,54,11,low,weak,incorrect,6 Trust,Use the information or take the recommended action (do not double-check).,2,35–44,Male,Bachelor's degree in college (4-year),Weekly,Basic User,Distrust,Agree,6,3,2,1,-0.5,-0.5
R_3hE21R4M1gqHaU8,6,6,55,12,low,strong,correct,6 Trust,Use the information or take the recommended action (do not double-check).,3,35–44,Male,Bachelor's degree in college (4-year),Weekly,Basic User,Distrust,Agree,6,3,3,2,0.5,-0.5
R_3hE21R4M1gqHaU8,6,7,56,1,high,strong,incorrect,5 Slightly Trust,Verify before taking action or using the information.,5 (Extremely serious),35–44,Male,Bachelor's degree in college (4-year),Weekly,Basic User,Distrust,Agree,5,2,5,2,-0.5,0.5
R_3hE21R4M1gqHaU8,6,8,57,2,high,none,correct,3 Slightly Distrust,Verify before taking action or using the information.,5 (Extremely serious),35–44,Male,Bachelor's degree in college (4-year),Weekly,Basic User,Distrust,Agree,3,2,5,0,0.5,0.5
R_3hE21R4M1gqHaU8,6,9,58,3,high,none,incorrect,6 Trust,Verify before taking action or using the information.,3,35–44,Male,Bachelor's degree in college (4-year),Weekly,Basic User,Distrust,Agree,6,2,3,0,-0.5,0.5
R_3hE21R4M1gqHaU8,6,10,59,4,high,weak,correct,1 Strongly Distrust,Reject — do not use the information or take the recommended action.,5 (Extremely serious),35–44,Male,Bachelor's degree in college (4-year),Weekly,Basic User,Distrust,Agree,1,1,5,1,0.5,0.5
R_3hE21R4M1gqHaU8,6,11,60,5,high,weak,incorrect,5 Slightly Trust,Verify before taking action or using the information.,4,35–44,Male,Bachelor's degree in college (4-year),Weekly,Basic User,Distrust,Agree,5,2,4,1,-0.5,0.5
R_3hE21R4M1gqHaU8,6,12,61,6,high,strong,correct,5 Slightly Trust,Verify before taking action or using the information.,4,35–44,Male,Bachelor's degree in college (4-year),Weekly,Basic User,Distrust,Agree,5,2,4,2,0.5,0.5
R_w6N3h5B1CECFLnH,1,1,1,7,low,none,correct,3 Slightly Distrust,Verify before taking action or using the information.,3,35–44,Female,Associate degree in college (2-year),Never,,Distrust,Agree,3,2,3,0,0.5,-0.5
R_w6N3h5B1CECFLnH,1,2,2,8,low,none,incorrect,5 Slightly Trust,Verify before taking action or using the information.,5 (Extremely serious),35–44,Female,Associate degree in college (2-year),Never,,Distrust,Agree,5,2,5,0,-0.5,-0.5
R_w6N3h5B1CECFLnH,1,3,3,9,low,weak,correct,4 (Neither trust nor distrust),Verify before taking action or using the information.,2,35–44,Female,Associate degree in college (2-year),Never,,Distrust,Agree,4,2,2,1,0.5,-0.5
R_w6N3h5B1CECFLnH,1,4,4,10,low,weak,incorrect,1 Strongly Distrust,Verify before taking action or using the information.,3,35–44,Female,Associate degree in college (2-year),Never,,Distrust,Agree,1,2,3,1,-0.5,-0.5
R_w6N3h5B1CECFLnH,1,5,5,11,low,strong,correct,4 (Neither trust nor distrust),Verify before taking action or using the information.,1 (Not serious at all),35–44,Female,Associate degree in college (2-year),Never,,Distrust,Agree,4,2,1,2,0.5,-0.5
R_w6N3h5B1CECFLnH,1,6,6,12,low,strong,incorrect,3 Slightly Distrust,Verify before taking action or using the information.,4,35–44,Female,Associate degree in college (2-year),Never,,Distrust,Agree,3,2,4,2,-0.5,-0.5
R_w6N3h5B1CECFLnH,1,7,7,1,high,none,correct,5 Slightly Trust,Verify before taking action or using the information.,3,35–44,Female,Associate degree in college (2-year),Never,,Distrust,Agree,5,2,3,0,0.5,0.5
R_w6N3h5B1CECFLnH,1,8,8,2,high,none,incorrect,1 Strongly Distrust,Verify before taking action or using the information.,5 (Extremely serious),35–44,Female,Associate degree in college (2-year),Never,,Distrust,Agree,1,2,5,0,-0.5,0.5
R_w6N3h5B1CECFLnH,1,9,9,3,high,weak,correct,3 Slightly Distrust,Verify before taking action or using the information.,3,35–44,Female,Associate degree in college (2-year),Never,,Distrust,Agree,3,2,3,1,0.5,0.5
R_w6N3h5B1CECFLnH,1,10,10,4,high,weak,incorrect,4 (Neither trust nor distrust),Verify before taking action or using the information.,4,35–44,Female,Associate degree in college (2-year),Never,,Distrust,Agree,4,2,4,1,-0.5,0.5
R_w6N3h5B1CECFLnH,1,11,11,5,high,strong,correct,4 (Neither trust nor distrust),Verify before taking action or using the information.,5 (Extremely serious),35–44,Female,Associate degree in college (2-year),Never,,Distrust,Agree,4,2,5,2,0.5,0.5
R_w6N3h5B1CECFLnH,1,12,12,6,high,strong,incorrect,1 Strongly Distrust,Verify before taking action or using the information.,5 (Extremely serious),35–44,Female,Associate degree in college (2-year),Never,,Distrust,Agree,1,2,5,2,-0.5,0.5
R_3pnZridAXM9RcaW,3,1,14,7,low,weak,correct,6 Trust,Use the information or take the recommended action (do not double-check).,3,18–24,Male,Bachelor's degree in college (4-year),Daily,,Trust,Agree,6,3,3,1,0.5,-0.5
R_3pnZridAXM9RcaW,3,2,15,8,low,weak,incorrect,3 Slightly Distrust,Verify before taking action or using the information.,3,18–24,Male,Bachelor's degree in college (4-year),Daily,,Trust,Agree,3,2,3,1,-0.5,-0.5
R_3pnZridAXM9RcaW,3,3,16,9,low,strong,correct,2 Distrust,Reject — do not use the information or take the recommended action.,3,18–24,Male,Bachelor's degree in college (4-year),Daily,,Trust,Agree,2,1,3,2,0.5,-0.5
R_3pnZridAXM9RcaW,3,4,17,10,low,strong,incorrect,3 Slightly Distrust,Verify before taking action or using the information.,2,18–24,Male,Bachelor's degree in college (4-year),Daily,,Trust,Agree,3,2,2,2,-0.5,-0.5
R_3pnZridAXM9RcaW,3,5,18,11,low,none,correct,5 Slightly Trust,Verify before taking action or using the information.,2,18–24,Male,Bachelor's degree in college (4-year),Daily,,Trust,Agree,5,2,2,0,0.5,-0.5
R_3pnZridAXM9RcaW,3,6,19,12,low,none,incorrect,3 Slightly Distrust,Verify before taking action or using the information.,1 (Not serious at all),18–24,Male,Bachelor's degree in college (4-year),Daily,,Trust,Agree,3,2,1,0,-0.5,-0.5
R_3pnZridAXM9RcaW,3,7,20,1,high,weak,correct,6 Trust,Verify before taking action or using the information.,4,18–24,Male,Bachelor's degree in college (4-year),Daily,,Trust,Agree,6,2,4,1,0.5,0.5
R_3pnZridAXM9RcaW,3,8,21,2,high,weak,incorrect,5 Slightly Trust,Verify before taking action or using the information.,5 (Extremely serious),18–24,Male,Bachelor's degree in college (4-year),Daily,,Trust,Agree,5,2,5,1,-0.5,0.5
R_3pnZridAXM9RcaW,3,9,22,3,high,strong,correct,2 Distrust,Reject — do not use the information or take the recommended action.,4,18–24,Male,Bachelor's degree in college (4-year),Daily,,Trust,Agree,2,1,4,2,0.5,0.5
R_3pnZridAXM9RcaW,3,10,23,4,high,strong,incorrect,4 Neither trust nor distrust,Use the information or take the recommended action (do not double-check).,2,18–24,Male,Bachelor's degree in college (4-year),Daily,,Trust,Agree,4,3,2,2,-0.5,0.5
R_3pnZridAXM9RcaW,3,11,24,5,high,none,correct,5 Slightly Trust,Verify before taking action or using the information.,4,18–24,Male,Bachelor's degree in college (4-year),Daily,,Trust,Agree,5,2,4,0,0.5,0.5
R_3pnZridAXM9RcaW,3,12,25,6,high,none,incorrect,1 Strongly Distrust,Reject — do not use the information or take the recommended action.,4,18–24,Male,Bachelor's degree in college (4-year),Daily,,Trust,Agree,1,1,4,0,-0.5,0.5
R_24IBQ1ebWIiiMwv,5,1,49,6,high,weak,incorrect,5 Slightly Trust,Verify before taking action or using the information.,5 (Extremely serious),,,,,,Neither Trust nor Distrust,Agree,5,2,5,1,-0.5,0.5
R_1FR4OHNistEC8Nm,3,1,14,7,low,weak,correct,2 Distrust,Verify before taking action or using the information.,4,18–24,Male,High school graduate (high school diploma or equivalent including GED),Daily,Basic User,Distrust,Agree,2,2,4,1,0.5,-0.5
R_1FR4OHNistEC8Nm,3,2,15,8,low,weak,incorrect,3 Slightly Distrust,Verify before taking action or using the information.,4,18–24,Male,High school graduate (high school diploma or equivalent including GED),Daily,Basic User,Distrust,Agree,3,2,4,1,-0.5,-0.5
R_1FR4OHNistEC8Nm,3,3,16,9,low,strong,correct,4 Neither trust nor distrust,Use the information or take the recommended action (do not double-check).,3,18–24,Male,High school graduate (high school diploma or equivalent including GED),Daily,Basic User,Distrust,Agree,4,3,3,2,0.5,-0.5
R_1FR4OHNistEC8Nm,3,4,17,10,low,strong,incorrect,2 Distrust,Verify before taking action or using the information.,3,18–24,Male,High school graduate (high school diploma or equivalent including GED),Daily,Basic User,Distrust,Agree,2,2,3,2,-0.5,-0.5
R_1FR4OHNistEC8Nm,3,5,18,11,low,none,correct,4 Neither trust nor distrust,Use the information or take the recommended action (do not double-check).,1 (Not serious at all),18–24,Male,High school graduate (high school diploma or equivalent including GED),Daily,Basic User,Distrust,Agree,4,3,1,0,0.5,-0.5
R_1FR4OHNistEC8Nm,3,6,19,12,low,none,incorrect,3 Slightly Distrust,Verify before taking action or using the information.,3,18–24,Male,High school graduate (high school diploma or equivalent including GED),Daily,Basic User,Distrust,Agree,3,2,3,0,-0.5,-0.5
R_1FR4OHNistEC8Nm,3,7,20,1,high,weak,correct,4 Neither trust nor distrust,Verify before taking action or using the information.,5 (Extremely serious),18–24,Male,High school graduate (high school diploma or equivalent including GED),Daily,Basic User,Distrust,Agree,4,2,5,1,0.5,0.5
R_1FR4OHNistEC8Nm,3,8,21,2,high,weak,incorrect,2 Distrust,Verify before taking action or using the information.,4,18–24,Male,High school graduate (high school diploma or equivalent including GED),Daily,Basic User,Distrust,Agree,2,2,4,1,-0.5,0.5
R_1FR4OHNistEC8Nm,3,9,22,3,high,strong,correct,5 Slightly Trust,Verify before taking action or using the information.,4,18–24,Male,High school graduate (high school diploma or equivalent including GED),Daily,Basic User,Distrust,Agree,5,2,4,2,0.5,0.5
R_1FR4OHNistEC8Nm,3,10,23,4,high,strong,incorrect,4 Neither trust nor distrust,Verify before taking action or using the information.,4,18–24,Male,High school graduate (high school diploma or equivalent including GED),Daily,Basic User,Distrust,Agree,4,2,4,2,-0.5,0.5
R_1FR4OHNistEC8Nm,3,11,24,5,high,none,correct,4 Neither trust nor distrust,Verify before taking action or using the information.,4,18–24,Male,High school graduate (high school diploma or equivalent including GED),Daily,Basic User,Distrust,Agree,4,2,4,0,0.5,0.5
R_1FR4OHNistEC8Nm,3,12,25,6,high,none,incorrect,3 Slightly Distrust,Verify before taking action or using the information.,5 (Extremely serious),18–24,Male,High school graduate (high school diploma or equivalent including GED),Daily,Basic User,Distrust,Agree,3,2,5,0,-0.5,0.5
R_1KebKZ8bP2jCKRx,1,1,2,8,low,none,incorrect,2 Distrust,Verify before taking action or using the information.,3,,,,,Expert/Specialist,Neither Trust nor Distrust,Agree,2,2,3,0,-0.5,-0.5
R_1KebKZ8bP2jCKRx,1,2,3,9,low,weak,correct,6 Trust,Verify before taking action or using the information.,2,,,,,Expert/Specialist,Neither Trust nor Distrust,Agree,6,2,2,1,0.5,-0.5
R_3QGjvM92H7odleg,2,1,2,7,low,none,incorrect,4 Neither trust nor distrust,Verify before taking action or using the information.,3,45–54,Male,Bachelor's degree in college (4-year),Daily,Basic User,Trust,Agree,4,2,3,0,-0.5,-0.5
R_3QGjvM92H7odleg,2,2,3,8,low,weak,correct,5 Slightly Trust,Verify before taking action or using the information.,3,45–54,Male,Bachelor's degree in college (4-year),Daily,Basic User,Trust,Agree,5,2,3,1,0.5,-0.5
R_3QGjvM92H7odleg,2,3,4,9,low,weak,incorrect,6 Trust,Verify before taking action or using the information.,3,45–54,Male,Bachelor's degree in college (4-year),Daily,Basic User,Trust,Agree,6,2,3,1,-0.5,-0.5
R_3QGjvM92H7odleg,2,4,5,10,low,strong,correct,2 Distrust,Verify before taking action or using the information.,3,45–54,Male,Bachelor's degree in college (4-year),Daily,Basic User,Trust,Agree,2,2,3,2,0.5,-0.5
R_3QGjvM92H7odleg,2,5,6,11,low,strong,incorrect,4 Neither trust nor distrust,Verify before taking action or using the information.,4,45–54,Male,Bachelor's degree in college (4-year),Daily,Basic User,Trust,Agree,4,2,4,2,-0.5,-0.5
R_3QGjvM92H7odleg,2,6,7,12,low,none,correct,4 Neither trust nor distrust,Verify before taking action or using the information.,1 (Not serious at all),45–54,Male,Bachelor's degree in college (4-year),Daily,Basic User,Trust,Agree,4,2,1,0,0.5,-0.5
R_3QGjvM92H7odleg,2,7,8,1,high,none,incorrect,4 Neither trust nor distrust,Verify before taking action or using the information.,4,45–54,Male,Bachelor's degree in college (4-year),Daily,Basic User,Trust,Agree,4,2,4,0,-0.5,0.5
R_3QGjvM92H7odleg,2,8,9,2,high,weak,correct,2 Distrust,Verify before taking action or using the information.,3,45–54,Male,Bachelor's degree in college (4-year),Daily,Basic User,Trust,Agree,2,2,3,1,0.5,0.5
R_3QGjvM92H7odleg,2,9,10,3,high,weak,incorrect,5 Slightly Trust,Verify before taking action or using the information.,4,45–54,Male,Bachelor's degree in college (4-year),Daily,Basic User,Trust,Agree,5,2,4,1,-0.5,0.5
R_3QGjvM92H7odleg,2,10,11,4,high,strong,correct,4 Neither trust nor distrust,Verify before taking action or using the information.,4,45–54,Male,Bachelor's degree in college (4-year),Daily,Basic User,Trust,Agree,4,2,4,2,0.5,0.5
R_3QGjvM92H7odleg,2,11,12,5,high,strong,incorrect,4 Neither trust nor distrust,Verify before taking action or using the information.,3,45–54,Male,Bachelor's degree in college (4-year),Daily,Basic User,Trust,Agree,4,2,3,2,-0.5,0.5
R_3QGjvM92H7odleg,2,12,13,6,high,none,correct,3 Slightly Distrust,Verify before taking action or using the information.,5 (Extremely serious),45–54,Male,Bachelor's degree in college (4-year),Daily,Basic User,Trust,Agree,3,2,5,0,0.5,0.5
R_2z7KoIrZsy4BAzI,5,1,40,9,low,none,correct,4 Neither trust nor distrust,Verify before taking action or using the information.,2,,,,,Basic User,Neither Trust nor Distrust,Agree,4,2,2,0,0.5,-0.5
R_2z7KoIrZsy4BAzI,5,2,42,11,low,weak,correct,5 Slightly Trust,Verify before taking action or using the information.,2,,,,,Basic User,Neither Trust nor Distrust,Agree,5,2,2,1,0.5,-0.5
R_2z7KoIrZsy4BAzI,5,3,43,12,low,weak,incorrect,4 Neither trust nor distrust,Verify before taking action or using the information.,2,,,,,Basic User,Neither Trust nor Distrust,Agree,4,2,2,1,-0.5,-0.5
R_2z7KoIrZsy4BAzI,5,4,46,3,high,none,correct,3 Slightly Distrust,Verify before taking action or using the information.,3,,,,,Basic User,Neither Trust nor Distrust,Agree,3,2,3,0,0.5,0.5
R_3yKErNkVreWrC6Z,4,1,26,7,low,weak,incorrect,4 Neither trust nor distrust,Verify before taking action or using the information.,2,55–64,Male,Bachelor's degree in college (4-year),Monthly,Novice,Neither Trust nor Distrust,Agree,4,2,2,1,-0.5,-0.5
R_3yKErNkVreWrC6Z,4,2,27,8,low,strong,correct,2 Distrust,Verify before taking action or using the information.,5 (Extremely serious),55–64,Male,Bachelor's degree in college (4-year),Monthly,Novice,Neither Trust nor Distrust,Agree,2,2,5,2,0.5,-0.5
R_3yKErNkVreWrC6Z,4,3,28,9,low,strong,incorrect,6 Trust,Verify before taking action or using the information.,4,55–64,Male,Bachelor's degree in college (4-year),Monthly,Novice,Neither Trust nor Distrust,Agree,6,2,4,2,-0.5,-0.5
R_3yKErNkVreWrC6Z,4,4,29,10,low,none,correct,1 Strongly Distrust,Verify before taking action or using the information.,1 (Not serious at all),55–64,Male,Bachelor's degree in college (4-year),Monthly,Novice,Neither Trust nor Distrust,Agree,1,2,1,0,0.5,-0.5
R_3yKErNkVreWrC6Z,4,5,30,11,low,none,incorrect,4 Neither trust nor distrust,Verify before taking action or using the information.,1 (Not serious at all),55–64,Male,Bachelor's degree in college (4-year),Monthly,Novice,Neither Trust nor Distrust,Agree,4,2,1,0,-0.5,-0.5
R_3yKErNkVreWrC6Z,4,6,31,12,low,weak,correct,2 Distrust,Verify before taking action or using the information.,5 (Extremely serious),55–64,Male,Bachelor's degree in college (4-year),Monthly,Novice,Neither Trust nor Distrust,Agree,2,2,5,1,0.5,-0.5
R_3yKErNkVreWrC6Z,4,7,32,1,high,weak,incorrect,7 Strongly Trust,Verify before taking action or using the information.,5 (Extremely serious),55–64,Male,Bachelor's degree in college (4-year),Monthly,Novice,Neither Trust nor Distrust,Agree,7,2,5,1,-0.5,0.5
R_3yKErNkVreWrC6Z,4,8,33,2,high,strong,correct,7 Strongly Trust,Verify before taking action or using the information.,3,55–64,Male,Bachelor's degree in college (4-year),Monthly,Novice,Neither Trust nor Distrust,Agree,7,2,3,2,0.5,0.5
R_3yKErNkVreWrC6Z,4,9,34,3,high,strong,incorrect,5 Slightly Trust,Verify before taking action or using the information.,2,55–64,Male,Bachelor's degree in college (4-year),Monthly,Novice,Neither Trust nor Distrust,Agree,5,2,2,2,-0.5,0.5
R_3yKErNkVreWrC6Z,4,10,35,4,high,none,correct,1 Strongly Distrust,Verify before taking action or using the information.,1 (Not serious at all),55–64,Male,Bachelor's degree in college (4-year),Monthly,Novice,Neither Trust nor Distrust,Agree,1,2,1,0,0.5,0.5
R_3yKErNkVreWrC6Z,4,11,36,5,high,none,incorrect,4 Neither trust nor distrust,Verify before taking action or using the information.,1 (Not serious at all),55–64,Male,Bachelor's degree in college (4-year),Monthly,Novice,Neither Trust nor Distrust,Agree,4,2,1,0,-0.5,0.5
R_3yKErNkVreWrC6Z,4,12,37,6,high,weak,correct,4 Neither trust nor distrust,Verify before taking action or using the information.,5 (Extremely serious),55–64,Male,Bachelor's degree in college (4-year),Monthly,Novice,Neither Trust nor Distrust,Agree,4,2,5,1,0.5,0.5
R_1r1EZkiFt0cMCUo,2,1,2,7,low,none,incorrect,5 Slightly Trust,Use the information or take the recommended action (do not double-check).,3,45–54,Female,Graduate or professional degree,Daily,Experienced User,Neither Trust nor Distrust,Agree,5,3,3,0,-0.5,-0.5
R_1r1EZkiFt0cMCUo,2,2,3,8,low,weak,correct,4 Neither trust nor distrust,Verify before taking action or using the information.,4,45–54,Female,Graduate or professional degree,Daily,Experienced User,Neither Trust nor Distrust,Agree,4,2,4,1,0.5,-0.5
R_1r1EZkiFt0cMCUo,2,3,4,9,low,weak,incorrect,5 Slightly Trust,Use the information or take the recommended action (do not double-check).,3,45–54,Female,Graduate or professional degree,Daily,Experienced User,Neither Trust nor Distrust,Agree,5,3,3,1,-0.5,-0.5
R_1r1EZkiFt0cMCUo,2,4,5,10,low,strong,correct,5 Slightly Trust,Verify before taking action or using the information.,3,45–54,Female,Graduate or professional degree,Daily,Experienced User,Neither Trust nor Distrust,Agree,5,2,3,2,0.5,-0.5
R_1r1EZkiFt0cMCUo,2,5,6,11,low,strong,incorrect,5 Slightly Trust,Use the information or take the recommended action (do not double-check).,2,45–54,Female,Graduate or professional degree,Daily,Experienced User,Neither Trust nor Distrust,Agree,5,3,2,2,-0.5,-0.5
R_1r1EZkiFt0cMCUo,2,6,7,12,low,none,correct,4 Neither trust nor distrust,Verify before taking action or using the information.,3,45–54,Female,Graduate or professional degree,Daily,Experienced User,Neither Trust nor Distrust,Agree,4,2,3,0,0.5,-0.5
R_1r1EZkiFt0cMCUo,2,7,8,1,high,none,incorrect,4 Neither trust nor distrust,Verify before taking action or using the information.,4,45–54,Female,Graduate or professional degree,Daily,Experienced User,Neither Trust nor Distrust,Agree,4,2,4,0,-0.5,0.5
R_1r1EZkiFt0cMCUo,2,8,9,2,high,weak,correct,3 Slightly Distrust,Reject — do not use the information or take the recommended action.,5 (Extremely serious),45–54,Female,Graduate or professional degree,Daily,Experienced User,Neither Trust nor Distrust,Agree,3,1,5,1,0.5,0.5
R_1r1EZkiFt0cMCUo,2,9,10,3,high,weak,incorrect,5 Slightly Trust,Verify before taking action or using the information.,2,45–54,Female,Graduate or professional degree,Daily,Experienced User,Neither Trust nor Distrust,Agree,5,2,2,1,-0.5,0.5
R_1r1EZkiFt0cMCUo,2,10,11,4,high,strong,correct,3 Slightly Distrust,Verify before taking action or using the information.,4,45–54,Female,Graduate or professional degree,Daily,Experienced User,Neither Trust nor Distrust,Agree,3,2,4,2,0.5,0.5
R_1r1EZkiFt0cMCUo,2,11,12,5,high,strong,incorrect,2 Distrust,Reject — do not use the information or take the recommended action.,3,45–54,Female,Graduate or professional degree,Daily,Experienced User,Neither Trust nor Distrust,Agree,2,1,3,2,-0.5,0.5
R_1r1EZkiFt0cMCUo,2,12,13,6,high,none,correct,4 Neither trust nor distrust,Verify before taking action or using the information.,4,45–54,Female,Graduate or professional degree,Daily,Experienced User,Neither Trust nor Distrust,Agree,4,2,4,0,0.5,0.5
R_3p9j0BuPUG8A3D9,5,1,38,7,low,strong,correct,5 Slightly Trust,Use the information or take the recommended action (do not double-check).,2,65+,Male,Graduate or professional degree,Monthly,Basic User,Neither Trust nor Distrust,Agree,5,3,2,2,0.5,-0.5
R_3p9j0BuPUG8A3D9,5,2,39,8,low,strong,incorrect,6 Trust,Use the information or take the recommended action (do not double-check).,2,65+,Male,Graduate or professional degree,Monthly,Basic User,Neither Trust nor Distrust,Agree,6,3,2,2,-0.5,-0.5
R_3p9j0BuPUG8A3D9,5,3,40,9,low,none,correct,6 Trust,Verify before taking action or using the information.,5 (Extremely serious),65+,Male,Graduate or professional degree,Monthly,Basic User,Neither Trust nor Distrust,Agree,6,2,5,0,0.5,-0.5
R_3p9j0BuPUG8A3D9,5,4,41,10,low,none,incorrect,1 Strongly Distrust,Reject — do not use the information or take the recommended action.,1 (Not serious at all),65+,Male,Graduate or professional degree,Monthly,Basic User,Neither Trust nor Distrust,Agree,1,1,1,0,-0.5,-0.5
R_3p9j0BuPUG8A3D9,5,5,42,11,low,weak,correct,6 Trust,Use the information or take the recommended action (do not double-check).,2,65+,Male,Graduate or professional degree,Monthly,Basic User,Neither Trust nor Distrust,Agree,6,3,2,1,0.5,-0.5
R_3p9j0BuPUG8A3D9,5,6,43,12,low,weak,incorrect,5 Slightly Trust,Use the information or take the recommended action (do not double-check).,3,65+,Male,Graduate or professional degree,Monthly,Basic User,Neither Trust nor Distrust,Agree,5,3,3,1,-0.5,-0.5
R_3p9j0BuPUG8A3D9,5,7,44,1,high,strong,correct,6 Trust,Reject — do not use the information or take the recommended action.,3,65+,Male,Graduate or professional degree,Monthly,Basic User,Neither Trust nor Distrust,Agree,6,1,3,2,0.5,0.5
R_3p9j0BuPUG8A3D9,5,8,45,2,high,strong,incorrect,4 Neither trust nor distrust,Verify before taking action or using the information.,4,65+,Male,Graduate or professional degree,Monthly,Basic User,Neither Trust nor Distrust,Agree,4,2,4,2,-0.5,0.5
R_3p9j0BuPUG8A3D9,5,9,46,3,high,none,correct,6 Trust,Use the information or take the recommended action (do not double-check).,4,65+,Male,Graduate or professional degree,Monthly,Basic User,Neither Trust nor Distrust,Agree,6,3,4,0,0.5,0.5
R_3p9j0BuPUG8A3D9,5,10,47,4,high,none,incorrect,3 Slightly Distrust,Use the information or take the recommended action (do not double-check).,4,65+,Male,Graduate or professional degree,Monthly,Basic User,Neither Trust nor Distrust,Agree,3,3,4,0,-0.5,0.5
R_3p9j0BuPUG8A3D9,5,11,48,5,high,weak,correct,2 Distrust,Verify before taking action or using the information.,4,65+,Male,Graduate or professional degree,Monthly,Basic User,Neither Trust nor Distrust,Agree,2,2,4,1,0.5,0.5
R_3p9j0BuPUG8A3D9,5,12,49,6,high,weak,incorrect,5 Slightly Trust,Verify before taking action or using the information.,3,65+,Male,Graduate or professional degree,Monthly,Basic User,Neither Trust nor Distrust,Agree,5,2,3,1,-0.5,0.5
R_p6N90WNlUeQDZo5,4,1,26,7,low,weak,incorrect,2 Distrust,Reject — do not use the information or take the recommended action.,2,45–54,Male,Graduate or professional degree,Daily,Experienced User,Neither Trust nor Distrust,Agree,2,1,2,1,-0.5,-0.5
R_p6N90WNlUeQDZo5,4,2,27,8,low,strong,correct,4 Neither trust nor distrust,Verify before taking action or using the information.,3,45–54,Male,Graduate or professional degree,Daily,Experienced User,Neither Trust nor Distrust,Agree,4,2,3,2,0.5,-0.5
R_p6N90WNlUeQDZo5,4,3,28,9,low,strong,incorrect,4 Neither trust nor distrust,Use the information or take the recommended action (do not double-check).,1 (Not serious at all),45–54,Male,Graduate or professional degree,Daily,Experienced User,Neither Trust nor Distrust,Agree,4,3,1,2,-0.5,-0.5
R_p6N90WNlUeQDZo5,4,4,29,10,low,none,correct,1 Strongly Distrust,Verify before taking action or using the information.,3,45–54,Male,Graduate or professional degree,Daily,Experienced User,Neither Trust nor Distrust,Agree,1,2,3,0,0.5,-0.5
R_p6N90WNlUeQDZo5,4,5,30,11,low,none,incorrect,3 Slightly Distrust,Verify before taking action or using the information.,2,45–54,Male,Graduate or professional degree,Daily,Experienced User,Neither Trust nor Distrust,Agree,3,2,2,0,-0.5,-0.5
R_p6N90WNlUeQDZo5,4,6,31,12,low,weak,correct,4 Neither trust nor distrust,Use the information or take the recommended action (do not double-check).,1 (Not serious at all),45–54,Male,Graduate or professional degree,Daily,Experienced User,Neither Trust nor Distrust,Agree,4,3,1,1,0.5,-0.5
R_p6N90WNlUeQDZo5,4,7,32,1,high,weak,incorrect,4 Neither trust nor distrust,Verify before taking action or using the information.,2,45–54,Male,Graduate or professional degree,Daily,Experienced User,Neither Trust nor Distrust,Agree,4,2,2,1,-0.5,0.5
R_p6N90WNlUeQDZo5,4,8,33,2,high,strong,correct,1 Strongly Distrust,Verify before taking action or using the information.,5 (Extremely serious),45–54,Male,Graduate or professional degree,Daily,Experienced User,Neither Trust nor Distrust,Agree,1,2,5,2,0.5,0.5
R_p6N90WNlUeQDZo5,4,9,34,3,high,strong,incorrect,2 Distrust,Verify before taking action or using the information.,5 (Extremely serious),45–54,Male,Graduate or professional degree,Daily,Experienced User,Neither Trust nor Distrust,Agree,2,2,5,2,-0.5,0.5
R_p6N90WNlUeQDZo5,4,10,35,4,high,none,correct,2 Distrust,Verify before taking action or using the information.,5 (Extremely serious),45–54,Male,Graduate or professional degree,Daily,Experienced User,Neither Trust nor Distrust,Agree,2,2,5,0,0.5,0.5
R_p6N90WNlUeQDZo5,4,11,36,5,high,none,incorrect,1 Strongly Distrust,Verify before taking action or using the information.,3,45–54,Male,Graduate or professional degree,Daily,Experienced User,Neither Trust nor Distrust,Agree,1,2,3,0,-0.5,0.5
R_p6N90WNlUeQDZo5,4,12,37,6,high,weak,correct,1 Strongly Distrust,Verify before taking action or using the information.,5 (Extremely serious),45–54,Male,Graduate or professional degree,Daily,Experienced User,Neither Trust nor Distrust,Agree,1,2,5,1,0.5,0.5
R_TnqyHgpykKUqWMp,2,1,2,7,low,none,incorrect,4 Neither trust nor distrust,Verify before taking action or using the information.,3,45–54,Female,Some college but no degree,Daily,Advanced Practitioner,Trust,Agree,4,2,3,0,-0.5,-0.5
R_TnqyHgpykKUqWMp,2,2,3,8,low,weak,correct,4 Neither trust nor distrust,Verify before taking action or using the information.,4,45–54,Female,Some college but no degree,Daily,Advanced Practitioner,Trust,Agree,4,2,4,1,0.5,-0.5
R_TnqyHgpykKUqWMp,2,3,4,9,low,weak,incorrect,6 Trust,Use the information or take the recommended action (do not double-check).,1 (Not serious at all),45–54,Female,Some college but no degree,Daily,Advanced Practitioner,Trust,Agree,6,3,1,1,-0.5,-0.5
R_TnqyHgpykKUqWMp,2,4,5,10,low,strong,correct,3 Slightly Distrust,Verify before taking action or using the information.,5 (Extremely serious),45–54,Female,Some college but no degree,Daily,Advanced Practitioner,Trust,Agree,3,2,5,2,0.5,-0.5
R_TnqyHgpykKUqWMp,2,5,6,11,low,strong,incorrect,6 Trust,Use the information or take the recommended action (do not double-check).,1 (Not serious at all),45–54,Female,Some college but no degree,Daily,Advanced Practitioner,Trust,Agree,6,3,1,2,-0.5,-0.5
R_TnqyHgpykKUqWMp,2,6,7,12,low,none,correct,6 Trust,Use the information or take the recommended action (do not double-check).,1 (Not serious at all),45–54,Female,Some college but no degree,Daily,Advanced Practitioner,Trust,Agree,6,3,1,0,0.5,-0.5
R_TnqyHgpykKUqWMp,2,7,8,1,high,none,incorrect,2 Distrust,Reject — do not use the information or take the recommended action.,5 (Extremely serious),45–54,Female,Some college but no degree,Daily,Advanced Practitioner,Trust,Agree,2,1,5,0,-0.5,0.5
R_TnqyHgpykKUqWMp,2,8,9,2,high,weak,correct,3 Slightly Distrust,Verify before taking action or using the information.,5 (Extremely serious),45–54,Female,Some college but no degree,Daily,Advanced Practitioner,Trust,Agree,3,2,5,1,0.5,0.5
R_TnqyHgpykKUqWMp,2,9,10,3,high,weak,incorrect,2 Distrust,Reject — do not use the information or take the recommended action.,5 (Extremely serious),45–54,Female,Some college but no degree,Daily,Advanced Practitioner,Trust,Agree,2,1,5,1,-0.5,0.5
R_TnqyHgpykKUqWMp,2,10,11,4,high,strong,correct,4 Neither trust nor distrust,Use the information or take the recommended action (do not double-check).,5 (Extremely serious),45–54,Female,Some college but no degree,Daily,Advanced Practitioner,Trust,Agree,4,3,5,2,0.5,0.5
R_TnqyHgpykKUqWMp,2,11,12,5,high,strong,incorrect,2 Distrust,Verify before taking action or using the information.,5 (Extremely serious),45–54,Female,Some college but no degree,Daily,Advanced Practitioner,Trust,Agree,2,2,5,2,-0.5,0.5
R_TnqyHgpykKUqWMp,2,12,13,6,high,none,correct,2 Distrust,Verify before taking action or using the information.,5 (Extremely serious),45–54,Female,Some college but no degree,Daily,Advanced Practitioner,Trust,Agree,2,2,5,0,0.5,0.5
R_2TMdOuDyDcGnJ8B,2,1,8,1,high,none,incorrect,5 Slightly Trust,Verify before taking action or using the information.,3,,,,,Experienced User,Distrust,Agree,5,2,3,0,-0.5,0.5
R_2TMdOuDyDcGnJ8B,2,2,10,3,high,weak,incorrect,6 Trust,Verify before taking action or using the information.,2,,,,,Experienced User,Distrust,Agree,6,2,2,1,-0.5,0.5
R_W6cHrgG1iJ1a1H3,3,1,14,7,low,weak,correct,4 Neither trust nor distrust,Verify before taking action or using the information.,4,25–34,Male,Bachelor's degree in college (4-year),Daily,Experienced User,Trust,Agree,4,2,4,1,0.5,-0.5
R_W6cHrgG1iJ1a1H3,3,2,15,8,low,weak,incorrect,6 Trust,Verify before taking action or using the information.,4,25–34,Male,Bachelor's degree in college (4-year),Daily,Experienced User,Trust,Agree,6,2,4,1,-0.5,-0.5
R_W6cHrgG1iJ1a1H3,3,3,16,9,low,strong,correct,6 Trust,Verify before taking action or using the information.,2,25–34,Male,Bachelor's degree in college (4-year),Daily,Experienced User,Trust,Agree,6,2,2,2,0.5,-0.5
R_W6cHrgG1iJ1a1H3,3,4,17,10,low,strong,incorrect,5 Slightly Trust,Verify before taking action or using the information.,5 (Extremely serious),25–34,Male,Bachelor's degree in college (4-year),Daily,Experienced User,Trust,Agree,5,2,5,2,-0.5,-0.5
R_W6cHrgG1iJ1a1H3,3,5,18,11,low,none,correct,6 Trust,Use the information or take the recommended action (do not double-check).,2,25–34,Male,Bachelor's degree in college (4-year),Daily,Experienced User,Trust,Agree,6,3,2,0,0.5,-0.5
R_W6cHrgG1iJ1a1H3,3,6,19,12,low,none,incorrect,6 Trust,Verify before taking action or using the information.,1 (Not serious at all),25–34,Male,Bachelor's degree in college (4-year),Daily,Experienced User,Trust,Agree,6,2,1,0,-0.5,-0.5
R_W6cHrgG1iJ1a1H3,3,7,20,1,high,weak,correct,5 Slightly Trust,Verify before taking action or using the information.,5 (Extremely serious),25–34,Male,Bachelor's degree in college (4-year),Daily,Experienced User,Trust,Agree,5,2,5,1,0.5,0.5
R_W6cHrgG1iJ1a1H3,3,8,21,2,high,weak,incorrect,6 Trust,Verify before taking action or using the information.,5 (Extremely serious),25–34,Male,Bachelor's degree in college (4-year),Daily,Experienced User,Trust,Agree,6,2,5,1,-0.5,0.5
R_W6cHrgG1iJ1a1H3,3,9,22,3,high,strong,correct,5 Slightly Trust,Verify before taking action or using the information.,4,25–34,Male,Bachelor's degree in college (4-year),Daily,Experienced User,Trust,Agree,5,2,4,2,0.5,0.5
R_W6cHrgG1iJ1a1H3,3,10,23,4,high,strong,incorrect,6 Trust,Verify before taking action or using the information.,4,25–34,Male,Bachelor's degree in college (4-year),Daily,Experienced User,Trust,Agree,6,2,4,2,-0.5,0.5
R_W6cHrgG1iJ1a1H3,3,11,24,5,high,none,correct,5 Slightly Trust,Verify before taking action or using the information.,5 (Extremely serious),25–34,Male,Bachelor's degree in college (4-year),Daily,Experienced User,Trust,Agree,5,2,5,0,0.5,0.5
R_W6cHrgG1iJ1a1H3,3,12,25,6,high,none,incorrect,4 Neither trust nor distrust,Verify before taking action or using the information.,5 (Extremely serious),25–34,Male,Bachelor's degree in college (4-year),Daily,Experienced User,Trust,Agree,4,2,5,0,-0.5,0.5
R_xrN2NFkBRfppozf,6,1,50,7,low,strong,incorrect,6 Trust,Verify before taking action or using the information.,1 (Not serious at all),18–24,Male,Some college but no degree,Daily,Experienced User,Trust,Agree,6,2,1,2,-0.5,-0.5
R_xrN2NFkBRfppozf,6,2,51,8,low,none,correct,4 Neither trust nor distrust,Verify before taking action or using the information.,4,18–24,Male,Some college but no degree,Daily,Experienced User,Trust,Agree,4,2,4,0,0.5,-0.5
R_xrN2NFkBRfppozf,6,3,52,9,low,none,incorrect,6 Trust,Use the information or take the recommended action (do not double-check).,1 (Not serious at all),18–24,Male,Some college but no degree,Daily,Experienced User,Trust,Agree,6,3,1,0,-0.5,-0.5
R_xrN2NFkBRfppozf,6,4,53,10,low,weak,correct,1 Strongly Distrust,Reject — do not use the information or take the recommended action.,4,18–24,Male,Some college but no degree,Daily,Experienced User,Trust,Agree,1,1,4,1,0.5,-0.5
R_xrN2NFkBRfppozf,6,5,54,11,low,weak,incorrect,2 Distrust,Verify before taking action or using the information.,4,18–24,Male,Some college but no degree,Daily,Experienced User,Trust,Agree,2,2,4,1,-0.5,-0.5
R_xrN2NFkBRfppozf,6,6,55,12,low,strong,correct,6 Trust,Use the information or take the recommended action (do not double-check).,1 (Not serious at all),18–24,Male,Some college but no degree,Daily,Experienced User,Trust,Agree,6,3,1,2,0.5,-0.5
R_xrN2NFkBRfppozf,6,7,56,1,high,strong,incorrect,4 Neither trust nor distrust,Verify before taking action or using the information.,5 (Extremely serious),18–24,Male,Some college but no degree,Daily,Experienced User,Trust,Agree,4,2,5,2,-0.5,0.5
R_xrN2NFkBRfppozf,6,8,57,2,high,none,correct,1 Strongly Distrust,Reject — do not use the information or take the recommended action.,5 (Extremely serious),18–24,Male,Some college but no degree,Daily,Experienced User,Trust,Agree,1,1,5,0,0.5,0.5
R_xrN2NFkBRfppozf,6,9,58,3,high,none,incorrect,6 Trust,Verify before taking action or using the information.,3,18–24,Male,Some college but no degree,Daily,Experienced User,Trust,Agree,6,2,3,0,-0.5,0.5
R_xrN2NFkBRfppozf,6,10,59,4,high,weak,correct,5 Slightly Trust,Verify before taking action or using the information.,3,18–24,Male,Some college but no degree,Daily,Experienced User,Trust,Agree,5,2,3,1,0.5,0.5
R_xrN2NFkBRfppozf,6,11,60,5,high,weak,incorrect,4 Neither trust nor distrust,Verify before taking action or using the information.,3,18–24,Male,Some college but no degree,Daily,Experienced User,Trust,Agree,4,2,3,1,-0.5,0.5
R_xrN2NFkBRfppozf,6,12,61,6,high,strong,correct,4 Neither trust nor distrust,Verify before taking action or using the information.,5 (Extremely serious),18–24,Male,Some college but no degree,Daily,Experienced User,Trust,Agree,4,2,5,2,0.5,0.5
R_1pGxLgwb6FsDW8B,2,1,6,11,low,strong,incorrect,6 Trust,Verify before taking action or using the information.,4,,,,,Experienced User,Trust,Agree,6,2,4,2,-0.5,-0.5
R_1pGxLgwb6FsDW8B,2,2,8,1,high,none,incorrect,6 Trust,Verify before taking action or using the information.,4,,,,,Experienced User,Trust,Agree,6,2,4,0,-0.5,0.5
R_1pGxLgwb6FsDW8B,2,3,9,2,high,weak,correct,6 Trust,Verify before taking action or using the information.,4,,,,,Experienced User,Trust,Agree,6,2,4,1,0.5,0.5
R_3psfTN4aiHaB292,2,1,6,11,low,strong,incorrect,6 Trust,Use the information or take the recommended action (do not double-check).,1 (Not serious at all),,,,,Experienced User,Neither Trust nor Distrust,Agree,6,3,1,2,-0.5,-0.5
R_3psfTN4aiHaB292,2,2,7,12,low,none,correct,4 Neither trust nor distrust,Verify before taking action or using the information.,1 (Not serious at all),,,,,Experienced User,Neither Trust nor Distrust,Agree,4,2,1,0,0.5,-0.5
R_3psfTN4aiHaB292,2,3,8,1,high,none,incorrect,4 Neither trust nor distrust,Verify before taking action or using the information.,4,,,,,Experienced User,Neither Trust nor Distrust,Agree,4,2,4,0,-0.5,0.5
R_3psfTN4aiHaB292,2,4,10,3,high,weak,incorrect,4 Neither trust nor distrust,Verify before taking action or using the information.,5 (Extremely serious),,,,,Experienced User,Neither Trust nor Distrust,Agree,4,2,5,1,-0.5,0.5
R_3psfTN4aiHaB292,2,5,11,4,high,strong,correct,5 Slightly Trust,Verify before taking action or using the information.,4,,,,,Experienced User,Neither Trust nor Distrust,Agree,5,2,4,2,0.5,0.5
R_3psfTN4aiHaB292,2,6,13,6,high,none,correct,4 Neither trust nor distrust,Verify before taking action or using the information.,4,,,,,Experienced User,Neither Trust nor Distrust,Agree,4,2,4,0,0.5,0.5
R_3DbwW2PMahKwqC9,5,1,38,7,low,strong,correct,6 Trust,Verify before taking action or using the information.,4,35–44,Female,Graduate or professional degree,Daily,Experienced User,Trust,Agree,6,2,4,2,0.5,-0.5
R_3DbwW2PMahKwqC9,5,2,39,8,low,strong,incorrect,5 Slightly Trust,Verify before taking action or using the information.,5 (Extremely serious),35–44,Female,Graduate or professional degree,Daily,Experienced User,Trust,Agree,5,2,5,2,-0.5,-0.5
R_3DbwW2PMahKwqC9,5,3,40,9,low,none,correct,5 Slightly Trust,Use the information or take the recommended action (do not double-check).,3,35–44,Female,Graduate or professional degree,Daily,Experienced User,Trust,Agree,5,3,3,0,0.5,-0.5
R_3DbwW2PMahKwqC9,5,4,41,10,low,none,incorrect,3 Slightly Distrust,Verify before taking action or using the information.,5 (Extremely serious),35–44,Female,Graduate or professional degree,Daily,Experienced User,Trust,Agree,3,2,5,0,-0.5,-0.5
R_3DbwW2PMahKwqC9,5,5,42,11,low,weak,correct,6 Trust,Verify before taking action or using the information.,4,35–44,Female,Graduate or professional degree,Daily,Experienced User,Trust,Agree,6,2,4,1,0.5,-0.5
R_3DbwW2PMahKwqC9,5,6,43,12,low,weak,incorrect,5 Slightly Trust,Verify before taking action or using the information.,2,35–44,Female,Graduate or professional degree,Daily,Experienced User,Trust,Agree,5,2,2,1,-0.5,-0.5
R_3DbwW2PMahKwqC9,5,7,44,1,high,strong,correct,5 Slightly Trust,Verify before taking action or using the information.,5 (Extremely serious),35–44,Female,Graduate or professional degree,Daily,Experienced User,Trust,Agree,5,2,5,2,0.5,0.5
R_3DbwW2PMahKwqC9,5,8,45,2,high,strong,incorrect,5 Slightly Trust,Verify before taking action or using the information.,5 (Extremely serious),35–44,Female,Graduate or professional degree,Daily,Experienced User,Trust,Agree,5,2,5,2,-0.5,0.5
R_3DbwW2PMahKwqC9,5,9,46,3,high,none,correct,5 Slightly Trust,Verify before taking action or using the information.,5 (Extremely serious),35–44,Female,Graduate or professional degree,Daily,Experienced User,Trust,Agree,5,2,5,0,0.5,0.5
R_3DbwW2PMahKwqC9,5,10,47,4,high,none,incorrect,3 Slightly Distrust,Verify before taking action or using the information.,5 (Extremely serious),35–44,Female,Graduate or professional degree,Daily,Experienced User,Trust,Agree,3,2,5,0,-0.5,0.5
R_3DbwW2PMahKwqC9,5,11,48,5,high,weak,correct,5 Slightly Trust,Verify before taking action or using the information.,5 (Extremely serious),35–44,Female,Graduate or professional degree,Daily,Experienced User,Trust,Agree,5,2,5,1,0.5,0.5
R_3DbwW2PMahKwqC9,5,12,49,6,high,weak,incorrect,4 Neither trust nor distrust,Verify before taking action or using the information.,5 (Extremely serious),35–44,Female,Graduate or professional degree,Daily,Experienced User,Trust,Agree,4,2,5,1,-0.5,0.5
R_1IuTvEh232uViHQ,3,1,14,7,low,weak,correct,3 Slightly Distrust,Verify before taking action or using the information.,2,25–34,Male,Bachelor's degree in college (4-year),Daily,Expert/Specialist,Trust,Agree,3,2,2,1,0.5,-0.5
R_1IuTvEh232uViHQ,3,2,15,8,low,weak,incorrect,3 Slightly Distrust,Verify before taking action or using the information.,3,25–34,Male,Bachelor's degree in college (4-year),Daily,Expert/Specialist,Trust,Agree,3,2,3,1,-0.5,-0.5
R_1IuTvEh232uViHQ,3,3,16,9,low,strong,correct,5 Slightly Trust,Verify before taking action or using the information.,2,25–34,Male,Bachelor's degree in college (4-year),Daily,Expert/Specialist,Trust,Agree,5,2,2,2,0.5,-0.5
R_1IuTvEh232uViHQ,3,4,17,10,low,strong,incorrect,5 Slightly Trust,Use the information or take the recommended action (do not double-check).,2,25–34,Male,Bachelor's degree in college (4-year),Daily,Expert/Specialist,Trust,Agree,5,3,2,2,-0.5,-0.5
R_1IuTvEh232uViHQ,3,5,18,11,low,none,correct,7 Strongly Trust,Verify before taking action or using the information.,2,25–34,Male,Bachelor's degree in college (4-year),Daily,Expert/Specialist,Trust,Agree,7,2,2,0,0.5,-0.5
R_1IuTvEh232uViHQ,3,6,19,12,low,none,incorrect,7 Strongly Trust,Use the information or take the recommended action (do not double-check).,1 (Not serious at all),25–34,Male,Bachelor's degree in college (4-year),Daily,Expert/Specialist,Trust,Agree,7,3,1,0,-0.5,-0.5
R_1IuTvEh232uViHQ,3,7,20,1,high,weak,correct,5 Slightly Trust,Verify before taking action or using the information.,4,25–34,Male,Bachelor's degree in college (4-year),Daily,Expert/Specialist,Trust,Agree,5,2,4,1,0.5,0.5
R_1IuTvEh232uViHQ,3,8,21,2,high,weak,incorrect,4 Neither trust nor distrust,Verify before taking action or using the information.,5 (Extremely serious),25–34,Male,Bachelor's degree in college (4-year),Daily,Expert/Specialist,Trust,Agree,4,2,5,1,-0.5,0.5
R_1IuTvEh232uViHQ,3,9,22,3,high,strong,correct,3 Slightly Distrust,Verify before taking action or using the information.,3,25–34,Male,Bachelor's degree in college (4-year),Daily,Expert/Specialist,Trust,Agree,3,2,3,2,0.5,0.5
R_1IuTvEh232uViHQ,3,10,23,4,high,strong,incorrect,1 Strongly Distrust,Reject — do not use the information or take the recommended action.,4,25–34,Male,Bachelor's degree in college (4-year),Daily,Expert/Specialist,Trust,Agree,1,1,4,2,-0.5,0.5
R_1IuTvEh232uViHQ,3,11,24,5,high,none,correct,3 Slightly Distrust,Verify before taking action or using the information.,3,25–34,Male,Bachelor's degree in college (4-year),Daily,Expert/Specialist,Trust,Agree,3,2,3,0,0.5,0.5
R_1IuTvEh232uViHQ,3,12,25,6,high,none,incorrect,6 Trust,Use the information or take the recommended action (do not double-check).,5 (Extremely serious),25–34,Male,Bachelor's degree in college (4-year),Daily,Expert/Specialist,Trust,Agree,6,3,5,0,-0.5,0.5
R_120aqcaGGaw1Yfj,4,1,26,7,low,weak,incorrect,4 Neither trust nor distrust,Use the information or take the recommended action (do not double-check).,3,55–64,Male,Bachelor's degree in college (4-year),Daily,Basic User,Neither Trust nor Distrust,Agree,4,3,3,1,-0.5,-0.5
R_120aqcaGGaw1Yfj,4,2,27,8,low,strong,correct,7 Strongly Trust,Use the information or take the recommended action (do not double-check).,2,55–64,Male,Bachelor's degree in college (4-year),Daily,Basic User,Neither Trust nor Distrust,Agree,7,3,2,2,0.5,-0.5
R_120aqcaGGaw1Yfj,4,3,28,9,low,strong,incorrect,6 Trust,Use the information or take the recommended action (do not double-check).,2,55–64,Male,Bachelor's degree in college (4-year),Daily,Basic User,Neither Trust nor Distrust,Agree,6,3,2,2,-0.5,-0.5
R_120aqcaGGaw1Yfj,4,4,29,10,low,none,correct,3 Slightly Distrust,Verify before taking action or using the information.,3,55–64,Male,Bachelor's degree in college (4-year),Daily,Basic User,Neither Trust nor Distrust,Agree,3,2,3,0,0.5,-0.5
R_120aqcaGGaw1Yfj,4,5,30,11,low,none,incorrect,5 Slightly Trust,Use the information or take the recommended action (do not double-check).,2,55–64,Male,Bachelor's degree in college (4-year),Daily,Basic User,Neither Trust nor Distrust,Agree,5,3,2,0,-0.5,-0.5
R_120aqcaGGaw1Yfj,4,6,31,12,low,weak,correct,7 Strongly Trust,Use the information or take the recommended action (do not double-check).,1 (Not serious at all),55–64,Male,Bachelor's degree in college (4-year),Daily,Basic User,Neither Trust nor Distrust,Agree,7,3,1,1,0.5,-0.5
R_120aqcaGGaw1Yfj,4,7,32,1,high,weak,incorrect,3 Slightly Distrust,Verify before taking action or using the information.,4,55–64,Male,Bachelor's degree in college (4-year),Daily,Basic User,Neither Trust nor Distrust,Agree,3,2,4,1,-0.5,0.5
R_120aqcaGGaw1Yfj,4,8,33,2,high,strong,correct,6 Trust,Verify before taking action or using the information.,4,55–64,Male,Bachelor's degree in college (4-year),Daily,Basic User,Neither Trust nor Distrust,Agree,6,2,4,2,0.5,0.5
R_120aqcaGGaw1Yfj,4,9,34,3,high,strong,incorrect,7 Strongly Trust,Use the information or take the recommended action (do not double-check).,3,55–64,Male,Bachelor's degree in college (4-year),Daily,Basic User,Neither Trust nor Distrust,Agree,7,3,3,2,-0.5,0.5
R_120aqcaGGaw1Yfj,4,10,35,4,high,none,correct,4 Neither trust nor distrust,Verify before taking action or using the information.,4,55–64,Male,Bachelor's degree in college (4-year),Daily,Basic User,Neither Trust nor Distrust,Agree,4,2,4,0,0.5,0.5
R_120aqcaGGaw1Yfj,4,11,36,5,high,none,incorrect,3 Slightly Distrust,Verify before taking action or using the information.,4,55–64,Male,Bachelor's degree in college (4-year),Daily,Basic User,Neither Trust nor Distrust,Agree,3,2,4,0,-0.5,0.5
R_120aqcaGGaw1Yfj,4,12,37,6,high,weak,correct,5 Slightly Trust,Verify before taking action or using the information.,4,55–64,Male,Bachelor's degree in college (4-year),Daily,Basic User,Neither Trust nor Distrust,Agree,5,2,4,1,0.5,0.5
R_27VYFnH9gN6Podu,2,1,2,7,low,none,incorrect,6 Trust,Verify before taking action or using the information.,3,35–44,Male,Graduate or professional degree,Daily,Advanced Practitioner,Trust,Agree,6,2,3,0,-0.5,-0.5
R_27VYFnH9gN6Podu,2,2,3,8,low,weak,correct,6 Trust,Verify before taking action or using the information.,3,35–44,Male,Graduate or professional degree,Daily,Advanced Practitioner,Trust,Agree,6,2,3,1,0.5,-0.5
R_27VYFnH9gN6Podu,2,3,4,9,low,weak,incorrect,6 Trust,Verify before taking action or using the information.,4,35–44,Male,Graduate or professional degree,Daily,Advanced Practitioner,Trust,Agree,6,2,4,1,-0.5,-0.5
R_27VYFnH9gN6Podu,2,4,5,10,low,strong,correct,6 Trust,Verify before taking action or using the information.,4,35–44,Male,Graduate or professional degree,Daily,Advanced Practitioner,Trust,Agree,6,2,4,2,0.5,-0.5
R_27VYFnH9gN6Podu,2,5,6,11,low,strong,incorrect,6 Trust,Use the information or take the recommended action (do not double-check).,2,35–44,Male,Graduate or professional degree,Daily,Advanced Practitioner,Trust,Agree,6,3,2,2,-0.5,-0.5
R_27VYFnH9gN6Podu,2,6,7,12,low,none,correct,6 Trust,Verify before taking action or using the information.,2,35–44,Male,Graduate or professional degree,Daily,Advanced Practitioner,Trust,Agree,6,2,2,0,0.5,-0.5
R_27VYFnH9gN6Podu,2,7,8,1,high,none,incorrect,6 Trust,Verify before taking action or using the information.,4,35–44,Male,Graduate or professional degree,Daily,Advanced Practitioner,Trust,Agree,6,2,4,0,-0.5,0.5
R_27VYFnH9gN6Podu,2,8,9,2,high,weak,correct,6 Trust,Verify before taking action or using the information.,4,35–44,Male,Graduate or professional degree,Daily,Advanced Practitioner,Trust,Agree,6,2,4,1,0.5,0.5
R_27VYFnH9gN6Podu,2,9,10,3,high,weak,incorrect,6 Trust,Use the information or take the recommended action (do not double-check).,2,35–44,Male,Graduate or professional degree,Daily,Advanced Practitioner,Trust,Agree,6,3,2,1,-0.5,0.5
R_27VYFnH9gN6Podu,2,10,11,4,high,strong,correct,6 Trust,Use the information or take the recommended action (do not double-check).,4,35–44,Male,Graduate or professional degree,Daily,Advanced Practitioner,Trust,Agree,6,3,4,2,0.5,0.5
R_27VYFnH9gN6Podu,2,11,12,5,high,strong,incorrect,6 Trust,Verify before taking action or using the information.,4,35–44,Male,Graduate or professional degree,Daily,Advanced Practitioner,Trust,Agree,6,2,4,2,-0.5,0.5
R_27VYFnH9gN6Podu,2,12,13,6,high,none,correct,6 Trust,Verify before taking action or using the information.,5 (Extremely serious),35–44,Male,Graduate or professional degree,Daily,Advanced Practitioner,Trust,Agree,6,2,5,0,0.5,0.5
R_3s6OEgKKmQKGHmQ,3,1,14,7,low,weak,correct,5 Slightly Trust,Verify before taking action or using the information.,4,65+,Female,Some college but no degree,Daily,Basic User,Neither Trust nor Distrust,Agree,5,2,4,1,0.5,-0.5
R_3s6OEgKKmQKGHmQ,3,2,15,8,low,weak,incorrect,4 Neither trust nor distrust,Use the information or take the recommended action (do not double-check).,4,65+,Female,Some college but no degree,Daily,Basic User,Neither Trust nor Distrust,Agree,4,3,4,1,-0.5,-0.5
R_3s6OEgKKmQKGHmQ,3,3,16,9,low,strong,correct,7 Strongly Trust,Use the information or take the recommended action (do not double-check).,4,65+,Female,Some college but no degree,Daily,Basic User,Neither Trust nor Distrust,Agree,7,3,4,2,0.5,-0.5
R_3s6OEgKKmQKGHmQ,3,4,17,10,low,strong,incorrect,6 Trust,Verify before taking action or using the information.,4,65+,Female,Some college but no degree,Daily,Basic User,Neither Trust nor Distrust,Agree,6,2,4,2,-0.5,-0.5
R_3s6OEgKKmQKGHmQ,3,5,18,11,low,none,correct,6 Trust,Verify before taking action or using the information.,4,65+,Female,Some college but no degree,Daily,Basic User,Neither Trust nor Distrust,Agree,6,2,4,0,0.5,-0.5
R_3s6OEgKKmQKGHmQ,3,6,19,12,low,none,incorrect,4 Neither trust nor distrust,Verify before taking action or using the information.,3,65+,Female,Some college but no degree,Daily,Basic User,Neither Trust nor Distrust,Agree,4,2,3,0,-0.5,-0.5
R_3s6OEgKKmQKGHmQ,3,7,20,1,high,weak,correct,5 Slightly Trust,Verify before taking action or using the information.,5 (Extremely serious),65+,Female,Some college but no degree,Daily,Basic User,Neither Trust nor Distrust,Agree,5,2,5,1,0.5,0.5
R_3s6OEgKKmQKGHmQ,3,8,21,2,high,weak,incorrect,6 Trust,Verify before taking action or using the information.,4,65+,Female,Some college but no degree,Daily,Basic User,Neither Trust nor Distrust,Agree,6,2,4,1,-0.5,0.5
R_3s6OEgKKmQKGHmQ,3,9,22,3,high,strong,correct,6 Trust,Use the information or take the recommended action (do not double-check).,3,65+,Female,Some college but no degree,Daily,Basic User,Neither Trust nor Distrust,Agree,6,3,3,2,0.5,0.5
R_3s6OEgKKmQKGHmQ,3,10,23,4,high,strong,incorrect,3 Slightly Distrust,Verify before taking action or using the information.,3,65+,Female,Some college but no degree,Daily,Basic User,Neither Trust nor Distrust,Agree,3,2,3,2,-0.5,0.5
R_3s6OEgKKmQKGHmQ,3,11,24,5,high,none,correct,2 Distrust,Verify before taking action or using the information.,5 (Extremely serious),65+,Female,Some college but no degree,Daily,Basic User,Neither Trust nor Distrust,Agree,2,2,5,0,0.5,0.5
R_3s6OEgKKmQKGHmQ,3,12,25,6,high,none,incorrect,3 Slightly Distrust,Verify before taking action or using the information.,5 (Extremely serious),65+,Female,Some college but no degree,Daily,Basic User,Neither Trust nor Distrust,Agree,3,2,5,0,-0.5,0.5
R_5cE2kwRJOxdkO77,6,1,50,7,low,strong,incorrect,6 Trust,Verify before taking action or using the information.,1 (Not serious at all),55–64,Male,Graduate or professional degree,Daily,Advanced Practitioner,Trust,Agree,6,2,1,2,-0.5,-0.5
R_5cE2kwRJOxdkO77,6,2,51,8,low,none,correct,6 Trust,Use the information or take the recommended action (do not double-check).,1 (Not serious at all),55–64,Male,Graduate or professional degree,Daily,Advanced Practitioner,Trust,Agree,6,3,1,0,0.5,-0.5
R_5cE2kwRJOxdkO77,6,3,52,9,low,none,incorrect,7 Strongly Trust,Use the information or take the recommended action (do not double-check).,2,55–64,Male,Graduate or professional degree,Daily,Advanced Practitioner,Trust,Agree,7,3,2,0,-0.5,-0.5
R_5cE2kwRJOxdkO77,6,4,53,10,low,weak,correct,4 Neither trust nor distrust,Verify before taking action or using the information.,5 (Extremely serious),55–64,Male,Graduate or professional degree,Daily,Advanced Practitioner,Trust,Agree,4,2,5,1,0.5,-0.5
R_5cE2kwRJOxdkO77,6,5,54,11,low,weak,incorrect,6 Trust,Verify before taking action or using the information.,1 (Not serious at all),55–64,Male,Graduate or professional degree,Daily,Advanced Practitioner,Trust,Agree,6,2,1,1,-0.5,-0.5
R_5cE2kwRJOxdkO77,6,6,55,12,low,strong,correct,7 Strongly Trust,Use the information or take the recommended action (do not double-check).,1 (Not serious at all),55–64,Male,Graduate or professional degree,Daily,Advanced Practitioner,Trust,Agree,7,3,1,2,0.5,-0.5
R_5cE2kwRJOxdkO77,6,7,56,1,high,strong,incorrect,6 Trust,Verify before taking action or using the information.,1 (Not serious at all),55–64,Male,Graduate or professional degree,Daily,Advanced Practitioner,Trust,Agree,6,2,1,2,-0.5,0.5
R_5cE2kwRJOxdkO77,6,8,57,2,high,none,correct,4 Neither trust nor distrust,Verify before taking action or using the information.,3,55–64,Male,Graduate or professional degree,Daily,Advanced Practitioner,Trust,Agree,4,2,3,0,0.5,0.5
R_5cE2kwRJOxdkO77,6,9,58,3,high,none,incorrect,5 Slightly Trust,Verify before taking action or using the information.,4,55–64,Male,Graduate or professional degree,Daily,Advanced Practitioner,Trust,Agree,5,2,4,0,-0.5,0.5
R_5cE2kwRJOxdkO77,6,10,59,4,high,weak,correct,6 Trust,Verify before taking action or using the information.,5 (Extremely serious),55–64,Male,Graduate or professional degree,Daily,Advanced Practitioner,Trust,Agree,6,2,5,1,0.5,0.5
R_5cE2kwRJOxdkO77,6,11,60,5,high,weak,incorrect,4 Neither trust nor distrust,Verify before taking action or using the information.,5 (Extremely serious),55–64,Male,Graduate or professional degree,Daily,Advanced Practitioner,Trust,Agree,4,2,5,1,-0.5,0.5
R_5cE2kwRJOxdkO77,6,12,61,6,high,strong,correct,6 Trust,Verify before taking action or using the information.,4,55–64,Male,Graduate or professional degree,Daily,Advanced Practitioner,Trust,Agree,6,2,4,2,0.5,0.5
R_3NxJgHYx0ypQ93p,6,1,50,7,low,strong,incorrect,5 Slightly Trust,Use the information or take the recommended action (do not double-check).,1 (Not serious at all),25–34,Female,Bachelor's degree in college (4-year),Daily,Experienced User,Neither Trust nor Distrust,Agree,5,3,1,2,-0.5,-0.5
R_3NxJgHYx0ypQ93p,6,2,51,8,low,none,correct,1 Strongly Distrust,Verify before taking action or using the information.,3,25–34,Female,Bachelor's degree in college (4-year),Daily,Experienced User,Neither Trust nor Distrust,Agree,1,2,3,0,0.5,-0.5
R_3NxJgHYx0ypQ93p,6,3,52,9,low,none,incorrect,5 Slightly Trust,Use the information or take the recommended action (do not double-check).,1 (Not serious at all),25–34,Female,Bachelor's degree in college (4-year),Daily,Experienced User,Neither Trust nor Distrust,Agree,5,3,1,0,-0.5,-0.5
R_3NxJgHYx0ypQ93p,6,4,53,10,low,weak,correct,6 Trust,Verify before taking action or using the information.,3,25–34,Female,Bachelor's degree in college (4-year),Daily,Experienced User,Neither Trust nor Distrust,Agree,6,2,3,1,0.5,-0.5
R_3NxJgHYx0ypQ93p,6,5,54,11,low,weak,incorrect,5 Slightly Trust,Verify before taking action or using the information.,1 (Not serious at all),25–34,Female,Bachelor's degree in college (4-year),Daily,Experienced User,Neither Trust nor Distrust,Agree,5,2,1,1,-0.5,-0.5
R_3NxJgHYx0ypQ93p,6,6,55,12,low,strong,correct,6 Trust,Use the information or take the recommended action (do not double-check).,1 (Not serious at all),25–34,Female,Bachelor's degree in college (4-year),Daily,Experienced User,Neither Trust nor Distrust,Agree,6,3,1,2,0.5,-0.5
R_3NxJgHYx0ypQ93p,6,7,56,1,high,strong,incorrect,2 Distrust,Verify before taking action or using the information.,3,25–34,Female,Bachelor's degree in college (4-year),Daily,Experienced User,Neither Trust nor Distrust,Agree,2,2,3,2,-0.5,0.5
R_3NxJgHYx0ypQ93p,6,8,57,2,high,none,correct,5 Slightly Trust,Verify before taking action or using the information.,5 (Extremely serious),25–34,Female,Bachelor's degree in college (4-year),Daily,Experienced User,Neither Trust nor Distrust,Agree,5,2,5,0,0.5,0.5
R_3NxJgHYx0ypQ93p,6,9,58,3,high,none,incorrect,6 Trust,Verify before taking action or using the information.,2,25–34,Female,Bachelor's degree in college (4-year),Daily,Experienced User,Neither Trust nor Distrust,Agree,6,2,2,0,-0.5,0.5
R_3NxJgHYx0ypQ93p,6,10,59,4,high,weak,correct,7 Strongly Trust,Use the information or take the recommended action (do not double-check).,4,25–34,Female,Bachelor's degree in college (4-year),Daily,Experienced User,Neither Trust nor Distrust,Agree,7,3,4,1,0.5,0.5
R_3NxJgHYx0ypQ93p,6,11,60,5,high,weak,incorrect,5 Slightly Trust,Verify before taking action or using the information.,3,25–34,Female,Bachelor's degree in college (4-year),Daily,Experienced User,Neither Trust nor Distrust,Agree,5,2,3,1,-0.5,0.5
R_3NxJgHYx0ypQ93p,6,12,61,6,high,strong,correct,5 Slightly Trust,Verify before taking action or using the information.,5 (Extremely serious),25–34,Female,Bachelor's degree in college (4-year),Daily,Experienced User,Neither Trust nor Distrust,Agree,5,2,5,2,0.5,0.5
R_2WDpyCFPk0ov5fD,2,1,2,7,low,none,incorrect,5 Slightly Trust,Verify before taking action or using the information.,2,35–44,Female,Bachelor's degree in college (4-year),Daily,Experienced User,Trust,Agree,5,2,2,0,-0.5,-0.5
R_2WDpyCFPk0ov5fD,2,2,3,8,low,weak,correct,5 Slightly Trust,Verify before taking action or using the information.,3,35–44,Female,Bachelor's degree in college (4-year),Daily,Experienced User,Trust,Agree,5,2,3,1,0.5,-0.5
R_2WDpyCFPk0ov5fD,2,3,4,9,low,weak,incorrect,6 Trust,Use the information or take the recommended action (do not double-check).,1 (Not serious at all),35–44,Female,Bachelor's degree in college (4-year),Daily,Experienced User,Trust,Agree,6,3,1,1,-0.5,-0.5
R_2WDpyCFPk0ov5fD,2,4,5,10,low,strong,correct,6 Trust,Verify before taking action or using the information.,4,35–44,Female,Bachelor's degree in college (4-year),Daily,Experienced User,Trust,Agree,6,2,4,2,0.5,-0.5
R_2WDpyCFPk0ov5fD,2,5,6,11,low,strong,incorrect,5 Slightly Trust,Verify before taking action or using the information.,1 (Not serious at all),35–44,Female,Bachelor's degree in college (4-year),Daily,Experienced User,Trust,Agree,5,2,1,2,-0.5,-0.5
R_2WDpyCFPk0ov5fD,2,6,7,12,low,none,correct,6 Trust,Use the information or take the recommended action (do not double-check).,1 (Not serious at all),35–44,Female,Bachelor's degree in college (4-year),Daily,Experienced User,Trust,Agree,6,3,1,0,0.5,-0.5
R_2WDpyCFPk0ov5fD,2,7,8,1,high,none,incorrect,3 Slightly Distrust,Verify before taking action or using the information.,5 (Extremely serious),35–44,Female,Bachelor's degree in college (4-year),Daily,Experienced User,Trust,Agree,3,2,5,0,-0.5,0.5
R_2WDpyCFPk0ov5fD,2,8,9,2,high,weak,correct,2 Distrust,Verify before taking action or using the information.,5 (Extremely serious),35–44,Female,Bachelor's degree in college (4-year),Daily,Experienced User,Trust,Agree,2,2,5,1,0.5,0.5
R_2WDpyCFPk0ov5fD,2,9,10,3,high,weak,incorrect,5 Slightly Trust,Use the information or take the recommended action (do not double-check).,3,35–44,Female,Bachelor's degree in college (4-year),Daily,Experienced User,Trust,Agree,5,3,3,1,-0.5,0.5
R_2WDpyCFPk0ov5fD,2,10,11,4,high,strong,correct,5 Slightly Trust,Verify before taking action or using the information.,4,35–44,Female,Bachelor's degree in college (4-year),Daily,Experienced User,Trust,Agree,5,2,4,2,0.5,0.5
R_2WDpyCFPk0ov5fD,2,11,12,5,high,strong,incorrect,6 Trust,Verify before taking action or using the information.,5 (Extremely serious),35–44,Female,Bachelor's degree in college (4-year),Daily,Experienced User,Trust,Agree,6,2,5,2,-0.5,0.5
R_2WDpyCFPk0ov5fD,2,12,13,6,high,none,correct,3 Slightly Distrust,Verify before taking action or using the information.,5 (Extremely serious),35–44,Female,Bachelor's degree in college (4-year),Daily,Experienced User,Trust,Agree,3,2,5,0,0.5,0.5
R_3n7ZyuqL9LZQzFp,5,1,38,7,low,strong,correct,1 Strongly Distrust,Verify before taking action or using the information.,4,18–24,Male,Associate degree in college (2-year),Daily,Expert/Specialist,Trust,Agree,1,2,4,2,0.5,-0.5
R_3n7ZyuqL9LZQzFp,5,2,39,8,low,strong,incorrect,2 Distrust,Verify before taking action or using the information.,5 (Extremely serious),18–24,Male,Associate degree in college (2-year),Daily,Expert/Specialist,Trust,Agree,2,2,5,2,-0.5,-0.5
R_3n7ZyuqL9LZQzFp,5,3,40,9,low,none,correct,3 Slightly Distrust,Verify before taking action or using the information.,3,18–24,Male,Associate degree in college (2-year),Daily,Expert/Specialist,Trust,Agree,3,2,3,0,0.5,-0.5
R_3n7ZyuqL9LZQzFp,5,4,41,10,low,none,incorrect,3 Slightly Distrust,Verify before taking action or using the information.,4,18–24,Male,Associate degree in college (2-year),Daily,Expert/Specialist,Trust,Agree,3,2,4,0,-0.5,-0.5
R_3n7ZyuqL9LZQzFp,5,5,42,11,low,weak,correct,3 Slightly Distrust,Verify before taking action or using the information.,3,18–24,Male,Associate degree in college (2-year),Daily,Expert/Specialist,Trust,Agree,3,2,3,1,0.5,-0.5
R_3n7ZyuqL9LZQzFp,5,6,43,12,low,weak,incorrect,2 Distrust,Use the information or take the recommended action (do not double-check).,2,18–24,Male,Associate degree in college (2-year),Daily,Expert/Specialist,Trust,Agree,2,3,2,1,-0.5,-0.5
R_3n7ZyuqL9LZQzFp,5,7,44,1,high,strong,correct,4 Neither trust nor distrust,Verify before taking action or using the information.,3,18–24,Male,Associate degree in college (2-year),Daily,Expert/Specialist,Trust,Agree,4,2,3,2,0.5,0.5
R_3n7ZyuqL9LZQzFp,5,8,45,2,high,strong,incorrect,2 Distrust,Verify before taking action or using the information.,4,18–24,Male,Associate degree in college (2-year),Daily,Expert/Specialist,Trust,Agree,2,2,4,2,-0.5,0.5
R_3n7ZyuqL9LZQzFp,5,9,46,3,high,none,correct,3 Slightly Distrust,Verify before taking action or using the information.,4,18–24,Male,Associate degree in college (2-year),Daily,Expert/Specialist,Trust,Agree,3,2,4,0,0.5,0.5
R_3n7ZyuqL9LZQzFp,5,10,47,4,high,none,incorrect,1 Strongly Distrust,Reject — do not use the information or take the recommended action.,4,18–24,Male,Associate degree in college (2-year),Daily,Expert/Specialist,Trust,Agree,1,1,4,0,-0.5,0.5
R_3n7ZyuqL9LZQzFp,5,11,48,5,high,weak,correct,4 Neither trust nor distrust,Verify before taking action or using the information.,4,18–24,Male,Associate degree in college (2-year),Daily,Expert/Specialist,Trust,Agree,4,2,4,1,0.5,0.5
R_3n7ZyuqL9LZQzFp,5,12,49,6,high,weak,incorrect,3 Slightly Distrust,Verify before taking action or using the information.,5 (Extremely serious),18–24,Male,Associate degree in college (2-year),Daily,Expert/Specialist,Trust,Agree,3,2,5,1,-0.5,0.5
R_2waBUPVSYyvpTP9,4,1,26,7,low,weak,incorrect,3 Slightly Distrust,Verify before taking action or using the information.,4,65+,Female,Graduate or professional degree,Daily,Basic User,Neither Trust nor Distrust,Agree,3,2,4,1,-0.5,-0.5
R_2waBUPVSYyvpTP9,4,2,27,8,low,strong,correct,6 Trust,Verify before taking action or using the information.,4,65+,Female,Graduate or professional degree,Daily,Basic User,Neither Trust nor Distrust,Agree,6,2,4,2,0.5,-0.5
R_2waBUPVSYyvpTP9,4,3,28,9,low,strong,incorrect,6 Trust,Use the information or take the recommended action (do not double-check).,2,65+,Female,Graduate or professional degree,Daily,Basic User,Neither Trust nor Distrust,Agree,6,3,2,2,-0.5,-0.5
R_2waBUPVSYyvpTP9,4,4,29,10,low,none,correct,1 Strongly Distrust,Reject — do not use the information or take the recommended action.,5 (Extremely serious),65+,Female,Graduate or professional degree,Daily,Basic User,Neither Trust nor Distrust,Agree,1,1,5,0,0.5,-0.5
R_2waBUPVSYyvpTP9,4,5,30,11,low,none,incorrect,4 Neither trust nor distrust,Verify before taking action or using the information.,3,65+,Female,Graduate or professional degree,Daily,Basic User,Neither Trust nor Distrust,Agree,4,2,3,0,-0.5,-0.5
R_2waBUPVSYyvpTP9,4,6,31,12,low,weak,correct,4 Neither trust nor distrust,Verify before taking action or using the information.,4,65+,Female,Graduate or professional degree,Daily,Basic User,Neither Trust nor Distrust,Agree,4,2,4,1,0.5,-0.5
R_2waBUPVSYyvpTP9,4,7,32,1,high,weak,incorrect,4 Neither trust nor distrust,Verify before taking action or using the information.,5 (Extremely serious),65+,Female,Graduate or professional degree,Daily,Basic User,Neither Trust nor Distrust,Agree,4,2,5,1,-0.5,0.5
R_2waBUPVSYyvpTP9,4,8,33,2,high,strong,correct,6 Trust,Verify before taking action or using the information.,5 (Extremely serious),65+,Female,Graduate or professional degree,Daily,Basic User,Neither Trust nor Distrust,Agree,6,2,5,2,0.5,0.5
R_2waBUPVSYyvpTP9,4,9,34,3,high,strong,incorrect,6 Trust,Use the information or take the recommended action (do not double-check).,4,65+,Female,Graduate or professional degree,Daily,Basic User,Neither Trust nor Distrust,Agree,6,3,4,2,-0.5,0.5
R_2waBUPVSYyvpTP9,4,10,35,4,high,none,correct,3 Slightly Distrust,Reject — do not use the information or take the recommended action.,5 (Extremely serious),65+,Female,Graduate or professional degree,Daily,Basic User,Neither Trust nor Distrust,Agree,3,1,5,0,0.5,0.5
R_2waBUPVSYyvpTP9,4,11,36,5,high,none,incorrect,1 Strongly Distrust,Reject — do not use the information or take the recommended action.,5 (Extremely serious),65+,Female,Graduate or professional degree,Daily,Basic User,Neither Trust nor Distrust,Agree,1,1,5,0,-0.5,0.5
R_2waBUPVSYyvpTP9,4,12,37,6,high,weak,correct,5 Slightly Trust,Verify before taking action or using the information.,5 (Extremely serious),65+,Female,Graduate or professional degree,Daily,Basic User,Neither Trust nor Distrust,Agree,5,2,5,1,0.5,0.5
R_1pyt8K08mkYQAYF,3,1,14,7,low,weak,correct,5 Slightly Trust,Verify before taking action or using the information.,3,65+,Male,Graduate or professional degree,Never,Novice,Neither Trust nor Distrust,Agree,5,2,3,1,0.5,-0.5
R_1pyt8K08mkYQAYF,3,2,15,8,low,weak,incorrect,5 Slightly Trust,Verify before taking action or using the information.,2,65+,Male,Graduate or professional degree,Never,Novice,Neither Trust nor Distrust,Agree,5,2,2,1,-0.5,-0.5
R_1pyt8K08mkYQAYF,3,3,16,9,low,strong,correct,4 Neither trust nor distrust,Verify before taking action or using the information.,3,65+,Male,Graduate or professional degree,Never,Novice,Neither Trust nor Distrust,Agree,4,2,3,2,0.5,-0.5
R_1pyt8K08mkYQAYF,3,4,17,10,low,strong,incorrect,3 Slightly Distrust,Verify before taking action or using the information.,3,65+,Male,Graduate or professional degree,Never,Novice,Neither Trust nor Distrust,Agree,3,2,3,2,-0.5,-0.5
R_1pyt8K08mkYQAYF,3,5,18,11,low,none,correct,3 Slightly Distrust,Verify before taking action or using the information.,3,65+,Male,Graduate or professional degree,Never,Novice,Neither Trust nor Distrust,Agree,3,2,3,0,0.5,-0.5
R_1pyt8K08mkYQAYF,3,6,19,12,low,none,incorrect,1 Strongly Distrust,Reject — do not use the information or take the recommended action.,2,65+,Male,Graduate or professional degree,Never,Novice,Neither Trust nor Distrust,Agree,1,1,2,0,-0.5,-0.5
R_1pyt8K08mkYQAYF,3,7,20,1,high,weak,correct,3 Slightly Distrust,Verify before taking action or using the information.,3,65+,Male,Graduate or professional degree,Never,Novice,Neither Trust nor Distrust,Agree,3,2,3,1,0.5,0.5
R_1pyt8K08mkYQAYF,3,8,21,2,high,weak,incorrect,4 Neither trust nor distrust,Verify before taking action or using the information.,3,65+,Male,Graduate or professional degree,Never,Novice,Neither Trust nor Distrust,Agree,4,2,3,1,-0.5,0.5
R_1pyt8K08mkYQAYF,3,9,22,3,high,strong,correct,7 Strongly Trust,Use the information or take the recommended action (do not double-check).,5 (Extremely serious),65+,Male,Graduate or professional degree,Never,Novice,Neither Trust nor Distrust,Agree,7,3,5,2,0.5,0.5
R_1pyt8K08mkYQAYF,3,10,23,4,high,strong,incorrect,4 Neither trust nor distrust,Verify before taking action or using the information.,3,65+,Male,Graduate or professional degree,Never,Novice,Neither Trust nor Distrust,Agree,4,2,3,2,-0.5,0.5
R_1pyt8K08mkYQAYF,3,11,24,5,high,none,correct,5 Slightly Trust,Use the information or take the recommended action (do not double-check).,4,65+,Male,Graduate or professional degree,Never,Novice,Neither Trust nor Distrust,Agree,5,3,4,0,0.5,0.5
R_1pyt8K08mkYQAYF,3,12,25,6,high,none,incorrect,3 Slightly Distrust,Verify before taking action or using the information.,3,65+,Male,Graduate or professional degree,Never,Novice,Neither Trust nor Distrust,Agree,3,2,3,0,-0.5,0.5
R_1DGx0RPZ0Kffs4s,4,1,26,7,low,weak,incorrect,7 Strongly Trust,Use the information or take the recommended action (do not double-check).,2,55–64,Female,Graduate or professional degree,Never,Novice,Trust,Agree,7,3,2,1,-0.5,-0.5
R_1DGx0RPZ0Kffs4s,4,2,27,8,low,strong,correct,6 Trust,Use the information or take the recommended action (do not double-check).,1 (Not serious at all),55–64,Female,Graduate or professional degree,Never,Novice,Trust,Agree,6,3,1,2,0.5,-0.5
R_1DGx0RPZ0Kffs4s,4,3,28,9,low,strong,incorrect,7 Strongly Trust,Use the information or take the recommended action (do not double-check).,1 (Not serious at all),55–64,Female,Graduate or professional degree,Never,Novice,Trust,Agree,7,3,1,2,-0.5,-0.5
R_1DGx0RPZ0Kffs4s,4,4,29,10,low,none,correct,1 Strongly Distrust,Verify before taking action or using the information.,4,55–64,Female,Graduate or professional degree,Never,Novice,Trust,Agree,1,2,4,0,0.5,-0.5
R_1DGx0RPZ0Kffs4s,4,5,30,11,low,none,incorrect,7 Strongly Trust,Use the information or take the recommended action (do not double-check).,1 (Not serious at all),55–64,Female,Graduate or professional degree,Never,Novice,Trust,Agree,7,3,1,0,-0.5,-0.5
R_1DGx0RPZ0Kffs4s,4,6,31,12,low,weak,correct,7 Strongly Trust,Use the information or take the recommended action (do not double-check).,2,55–64,Female,Graduate or professional degree,Never,Novice,Trust,Agree,7,3,2,1,0.5,-0.5
R_1DGx0RPZ0Kffs4s,4,7,32,1,high,weak,incorrect,4 Neither trust nor distrust,Verify before taking action or using the information.,5 (Extremely serious),55–64,Female,Graduate or professional degree,Never,Novice,Trust,Agree,4,2,5,1,-0.5,0.5
R_1DGx0RPZ0Kffs4s,4,8,33,2,high,strong,correct,7 Strongly Trust,Verify before taking action or using the information.,4,55–64,Female,Graduate or professional degree,Never,Novice,Trust,Agree,7,2,4,2,0.5,0.5
R_1DGx0RPZ0Kffs4s,4,9,34,3,high,strong,incorrect,7 Strongly Trust,Use the information or take the recommended action (do not double-check).,3,55–64,Female,Graduate or professional degree,Never,Novice,Trust,Agree,7,3,3,2,-0.5,0.5
R_1DGx0RPZ0Kffs4s,4,10,35,4,high,none,correct,7 Strongly Trust,Use the information or take the recommended action (do not double-check).,3,55–64,Female,Graduate or professional degree,Never,Novice,Trust,Agree,7,3,3,0,0.5,0.5
R_1DGx0RPZ0Kffs4s,4,11,36,5,high,none,incorrect,3 Slightly Distrust,Reject — do not use the information or take the recommended action.,5 (Extremely serious),55–64,Female,Graduate or professional degree,Never,Novice,Trust,Agree,3,1,5,0,-0.5,0.5
R_1DGx0RPZ0Kffs4s,4,12,37,6,high,weak,correct,6 Trust,Verify before taking action or using the information.,5 (Extremely serious),55–64,Female,Graduate or professional degree,Never,Novice,Trust,Agree,6,2,5,1,0.5,0.5
R_25QLIdl8pvZRn3C,1,1,1,7,low,none,correct,7 Strongly Trust,Use the information or take the recommended action (do not double-check).,2,65+,Female,High school graduate (high school diploma or equivalent including GED),Monthly,Novice,Neither Trust nor Distrust,Agree,7,3,2,0,0.5,-0.5
R_25QLIdl8pvZRn3C,1,2,2,8,low,none,incorrect,4 (Neither trust nor distrust),Verify before taking action or using the information.,3,65+,Female,High school graduate (high school diploma or equivalent including GED),Monthly,Novice,Neither Trust nor Distrust,Agree,4,2,3,0,-0.5,-0.5
R_25QLIdl8pvZRn3C,1,3,3,9,low,weak,correct,7 Strongly Trust,Use the information or take the recommended action (do not double-check).,5 (Extremely serious),65+,Female,High school graduate (high school diploma or equivalent including GED),Monthly,Novice,Neither Trust nor Distrust,Agree,7,3,5,1,0.5,-0.5
R_25QLIdl8pvZRn3C,1,4,4,10,low,weak,incorrect,6 Trust,Verify before taking action or using the information.,4,65+,Female,High school graduate (high school diploma or equivalent including GED),Monthly,Novice,Neither Trust nor Distrust,Agree,6,2,4,1,-0.5,-0.5
R_25QLIdl8pvZRn3C,1,5,5,11,low,strong,correct,6 Trust,Use the information or take the recommended action (do not double-check).,4,65+,Female,High school graduate (high school diploma or equivalent including GED),Monthly,Novice,Neither Trust nor Distrust,Agree,6,3,4,2,0.5,-0.5
R_25QLIdl8pvZRn3C,1,6,6,12,low,strong,incorrect,3 Slightly Distrust,Verify before taking action or using the information.,3,65+,Female,High school graduate (high school diploma or equivalent including GED),Monthly,Novice,Neither Trust nor Distrust,Agree,3,2,3,2,-0.5,-0.5
R_25QLIdl8pvZRn3C,1,7,7,1,high,none,correct,1 Strongly Distrust,Reject — do not use the information or take the recommended action.,4,65+,Female,High school graduate (high school diploma or equivalent including GED),Monthly,Novice,Neither Trust nor Distrust,Agree,1,1,4,0,0.5,0.5
R_25QLIdl8pvZRn3C,1,8,8,2,high,none,incorrect,1 Strongly Distrust,Reject — do not use the information or take the recommended action.,5 (Extremely serious),65+,Female,High school graduate (high school diploma or equivalent including GED),Monthly,Novice,Neither Trust nor Distrust,Agree,1,1,5,0,-0.5,0.5
R_25QLIdl8pvZRn3C,1,9,9,3,high,weak,correct,4 (Neither trust nor distrust),Use the information or take the recommended action (do not double-check).,5 (Extremely serious),65+,Female,High school graduate (high school diploma or equivalent including GED),Monthly,Novice,Neither Trust nor Distrust,Agree,4,3,5,1,0.5,0.5
R_25QLIdl8pvZRn3C,1,10,10,4,high,weak,incorrect,5 Slightly Trust,Verify before taking action or using the information.,3,65+,Female,High school graduate (high school diploma or equivalent including GED),Monthly,Novice,Neither Trust nor Distrust,Agree,5,2,3,1,-0.5,0.5
R_25QLIdl8pvZRn3C,1,11,11,5,high,strong,correct,1 Strongly Distrust,Reject — do not use the information or take the recommended action.,5 (Extremely serious),65+,Female,High school graduate (high school diploma or equivalent including GED),Monthly,Novice,Neither Trust nor Distrust,Agree,1,1,5,2,0.5,0.5
R_25QLIdl8pvZRn3C,1,12,12,6,high,strong,incorrect,7 Strongly Trust,Use the information or take the recommended action (do not double-check).,4,65+,Female,High school graduate (high school diploma or equivalent including GED),Monthly,Novice,Neither Trust nor Distrust,Agree,7,3,4,2,-0.5,0.5
R_pfo6SGCujLgbcfT,5,1,38,7,low,strong,correct,6 Trust,Verify before taking action or using the information.,1 (Not serious at all),35–44,Female,Some college but no degree,Weekly,Experienced User,Trust,Agree,6,2,1,2,0.5,-0.5
R_pfo6SGCujLgbcfT,5,2,39,8,low,strong,incorrect,6 Trust,Use the information or take the recommended action (do not double-check).,4,35–44,Female,Some college but no degree,Weekly,Experienced User,Trust,Agree,6,3,4,2,-0.5,-0.5
R_pfo6SGCujLgbcfT,5,3,40,9,low,none,correct,6 Trust,Use the information or take the recommended action (do not double-check).,1 (Not serious at all),35–44,Female,Some college but no degree,Weekly,Experienced User,Trust,Agree,6,3,1,0,0.5,-0.5
R_pfo6SGCujLgbcfT,5,4,41,10,low,none,incorrect,5 Slightly Trust,Verify before taking action or using the information.,4,35–44,Female,Some college but no degree,Weekly,Experienced User,Trust,Agree,5,2,4,0,-0.5,-0.5
R_pfo6SGCujLgbcfT,5,5,42,11,low,weak,correct,6 Trust,Use the information or take the recommended action (do not double-check).,2,35–44,Female,Some college but no degree,Weekly,Experienced User,Trust,Agree,6,3,2,1,0.5,-0.5
R_pfo6SGCujLgbcfT,5,6,43,12,low,weak,incorrect,6 Trust,Use the information or take the recommended action (do not double-check).,1 (Not serious at all),35–44,Female,Some college but no degree,Weekly,Experienced User,Trust,Agree,6,3,1,1,-0.5,-0.5
R_pfo6SGCujLgbcfT,5,7,44,1,high,strong,correct,6 Trust,Verify before taking action or using the information.,4,35–44,Female,Some college but no degree,Weekly,Experienced User,Trust,Agree,6,2,4,2,0.5,0.5
R_pfo6SGCujLgbcfT,5,8,45,2,high,strong,incorrect,5 Slightly Trust,Verify before taking action or using the information.,5 (Extremely serious),35–44,Female,Some college but no degree,Weekly,Experienced User,Trust,Agree,5,2,5,2,-0.5,0.5
R_pfo6SGCujLgbcfT,5,9,46,3,high,none,correct,5 Slightly Trust,Verify before taking action or using the information.,4,35–44,Female,Some college but no degree,Weekly,Experienced User,Trust,Agree,5,2,4,0,0.5,0.5
R_pfo6SGCujLgbcfT,5,10,47,4,high,none,incorrect,2 Distrust,Verify before taking action or using the information.,4,35–44,Female,Some college but no degree,Weekly,Experienced User,Trust,Agree,2,2,4,0,-0.5,0.5
R_pfo6SGCujLgbcfT,5,11,48,5,high,weak,correct,6 Trust,Verify before taking action or using the information.,3,35–44,Female,Some college but no degree,Weekly,Experienced User,Trust,Agree,6,2,3,1,0.5,0.5
R_pfo6SGCujLgbcfT,5,12,49,6,high,weak,incorrect,6 Trust,Verify before taking action or using the information.,4,35–44,Female,Some college but no degree,Weekly,Experienced User,Trust,Agree,6,2,4,1,-0.5,0.5
R_zccKeoxrFawfzsR,2,1,2,7,low,none,incorrect,2 Distrust,Reject — do not use the information or take the recommended action.,2,35–44,Female,Graduate or professional degree,Daily,Advanced Practitioner,Neither Trust nor Distrust,Agree,2,1,2,0,-0.5,-0.5
R_zccKeoxrFawfzsR,2,2,3,8,low,weak,correct,2 Distrust,Reject — do not use the information or take the recommended action.,3,35–44,Female,Graduate or professional degree,Daily,Advanced Practitioner,Neither Trust nor Distrust,Agree,2,1,3,1,0.5,-0.5
R_zccKeoxrFawfzsR,2,3,4,9,low,weak,incorrect,5 Slightly Trust,Verify before taking action or using the information.,2,35–44,Female,Graduate or professional degree,Daily,Advanced Practitioner,Neither Trust nor Distrust,Agree,5,2,2,1,-0.5,-0.5
R_zccKeoxrFawfzsR,2,4,5,10,low,strong,correct,4 Neither trust nor distrust,Verify before taking action or using the information.,2,35–44,Female,Graduate or professional degree,Daily,Advanced Practitioner,Neither Trust nor Distrust,Agree,4,2,2,2,0.5,-0.5
R_zccKeoxrFawfzsR,2,5,6,11,low,strong,incorrect,6 Trust,Use the information or take the recommended action (do not double-check).,1 (Not serious at all),35–44,Female,Graduate or professional degree,Daily,Advanced Practitioner,Neither Trust nor Distrust,Agree,6,3,1,2,-0.5,-0.5
R_zccKeoxrFawfzsR,2,6,7,12,low,none,correct,3 Slightly Distrust,Verify before taking action or using the information.,1 (Not serious at all),35–44,Female,Graduate or professional degree,Daily,Advanced Practitioner,Neither Trust nor Distrust,Agree,3,2,1,0,0.5,-0.5
R_zccKeoxrFawfzsR,2,7,8,1,high,none,incorrect,3 Slightly Distrust,Verify before taking action or using the information.,3,35–44,Female,Graduate or professional degree,Daily,Advanced Practitioner,Neither Trust nor Distrust,Agree,3,2,3,0,-0.5,0.5
R_zccKeoxrFawfzsR,2,8,9,2,high,weak,correct,3 Slightly Distrust,Verify before taking action or using the information.,4,35–44,Female,Graduate or professional degree,Daily,Advanced Practitioner,Neither Trust nor Distrust,Agree,3,2,4,1,0.5,0.5
R_zccKeoxrFawfzsR,2,9,10,3,high,weak,incorrect,4 Neither trust nor distrust,Verify before taking action or using the information.,4,35–44,Female,Graduate or professional degree,Daily,Advanced Practitioner,Neither Trust nor Distrust,Agree,4,2,4,1,-0.5,0.5
R_zccKeoxrFawfzsR,2,10,11,4,high,strong,correct,4 Neither trust nor distrust,Verify before taking action or using the information.,2,35–44,Female,Graduate or professional degree,Daily,Advanced Practitioner,Neither Trust nor Distrust,Agree,4,2,2,2,0.5,0.5
R_zccKeoxrFawfzsR,2,11,12,5,high,strong,incorrect,4 Neither trust nor distrust,Verify before taking action or using the information.,4,35–44,Female,Graduate or professional degree,Daily,Advanced Practitioner,Neither Trust nor Distrust,Agree,4,2,4,2,-0.5,0.5
R_zccKeoxrFawfzsR,2,12,13,6,high,none,correct,2 Distrust,Verify before taking action or using the information.,4,35–44,Female,Graduate or professional degree,Daily,Advanced Practitioner,Neither Trust nor Distrust,Agree,2,2,4,0,0.5,0.5
R_2ffDBp49p4n3j4y,5,1,38,7,low,strong,correct,4 Neither trust nor distrust,Verify before taking action or using the information.,3,18–24,Male,High school graduate (high school diploma or equivalent including GED),Weekly,Basic User,Trust,Agree,4,2,3,2,0.5,-0.5
R_2ffDBp49p4n3j4y,5,2,39,8,low,strong,incorrect,4 Neither trust nor distrust,Verify before taking action or using the information.,3,18–24,Male,High school graduate (high school diploma or equivalent including GED),Weekly,Basic User,Trust,Agree,4,2,3,2,-0.5,-0.5
R_2ffDBp49p4n3j4y,5,3,40,9,low,none,correct,5 Slightly Trust,Use the information or take the recommended action (do not double-check).,2,18–24,Male,High school graduate (high school diploma or equivalent including GED),Weekly,Basic User,Trust,Agree,5,3,2,0,0.5,-0.5
R_2ffDBp49p4n3j4y,5,4,41,10,low,none,incorrect,3 Slightly Distrust,Verify before taking action or using the information.,4,18–24,Male,High school graduate (high school diploma or equivalent including GED),Weekly,Basic User,Trust,Agree,3,2,4,0,-0.5,-0.5
R_2ffDBp49p4n3j4y,5,5,42,11,low,weak,correct,5 Slightly Trust,Use the information or take the recommended action (do not double-check).,2,18–24,Male,High school graduate (high school diploma or equivalent including GED),Weekly,Basic User,Trust,Agree,5,3,2,1,0.5,-0.5
R_2ffDBp49p4n3j4y,5,6,43,12,low,weak,incorrect,5 Slightly Trust,Verify before taking action or using the information.,2,18–24,Male,High school graduate (high school diploma or equivalent including GED),Weekly,Basic User,Trust,Agree,5,2,2,1,-0.5,-0.5
R_2ffDBp49p4n3j4y,5,7,44,1,high,strong,correct,3 Slightly Distrust,Verify before taking action or using the information.,4,18–24,Male,High school graduate (high school diploma or equivalent including GED),Weekly,Basic User,Trust,Agree,3,2,4,2,0.5,0.5
R_2ffDBp49p4n3j4y,5,8,45,2,high,strong,incorrect,3 Slightly Distrust,Reject — do not use the information or take the recommended action.,5 (Extremely serious),18–24,Male,High school graduate (high school diploma or equivalent including GED),Weekly,Basic User,Trust,Agree,3,1,5,2,-0.5,0.5
R_2ffDBp49p4n3j4y,5,9,46,3,high,none,correct,3 Slightly Distrust,Verify before taking action or using the information.,5 (Extremely serious),18–24,Male,High school graduate (high school diploma or equivalent including GED),Weekly,Basic User,Trust,Agree,3,2,5,0,0.5,0.5
R_2ffDBp49p4n3j4y,5,10,47,4,high,none,incorrect,3 Slightly Distrust,Verify before taking action or using the information.,5 (Extremely serious),18–24,Male,High school graduate (high school diploma or equivalent including GED),Weekly,Basic User,Trust,Agree,3,2,5,0,-0.5,0.5
R_2ffDBp49p4n3j4y,5,11,48,5,high,weak,correct,5 Slightly Trust,Verify before taking action or using the information.,4,18–24,Male,High school graduate (high school diploma or equivalent including GED),Weekly,Basic User,Trust,Agree,5,2,4,1,0.5,0.5
R_2ffDBp49p4n3j4y,5,12,49,6,high,weak,incorrect,3 Slightly Distrust,Verify before taking action or using the information.,4,18–24,Male,High school graduate (high school diploma or equivalent including GED),Weekly,Basic User,Trust,Agree,3,2,4,1,-0.5,0.5
R_1kFhYVRwkxJKhnG,2,1,2,7,low,none,incorrect,2 Distrust,Verify before taking action or using the information.,2,25–34,Female,Bachelor's degree in college (4-year),Monthly,Experienced User,Distrust,Agree,2,2,2,0,-0.5,-0.5
R_1kFhYVRwkxJKhnG,2,2,3,8,low,weak,correct,5 Slightly Trust,Use the information or take the recommended action (do not double-check).,3,25–34,Female,Bachelor's degree in college (4-year),Monthly,Experienced User,Distrust,Agree,5,3,3,1,0.5,-0.5
R_1kFhYVRwkxJKhnG,2,3,4,9,low,weak,incorrect,5 Slightly Trust,Use the information or take the recommended action (do not double-check).,3,25–34,Female,Bachelor's degree in college (4-year),Monthly,Experienced User,Distrust,Agree,5,3,3,1,-0.5,-0.5
R_1kFhYVRwkxJKhnG,2,4,5,10,low,strong,correct,3 Slightly Distrust,Verify before taking action or using the information.,4,25–34,Female,Bachelor's degree in college (4-year),Monthly,Experienced User,Distrust,Agree,3,2,4,2,0.5,-0.5
R_1kFhYVRwkxJKhnG,2,5,6,11,low,strong,incorrect,6 Trust,Use the information or take the recommended action (do not double-check).,1 (Not serious at all),25–34,Female,Bachelor's degree in college (4-year),Monthly,Experienced User,Distrust,Agree,6,3,1,2,-0.5,-0.5
R_1kFhYVRwkxJKhnG,2,6,7,12,low,none,correct,4 Neither trust nor distrust,Verify before taking action or using the information.,1 (Not serious at all),25–34,Female,Bachelor's degree in college (4-year),Monthly,Experienced User,Distrust,Agree,4,2,1,0,0.5,-0.5
R_1kFhYVRwkxJKhnG,2,7,8,1,high,none,incorrect,1 Strongly Distrust,Reject — do not use the information or take the recommended action.,3,25–34,Female,Bachelor's degree in college (4-year),Monthly,Experienced User,Distrust,Agree,1,1,3,0,-0.5,0.5
R_1kFhYVRwkxJKhnG,2,8,9,2,high,weak,correct,5 Slightly Trust,Verify before taking action or using the information.,5 (Extremely serious),25–34,Female,Bachelor's degree in college (4-year),Monthly,Experienced User,Distrust,Agree,5,2,5,1,0.5,0.5
R_1kFhYVRwkxJKhnG,2,9,10,3,high,weak,incorrect,5 Slightly Trust,Verify before taking action or using the information.,4,25–34,Female,Bachelor's degree in college (4-year),Monthly,Experienced User,Distrust,Agree,5,2,4,1,-0.5,0.5
R_1kFhYVRwkxJKhnG,2,10,11,4,high,strong,correct,3 Slightly Distrust,Verify before taking action or using the information.,5 (Extremely serious),25–34,Female,Bachelor's degree in college (4-year),Monthly,Experienced User,Distrust,Agree,3,2,5,2,0.5,0.5
R_1kFhYVRwkxJKhnG,2,11,12,5,high,strong,incorrect,5 Slightly Trust,Verify before taking action or using the information.,4,25–34,Female,Bachelor's degree in college (4-year),Monthly,Experienced User,Distrust,Agree,5,2,4,2,-0.5,0.5
R_1kFhYVRwkxJKhnG,2,12,13,6,high,none,correct,1 Strongly Distrust,Verify before taking action or using the information.,5 (Extremely serious),25–34,Female,Bachelor's degree in college (4-year),Monthly,Experienced User,Distrust,Agree,1,2,5,0,0.5,0.5
R_3O6TVxNfc9r8WZ4,3,1,14,7,low,weak,correct,2 Distrust,Reject — do not use the information or take the recommended action.,2,35–44,Female,Graduate or professional degree,Weekly,Advanced Practitioner,Distrust,Agree,2,1,2,1,0.5,-0.5
R_3O6TVxNfc9r8WZ4,3,2,15,8,low,weak,incorrect,4 Neither trust nor distrust,Verify before taking action or using the information.,3,35–44,Female,Graduate or professional degree,Weekly,Advanced Practitioner,Distrust,Agree,4,2,3,1,-0.5,-0.5
R_3O6TVxNfc9r8WZ4,3,3,16,9,low,strong,correct,2 Distrust,Verify before taking action or using the information.,1 (Not serious at all),35–44,Female,Graduate or professional degree,Weekly,Advanced Practitioner,Distrust,Agree,2,2,1,2,0.5,-0.5
R_3O6TVxNfc9r8WZ4,3,4,17,10,low,strong,incorrect,2 Distrust,Verify before taking action or using the information.,3,35–44,Female,Graduate or professional degree,Weekly,Advanced Practitioner,Distrust,Agree,2,2,3,2,-0.5,-0.5
R_3O6TVxNfc9r8WZ4,3,5,18,11,low,none,correct,4 Neither trust nor distrust,Use the information or take the recommended action (do not double-check).,1 (Not serious at all),35–44,Female,Graduate or professional degree,Weekly,Advanced Practitioner,Distrust,Agree,4,3,1,0,0.5,-0.5
R_3O6TVxNfc9r8WZ4,3,6,19,12,low,none,incorrect,4 Neither trust nor distrust,Use the information or take the recommended action (do not double-check).,1 (Not serious at all),35–44,Female,Graduate or professional degree,Weekly,Advanced Practitioner,Distrust,Agree,4,3,1,0,-0.5,-0.5
R_3O6TVxNfc9r8WZ4,3,7,20,1,high,weak,correct,4 Neither trust nor distrust,Verify before taking action or using the information.,5 (Extremely serious),35–44,Female,Graduate or professional degree,Weekly,Advanced Practitioner,Distrust,Agree,4,2,5,1,0.5,0.5
R_3O6TVxNfc9r8WZ4,3,8,21,2,high,weak,incorrect,3 Slightly Distrust,Verify before taking action or using the information.,4,35–44,Female,Graduate or professional degree,Weekly,Advanced Practitioner,Distrust,Agree,3,2,4,1,-0.5,0.5
R_3O6TVxNfc9r8WZ4,3,9,22,3,high,strong,correct,6 Trust,Verify before taking action or using the information.,4,35–44,Female,Graduate or professional degree,Weekly,Advanced Practitioner,Distrust,Agree,6,2,4,2,0.5,0.5
R_3O6TVxNfc9r8WZ4,3,10,23,4,high,strong,incorrect,4 Neither trust nor distrust,Verify before taking action or using the information.,3,35–44,Female,Graduate or professional degree,Weekly,Advanced Practitioner,Distrust,Agree,4,2,3,2,-0.5,0.5
R_3O6TVxNfc9r8WZ4,3,11,24,5,high,none,correct,4 Neither trust nor distrust,Verify before taking action or using the information.,5 (Extremely serious),35–44,Female,Graduate or professional degree,Weekly,Advanced Practitioner,Distrust,Agree,4,2,5,0,0.5,0.5
R_3O6TVxNfc9r8WZ4,3,12,25,6,high,none,incorrect,2 Distrust,Verify before taking action or using the information.,4,35–44,Female,Graduate or professional degree,Weekly,Advanced Practitioner,Distrust,Agree,2,2,4,0,-0.5,0.5
R_2sRWaFZ0kUPrBZ1,5,1,38,7,low,strong,correct,2 Distrust,Verify before taking action or using the information.,3,18–24,Female,Some college but no degree,Monthly,Experienced User,Distrust,Agree,2,2,3,2,0.5,-0.5
R_2sRWaFZ0kUPrBZ1,5,2,39,8,low,strong,incorrect,2 Distrust,Verify before taking action or using the information.,3,18–24,Female,Some college but no degree,Monthly,Experienced User,Distrust,Agree,2,2,3,2,-0.5,-0.5
R_2sRWaFZ0kUPrBZ1,5,3,40,9,low,none,correct,2 Distrust,Verify before taking action or using the information.,3,18–24,Female,Some college but no degree,Monthly,Experienced User,Distrust,Agree,2,2,3,0,0.5,-0.5
R_2sRWaFZ0kUPrBZ1,5,4,41,10,low,none,incorrect,3 Slightly Distrust,Verify before taking action or using the information.,4,18–24,Female,Some college but no degree,Monthly,Experienced User,Distrust,Agree,3,2,4,0,-0.5,-0.5
R_2sRWaFZ0kUPrBZ1,5,5,42,11,low,weak,correct,2 Distrust,Verify before taking action or using the information.,2,18–24,Female,Some college but no degree,Monthly,Experienced User,Distrust,Agree,2,2,2,1,0.5,-0.5
R_2sRWaFZ0kUPrBZ1,5,6,43,12,low,weak,incorrect,2 Distrust,Verify before taking action or using the information.,2,18–24,Female,Some college but no degree,Monthly,Experienced User,Distrust,Agree,2,2,2,1,-0.5,-0.5
R_2sRWaFZ0kUPrBZ1,5,7,44,1,high,strong,correct,2 Distrust,Verify before taking action or using the information.,4,18–24,Female,Some college but no degree,Monthly,Experienced User,Distrust,Agree,2,2,4,2,0.5,0.5
R_2sRWaFZ0kUPrBZ1,5,8,45,2,high,strong,incorrect,2 Distrust,Verify before taking action or using the information.,5 (Extremely serious),18–24,Female,Some college but no degree,Monthly,Experienced User,Distrust,Agree,2,2,5,2,-0.5,0.5
R_2sRWaFZ0kUPrBZ1,5,9,46,3,high,none,correct,2 Distrust,Verify before taking action or using the information.,3,18–24,Female,Some college but no degree,Monthly,Experienced User,Distrust,Agree,2,2,3,0,0.5,0.5
R_2sRWaFZ0kUPrBZ1,5,10,47,4,high,none,incorrect,2 Distrust,Verify before taking action or using the information.,4,18–24,Female,Some college but no degree,Monthly,Experienced User,Distrust,Agree,2,2,4,0,-0.5,0.5
R_2sRWaFZ0kUPrBZ1,5,11,48,5,high,weak,correct,2 Distrust,Verify before taking action or using the information.,4,18–24,Female,Some college but no degree,Monthly,Experienced User,Distrust,Agree,2,2,4,1,0.5,0.5
R_2sRWaFZ0kUPrBZ1,5,12,49,6,high,weak,incorrect,2 Distrust,Verify before taking action or using the information.,4,18–24,Female,Some college but no degree,Monthly,Experienced User,Distrust,Agree,2,2,4,1,-0.5,0.5
R_1mgGmfdyR48oX0m,2,1,2,7,low,none,incorrect,1 Strongly Distrust,Reject — do not use the information or take the recommended action.,3,65+,Female,Some college but no degree,Never,Novice,Strongly Distrust,Agree,1,1,3,0,-0.5,-0.5
R_1mgGmfdyR48oX0m,2,2,3,8,low,weak,correct,2 Distrust,Verify before taking action or using the information.,3,65+,Female,Some college but no degree,Never,Novice,Strongly Distrust,Agree,2,2,3,1,0.5,-0.5
R_1mgGmfdyR48oX0m,2,3,4,9,low,weak,incorrect,6 Trust,Use the information or take the recommended action (do not double-check).,2,65+,Female,Some college but no degree,Never,Novice,Strongly Distrust,Agree,6,3,2,1,-0.5,-0.5
R_1mgGmfdyR48oX0m,2,4,5,10,low,strong,correct,2 Distrust,Verify before taking action or using the information.,5 (Extremely serious),65+,Female,Some college but no degree,Never,Novice,Strongly Distrust,Agree,2,2,5,2,0.5,-0.5
R_1mgGmfdyR48oX0m,2,5,6,11,low,strong,incorrect,5 Slightly Trust,Verify before taking action or using the information.,5 (Extremely serious),65+,Female,Some college but no degree,Never,Novice,Strongly Distrust,Agree,5,2,5,2,-0.5,-0.5
R_1mgGmfdyR48oX0m,2,6,7,12,low,none,correct,4 Neither trust nor distrust,Verify before taking action or using the information.,3,65+,Female,Some college but no degree,Never,Novice,Strongly Distrust,Agree,4,2,3,0,0.5,-0.5
R_1mgGmfdyR48oX0m,2,7,8,1,high,none,incorrect,4 Neither trust nor distrust,Reject — do not use the information or take the recommended action.,3,65+,Female,Some college but no degree,Never,Novice,Strongly Distrust,Agree,4,1,3,0,-0.5,0.5
R_1mgGmfdyR48oX0m,2,8,9,2,high,weak,correct,2 Distrust,Reject — do not use the information or take the recommended action.,5 (Extremely serious),65+,Female,Some college but no degree,Never,Novice,Strongly Distrust,Agree,2,1,5,1,0.5,0.5
R_1mgGmfdyR48oX0m,2,9,10,3,high,weak,incorrect,1 Strongly Distrust,Reject — do not use the information or take the recommended action.,5 (Extremely serious),65+,Female,Some college but no degree,Never,Novice,Strongly Distrust,Agree,1,1,5,1,-0.5,0.5
R_1mgGmfdyR48oX0m,2,10,11,4,high,strong,correct,4 Neither trust nor distrust,Verify before taking action or using the information.,3,65+,Female,Some college but no degree,Never,Novice,Strongly Distrust,Agree,4,2,3,2,0.5,0.5
R_1mgGmfdyR48oX0m,2,11,12,5,high,strong,incorrect,1 Strongly Distrust,Verify before taking action or using the information.,5 (Extremely serious),65+,Female,Some college but no degree,Never,Novice,Strongly Distrust,Agree,1,2,5,2,-0.5,0.5
R_1mgGmfdyR48oX0m,2,12,13,6,high,none,correct,1 Strongly Distrust,Reject — do not use the information or take the recommended action.,5 (Extremely serious),65+,Female,Some college but no degree,Never,Novice,Strongly Distrust,Agree,1,1,5,0,0.5,0.5
R_1OC8tTcUgfUO9Kp,5,1,38,7,low,strong,correct,4 Neither trust nor distrust,Verify before taking action or using the information.,3,45–54,Female,Associate degree in college (2-year),Monthly,Novice,Neither Trust nor Distrust,Agree,4,2,3,2,0.5,-0.5
R_1OC8tTcUgfUO9Kp,5,2,39,8,low,strong,incorrect,4 Neither trust nor distrust,Use the information or take the recommended action (do not double-check).,3,45–54,Female,Associate degree in college (2-year),Monthly,Novice,Neither Trust nor Distrust,Agree,4,3,3,2,-0.5,-0.5
R_1OC8tTcUgfUO9Kp,5,3,40,9,low,none,correct,6 Trust,Use the information or take the recommended action (do not double-check).,3,45–54,Female,Associate degree in college (2-year),Monthly,Novice,Neither Trust nor Distrust,Agree,6,3,3,0,0.5,-0.5
R_1OC8tTcUgfUO9Kp,5,4,41,10,low,none,incorrect,4 Neither trust nor distrust,Verify before taking action or using the information.,4,45–54,Female,Associate degree in college (2-year),Monthly,Novice,Neither Trust nor Distrust,Agree,4,2,4,0,-0.5,-0.5
R_1OC8tTcUgfUO9Kp,5,5,42,11,low,weak,correct,5 Slightly Trust,Verify before taking action or using the information.,5 (Extremely serious),45–54,Female,Associate degree in college (2-year),Monthly,Novice,Neither Trust nor Distrust,Agree,5,2,5,1,0.5,-0.5
R_1OC8tTcUgfUO9Kp,5,6,43,12,low,weak,incorrect,6 Trust,Use the information or take the recommended action (do not double-check).,4,45–54,Female,Associate degree in college (2-year),Monthly,Novice,Neither Trust nor Distrust,Agree,6,3,4,1,-0.5,-0.5
R_1OC8tTcUgfUO9Kp,5,7,44,1,high,strong,correct,6 Trust,Use the information or take the recommended action (do not double-check).,5 (Extremely serious),45–54,Female,Associate degree in college (2-year),Monthly,Novice,Neither Trust nor Distrust,Agree,6,3,5,2,0.5,0.5
R_1OC8tTcUgfUO9Kp,5,8,45,2,high,strong,incorrect,6 Trust,Use the information or take the recommended action (do not double-check).,5 (Extremely serious),45–54,Female,Associate degree in college (2-year),Monthly,Novice,Neither Trust nor Distrust,Agree,6,3,5,2,-0.5,0.5
R_1OC8tTcUgfUO9Kp,5,9,46,3,high,none,correct,4 Neither trust nor distrust,Verify before taking action or using the information.,5 (Extremely serious),45–54,Female,Associate degree in college (2-year),Monthly,Novice,Neither Trust nor Distrust,Agree,4,2,5,0,0.5,0.5
R_1OC8tTcUgfUO9Kp,5,10,47,4,high,none,incorrect,5 Slightly Trust,Verify before taking action or using the information.,4,45–54,Female,Associate degree in college (2-year),Monthly,Novice,Neither Trust nor Distrust,Agree,5,2,4,0,-0.5,0.5
R_1OC8tTcUgfUO9Kp,5,11,48,5,high,weak,correct,6 Trust,Verify before taking action or using the information.,4,45–54,Female,Associate degree in college (2-year),Monthly,Novice,Neither Trust nor Distrust,Agree,6,2,4,1,0.5,0.5
R_1OC8tTcUgfUO9Kp,5,12,49,6,high,weak,incorrect,6 Trust,Verify before taking action or using the information.,5 (Extremely serious),45–54,Female,Associate degree in college (2-year),Monthly,Novice,Neither Trust nor Distrust,Agree,6,2,5,1,-0.5,0.5
R_2VvS83S6okWUMWs,1,1,1,7,low,none,correct,1 Strongly Distrust,Reject — do not use the information or take the recommended action.,3,35–44,Female,Associate degree in college (2-year),Daily,Basic User,Neither Trust nor Distrust,Agree,1,1,3,0,0.5,-0.5
R_2VvS83S6okWUMWs,1,2,2,8,low,none,incorrect,2 Distrust,Verify before taking action or using the information.,1 (Not serious at all),35–44,Female,Associate degree in college (2-year),Daily,Basic User,Neither Trust nor Distrust,Agree,2,2,1,0,-0.5,-0.5
R_2VvS83S6okWUMWs,1,3,3,9,low,weak,correct,4 (Neither trust nor distrust),Verify before taking action or using the information.,3,35–44,Female,Associate degree in college (2-year),Daily,Basic User,Neither Trust nor Distrust,Agree,4,2,3,1,0.5,-0.5
R_2VvS83S6okWUMWs,1,4,4,10,low,weak,incorrect,5 Slightly Trust,Verify before taking action or using the information.,2,35–44,Female,Associate degree in college (2-year),Daily,Basic User,Neither Trust nor Distrust,Agree,5,2,2,1,-0.5,-0.5
R_2VvS83S6okWUMWs,1,5,5,11,low,strong,correct,4 (Neither trust nor distrust),Verify before taking action or using the information.,1 (Not serious at all),35–44,Female,Associate degree in college (2-year),Daily,Basic User,Neither Trust nor Distrust,Agree,4,2,1,2,0.5,-0.5
R_2VvS83S6okWUMWs,1,6,6,12,low,strong,incorrect,4 (Neither trust nor distrust),Verify before taking action or using the information.,1 (Not serious at all),35–44,Female,Associate degree in college (2-year),Daily,Basic User,Neither Trust nor Distrust,Agree,4,2,1,2,-0.5,-0.5
R_2VvS83S6okWUMWs,1,7,7,1,high,none,correct,4 (Neither trust nor distrust),Verify before taking action or using the information.,2,35–44,Female,Associate degree in college (2-year),Daily,Basic User,Neither Trust nor Distrust,Agree,4,2,2,0,0.5,0.5
R_2VvS83S6okWUMWs,1,8,8,2,high,none,incorrect,1 Strongly Distrust,Reject — do not use the information or take the recommended action.,5 (Extremely serious),35–44,Female,Associate degree in college (2-year),Daily,Basic User,Neither Trust nor Distrust,Agree,1,1,5,0,-0.5,0.5
R_2VvS83S6okWUMWs,1,9,9,3,high,weak,correct,3 Slightly Distrust,Verify before taking action or using the information.,4,35–44,Female,Associate degree in college (2-year),Daily,Basic User,Neither Trust nor Distrust,Agree,3,2,4,1,0.5,0.5
R_2VvS83S6okWUMWs,1,10,10,4,high,weak,incorrect,5 Slightly Trust,Verify before taking action or using the information.,2,35–44,Female,Associate degree in college (2-year),Daily,Basic User,Neither Trust nor Distrust,Agree,5,2,2,1,-0.5,0.5
R_2VvS83S6okWUMWs,1,11,11,5,high,strong,correct,3 Slightly Distrust,Verify before taking action or using the information.,2,35–44,Female,Associate degree in college (2-year),Daily,Basic User,Neither Trust nor Distrust,Agree,3,2,2,2,0.5,0.5
R_2VvS83S6okWUMWs,1,12,12,6,high,strong,incorrect,5 Slightly Trust,Verify before taking action or using the information.,2,35–44,Female,Associate degree in college (2-year),Daily,Basic User,Neither Trust nor Distrust,Agree,5,2,2,2,-0.5,0.5
R_2cpgXopzOzqE6vO,3,1,14,7,low,weak,correct,5 Slightly Trust,Verify before taking action or using the information.,3,45–54,Male,Bachelor's degree in college (4-year),Daily,Basic User,Trust,Agree,5,2,3,1,0.5,-0.5
R_2cpgXopzOzqE6vO,3,2,15,8,low,weak,incorrect,4 Neither trust nor distrust,Verify before taking action or using the information.,2,45–54,Male,Bachelor's degree in college (4-year),Daily,Basic User,Trust,Agree,4,2,2,1,-0.5,-0.5
R_2cpgXopzOzqE6vO,3,3,16,9,low,strong,correct,6 Trust,Use the information or take the recommended action (do not double-check).,3,45–54,Male,Bachelor's degree in college (4-year),Daily,Basic User,Trust,Agree,6,3,3,2,0.5,-0.5
R_2cpgXopzOzqE6vO,3,4,17,10,low,strong,incorrect,1 Strongly Distrust,Reject — do not use the information or take the recommended action.,4,45–54,Male,Bachelor's degree in college (4-year),Daily,Basic User,Trust,Agree,1,1,4,2,-0.5,-0.5
R_2cpgXopzOzqE6vO,3,5,18,11,low,none,correct,2 Distrust,Verify before taking action or using the information.,4,45–54,Male,Bachelor's degree in college (4-year),Daily,Basic User,Trust,Agree,2,2,4,0,0.5,-0.5
R_2cpgXopzOzqE6vO,3,6,19,12,low,none,incorrect,6 Trust,Use the information or take the recommended action (do not double-check).,2,45–54,Male,Bachelor's degree in college (4-year),Daily,Basic User,Trust,Agree,6,3,2,0,-0.5,-0.5
R_2cpgXopzOzqE6vO,3,7,20,1,high,weak,correct,6 Trust,Verify before taking action or using the information.,4,45–54,Male,Bachelor's degree in college (4-year),Daily,Basic User,Trust,Agree,6,2,4,1,0.5,0.5
R_2cpgXopzOzqE6vO,3,8,21,2,high,weak,incorrect,2 Distrust,Verify before taking action or using the information.,5 (Extremely serious),45–54,Male,Bachelor's degree in college (4-year),Daily,Basic User,Trust,Agree,2,2,5,1,-0.5,0.5
R_2cpgXopzOzqE6vO,3,9,22,3,high,strong,correct,5 Slightly Trust,Verify before taking action or using the information.,4,45–54,Male,Bachelor's degree in college (4-year),Daily,Basic User,Trust,Agree,5,2,4,2,0.5,0.5
R_2cpgXopzOzqE6vO,3,10,23,4,high,strong,incorrect,5 Slightly Trust,Use the information or take the recommended action (do not double-check).,2,45–54,Male,Bachelor's degree in college (4-year),Daily,Basic User,Trust,Agree,5,3,2,2,-0.5,0.5
R_2cpgXopzOzqE6vO,3,11,24,5,high,none,correct,5 Slightly Trust,Verify before taking action or using the information.,4,45–54,Male,Bachelor's degree in college (4-year),Daily,Basic User,Trust,Agree,5,2,4,0,0.5,0.5
R_2cpgXopzOzqE6vO,3,12,25,6,high,none,incorrect,4 Neither trust nor distrust,Verify before taking action or using the information.,4,45–54,Male,Bachelor's degree in college (4-year),Daily,Basic User,Trust,Agree,4,2,4,0,-0.5,0.5
R_WDPeqbXdy5dSFPj,2,1,2,7,low,none,incorrect,2 Distrust,Verify before taking action or using the information.,3,45–54,Male,Some college but no degree,Daily,Experienced User,Neither Trust nor Distrust,Agree,2,2,3,0,-0.5,-0.5
R_WDPeqbXdy5dSFPj,2,2,3,8,low,weak,correct,2 Distrust,Verify before taking action or using the information.,4,45–54,Male,Some college but no degree,Daily,Experienced User,Neither Trust nor Distrust,Agree,2,2,4,1,0.5,-0.5
R_WDPeqbXdy5dSFPj,2,3,4,9,low,weak,incorrect,6 Trust,Use the information or take the recommended action (do not double-check).,1 (Not serious at all),45–54,Male,Some college but no degree,Daily,Experienced User,Neither Trust nor Distrust,Agree,6,3,1,1,-0.5,-0.5
R_WDPeqbXdy5dSFPj,2,4,5,10,low,strong,correct,3 Slightly Distrust,Verify before taking action or using the information.,3,45–54,Male,Some college but no degree,Daily,Experienced User,Neither Trust nor Distrust,Agree,3,2,3,2,0.5,-0.5
R_WDPeqbXdy5dSFPj,2,5,6,11,low,strong,incorrect,4 Neither trust nor distrust,Use the information or take the recommended action (do not double-check).,1 (Not serious at all),45–54,Male,Some college but no degree,Daily,Experienced User,Neither Trust nor Distrust,Agree,4,3,1,2,-0.5,-0.5
R_WDPeqbXdy5dSFPj,2,6,7,12,low,none,correct,4 Neither trust nor distrust,Verify before taking action or using the information.,1 (Not serious at all),45–54,Male,Some college but no degree,Daily,Experienced User,Neither Trust nor Distrust,Agree,4,2,1,0,0.5,-0.5
R_WDPeqbXdy5dSFPj,2,7,8,1,high,none,incorrect,2 Distrust,Verify before taking action or using the information.,4,45–54,Male,Some college but no degree,Daily,Experienced User,Neither Trust nor Distrust,Agree,2,2,4,0,-0.5,0.5
R_WDPeqbXdy5dSFPj,2,8,9,2,high,weak,correct,1 Strongly Distrust,Verify before taking action or using the information.,5 (Extremely serious),45–54,Male,Some college but no degree,Daily,Experienced User,Neither Trust nor Distrust,Agree,1,2,5,1,0.5,0.5
R_WDPeqbXdy5dSFPj,2,9,10,3,high,weak,incorrect,1 Strongly Distrust,Reject — do not use the information or take the recommended action.,5 (Extremely serious),45–54,Male,Some college but no degree,Daily,Experienced User,Neither Trust nor Distrust,Agree,1,1,5,1,-0.5,0.5
R_WDPeqbXdy5dSFPj,2,10,11,4,high,strong,correct,3 Slightly Distrust,Verify before taking action or using the information.,5 (Extremely serious),45–54,Male,Some college but no degree,Daily,Experienced User,Neither Trust nor Distrust,Agree,3,2,5,2,0.5,0.5
R_WDPeqbXdy5dSFPj,2,11,12,5,high,strong,incorrect,3 Slightly Distrust,Verify before taking action or using the information.,4,45–54,Male,Some college but no degree,Daily,Experienced User,Neither Trust nor Distrust,Agree,3,2,4,2,-0.5,0.5
R_WDPeqbXdy5dSFPj,2,12,13,6,high,none,correct,2 Distrust,Verify before taking action or using the information.,5 (Extremely serious),45–54,Male,Some college but no degree,Daily,Experienced User,Neither Trust nor Distrust,Agree,2,2,5,0,0.5,0.5
R_rpf9LjZGFYc1f7H,1,1,1,7,low,none,correct,4 (Neither trust nor distrust),Reject — do not use the information or take the recommended action.,2,25–34,Male,Bachelor's degree in college (4-year),Daily,Experienced User,Trust,Agree,4,1,2,0,0.5,-0.5
R_rpf9LjZGFYc1f7H,1,2,2,8,low,none,incorrect,3 Slightly Distrust,Verify before taking action or using the information.,3,25–34,Male,Bachelor's degree in college (4-year),Daily,Experienced User,Trust,Agree,3,2,3,0,-0.5,-0.5
R_rpf9LjZGFYc1f7H,1,3,3,9,low,weak,correct,3 Slightly Distrust,Verify before taking action or using the information.,3,25–34,Male,Bachelor's degree in college (4-year),Daily,Experienced User,Trust,Agree,3,2,3,1,0.5,-0.5
R_rpf9LjZGFYc1f7H,1,4,4,10,low,weak,incorrect,3 Slightly Distrust,Verify before taking action or using the information.,3,25–34,Male,Bachelor's degree in college (4-year),Daily,Experienced User,Trust,Agree,3,2,3,1,-0.5,-0.5
R_rpf9LjZGFYc1f7H,1,5,5,11,low,strong,correct,4 (Neither trust nor distrust),Verify before taking action or using the information.,3,25–34,Male,Bachelor's degree in college (4-year),Daily,Experienced User,Trust,Agree,4,2,3,2,0.5,-0.5
R_rpf9LjZGFYc1f7H,1,6,6,12,low,strong,incorrect,3 Slightly Distrust,Verify before taking action or using the information.,2,25–34,Male,Bachelor's degree in college (4-year),Daily,Experienced User,Trust,Agree,3,2,2,2,-0.5,-0.5
R_rpf9LjZGFYc1f7H,1,7,7,1,high,none,correct,3 Slightly Distrust,Verify before taking action or using the information.,4,25–34,Male,Bachelor's degree in college (4-year),Daily,Experienced User,Trust,Agree,3,2,4,0,0.5,0.5
R_rpf9LjZGFYc1f7H,1,8,8,2,high,none,incorrect,2 Distrust,Reject — do not use the information or take the recommended action.,5 (Extremely serious),25–34,Male,Bachelor's degree in college (4-year),Daily,Experienced User,Trust,Agree,2,1,5,0,-0.5,0.5
R_rpf9LjZGFYc1f7H,1,9,9,3,high,weak,correct,3 Slightly Distrust,Verify before taking action or using the information.,4,25–34,Male,Bachelor's degree in college (4-year),Daily,Experienced User,Trust,Agree,3,2,4,1,0.5,0.5
R_rpf9LjZGFYc1f7H,1,10,10,4,high,weak,incorrect,3 Slightly Distrust,Verify before taking action or using the information.,3,25–34,Male,Bachelor's degree in college (4-year),Daily,Experienced User,Trust,Agree,3,2,3,1,-0.5,0.5
R_rpf9LjZGFYc1f7H,1,11,11,5,high,strong,correct,3 Slightly Distrust,Verify before taking action or using the information.,4,25–34,Male,Bachelor's degree in college (4-year),Daily,Experienced User,Trust,Agree,3,2,4,2,0.5,0.5
R_rpf9LjZGFYc1f7H,1,12,12,6,high,strong,incorrect,3 Slightly Distrust,Verify before taking action or using the information.,3,25–34,Male,Bachelor's degree in college (4-year),Daily,Experienced User,Trust,Agree,3,2,3,2,-0.5,0.5
R_2WTGEVBIa5neV3R,4,1,26,7,low,weak,incorrect,3 Slightly Distrust,Verify before taking action or using the information.,2,55–64,Male,High school graduate (high school diploma or equivalent including GED),Daily,Experienced User,Trust,Agree,3,2,2,1,-0.5,-0.5
R_2WTGEVBIa5neV3R,4,2,27,8,low,strong,correct,2 Distrust,Verify before taking action or using the information.,3,55–64,Male,High school graduate (high school diploma or equivalent including GED),Daily,Experienced User,Trust,Agree,2,2,3,2,0.5,-0.5
R_2WTGEVBIa5neV3R,4,3,28,9,low,strong,incorrect,5 Slightly Trust,Verify before taking action or using the information.,2,55–64,Male,High school graduate (high school diploma or equivalent including GED),Daily,Experienced User,Trust,Agree,5,2,2,2,-0.5,-0.5
R_2WTGEVBIa5neV3R,4,4,29,10,low,none,correct,4 Neither trust nor distrust,Verify before taking action or using the information.,3,55–64,Male,High school graduate (high school diploma or equivalent including GED),Daily,Experienced User,Trust,Agree,4,2,3,0,0.5,-0.5
R_2WTGEVBIa5neV3R,4,5,30,11,low,none,incorrect,4 Neither trust nor distrust,Verify before taking action or using the information.,2,55–64,Male,High school graduate (high school diploma or equivalent including GED),Daily,Experienced User,Trust,Agree,4,2,2,0,-0.5,-0.5
R_2WTGEVBIa5neV3R,4,6,31,12,low,weak,correct,4 Neither trust nor distrust,Verify before taking action or using the information.,1 (Not serious at all),55–64,Male,High school graduate (high school diploma or equivalent including GED),Daily,Experienced User,Trust,Agree,4,2,1,1,0.5,-0.5
R_2WTGEVBIa5neV3R,4,7,32,1,high,weak,incorrect,4 Neither trust nor distrust,Verify before taking action or using the information.,4,55–64,Male,High school graduate (high school diploma or equivalent including GED),Daily,Experienced User,Trust,Agree,4,2,4,1,-0.5,0.5
R_2WTGEVBIa5neV3R,4,8,33,2,high,strong,correct,6 Trust,Verify before taking action or using the information.,5 (Extremely serious),55–64,Male,High school graduate (high school diploma or equivalent including GED),Daily,Experienced User,Trust,Agree,6,2,5,2,0.5,0.5
R_2WTGEVBIa5neV3R,4,9,34,3,high,strong,incorrect,3 Slightly Distrust,Verify before taking action or using the information.,4,55–64,Male,High school graduate (high school diploma or equivalent including GED),Daily,Experienced User,Trust,Agree,3,2,4,2,-0.5,0.5
R_2WTGEVBIa5neV3R,4,10,35,4,high,none,correct,6 Trust,Use the information or take the recommended action (do not double-check).,4,55–64,Male,High school graduate (high school diploma or equivalent including GED),Daily,Experienced User,Trust,Agree,6,3,4,0,0.5,0.5
R_2WTGEVBIa5neV3R,4,11,36,5,high,none,incorrect,4 Neither trust nor distrust,Verify before taking action or using the information.,4,55–64,Male,High school graduate (high school diploma or equivalent including GED),Daily,Experienced User,Trust,Agree,4,2,4,0,-0.5,0.5
R_2WTGEVBIa5neV3R,4,12,37,6,high,weak,correct,4 Neither trust nor distrust,Verify before taking action or using the information.,4,55–64,Male,High school graduate (high school diploma or equivalent including GED),Daily,Experienced User,Trust,Agree,4,2,4,1,0.5,0.5
R_1BY2aPyPQ8b9QbE,6,1,50,7,low,strong,incorrect,6 Trust,Verify before taking action or using the information.,3,45–54,Female,Graduate or professional degree,Daily,Advanced Practitioner,Trust,Agree,6,2,3,2,-0.5,-0.5
R_1BY2aPyPQ8b9QbE,6,2,51,8,low,none,correct,1 Strongly Distrust,Reject — do not use the information or take the recommended action.,3,45–54,Female,Graduate or professional degree,Daily,Advanced Practitioner,Trust,Agree,1,1,3,0,0.5,-0.5
R_1BY2aPyPQ8b9QbE,6,3,52,9,low,none,incorrect,4 Neither trust nor distrust,Verify before taking action or using the information.,1 (Not serious at all),45–54,Female,Graduate or professional degree,Daily,Advanced Practitioner,Trust,Agree,4,2,1,0,-0.5,-0.5
R_1BY2aPyPQ8b9QbE,6,4,53,10,low,weak,correct,2 Distrust,Verify before taking action or using the information.,4,45–54,Female,Graduate or professional degree,Daily,Advanced Practitioner,Trust,Agree,2,2,4,1,0.5,-0.5
R_1BY2aPyPQ8b9QbE,6,5,54,11,low,weak,incorrect,4 Neither trust nor distrust,Verify before taking action or using the information.,2,45–54,Female,Graduate or professional degree,Daily,Advanced Practitioner,Trust,Agree,4,2,2,1,-0.5,-0.5
R_1BY2aPyPQ8b9QbE,6,6,55,12,low,strong,correct,6 Trust,Verify before taking action or using the information.,1 (Not serious at all),45–54,Female,Graduate or professional degree,Daily,Advanced Practitioner,Trust,Agree,6,2,1,2,0.5,-0.5
R_1BY2aPyPQ8b9QbE,6,7,56,1,high,strong,incorrect,5 Slightly Trust,Verify before taking action or using the information.,5 (Extremely serious),45–54,Female,Graduate or professional degree,Daily,Advanced Practitioner,Trust,Agree,5,2,5,2,-0.5,0.5
R_1BY2aPyPQ8b9QbE,6,8,57,2,high,none,correct,1 Strongly Distrust,Reject — do not use the information or take the recommended action.,5 (Extremely serious),45–54,Female,Graduate or professional degree,Daily,Advanced Practitioner,Trust,Agree,1,1,5,0,0.5,0.5
R_1BY2aPyPQ8b9QbE,6,9,58,3,high,none,incorrect,2 Distrust,Verify before taking action or using the information.,3,45–54,Female,Graduate or professional degree,Daily,Advanced Practitioner,Trust,Agree,2,2,3,0,-0.5,0.5
R_1BY2aPyPQ8b9QbE,6,10,59,4,high,weak,correct,2 Distrust,Reject — do not use the information or take the recommended action.,5 (Extremely serious),45–54,Female,Graduate or professional degree,Daily,Advanced Practitioner,Trust,Agree,2,1,5,1,0.5,0.5
R_1BY2aPyPQ8b9QbE,6,11,60,5,high,weak,incorrect,2 Distrust,Verify before taking action or using the information.,4,45–54,Female,Graduate or professional degree,Daily,Advanced Practitioner,Trust,Agree,2,2,4,1,-0.5,0.5
R_1BY2aPyPQ8b9QbE,6,12,61,6,high,strong,correct,5 Slightly Trust,Verify before taking action or using the information.,5 (Extremely serious),45–54,Female,Graduate or professional degree,Daily,Advanced Practitioner,Trust,Agree,5,2,5,2,0.5,0.5
R_3noo6mu5gb2vYSl,1,1,7,1,high,none,correct,5 Slightly Trust,Verify before taking action or using the information.,4,,,,,Advanced Practitioner,Neither Trust nor Distrust,Agree,5,2,4,0,0.5,0.5
R_3QKmRN5Zp33ZdBb,5,1,38,7,low,strong,correct,6 Trust,Verify before taking action or using the information.,1 (Not serious at all),55–64,Female,Bachelor's degree in college (4-year),Daily,Basic User,Trust,Agree,6,2,1,2,0.5,-0.5
R_3QKmRN5Zp33ZdBb,5,2,39,8,low,strong,incorrect,5 Slightly Trust,Verify before taking action or using the information.,3,55–64,Female,Bachelor's degree in college (4-year),Daily,Basic User,Trust,Agree,5,2,3,2,-0.5,-0.5
R_3QKmRN5Zp33ZdBb,5,3,40,9,low,none,correct,5 Slightly Trust,Verify before taking action or using the information.,2,55–64,Female,Bachelor's degree in college (4-year),Daily,Basic User,Trust,Agree,5,2,2,0,0.5,-0.5
R_3QKmRN5Zp33ZdBb,5,4,41,10,low,none,incorrect,2 Distrust,Verify before taking action or using the information.,3,55–64,Female,Bachelor's degree in college (4-year),Daily,Basic User,Trust,Agree,2,2,3,0,-0.5,-0.5
R_3QKmRN5Zp33ZdBb,5,5,42,11,low,weak,correct,3 Slightly Distrust,Verify before taking action or using the information.,2,55–64,Female,Bachelor's degree in college (4-year),Daily,Basic User,Trust,Agree,3,2,2,1,0.5,-0.5
R_3QKmRN5Zp33ZdBb,5,6,43,12,low,weak,incorrect,4 Neither trust nor distrust,Verify before taking action or using the information.,1 (Not serious at all),55–64,Female,Bachelor's degree in college (4-year),Daily,Basic User,Trust,Agree,4,2,1,1,-0.5,-0.5
R_3QKmRN5Zp33ZdBb,5,7,44,1,high,strong,correct,6 Trust,Verify before taking action or using the information.,3,55–64,Female,Bachelor's degree in college (4-year),Daily,Basic User,Trust,Agree,6,2,3,2,0.5,0.5
R_3QKmRN5Zp33ZdBb,5,8,45,2,high,strong,incorrect,2 Distrust,Verify before taking action or using the information.,5 (Extremely serious),55–64,Female,Bachelor's degree in college (4-year),Daily,Basic User,Trust,Agree,2,2,5,2,-0.5,0.5
R_3QKmRN5Zp33ZdBb,5,9,46,3,high,none,correct,3 Slightly Distrust,Verify before taking action or using the information.,3,55–64,Female,Bachelor's degree in college (4-year),Daily,Basic User,Trust,Agree,3,2,3,0,0.5,0.5
R_3QKmRN5Zp33ZdBb,5,10,47,4,high,none,incorrect,4 Neither trust nor distrust,Verify before taking action or using the information.,5 (Extremely serious),55–64,Female,Bachelor's degree in college (4-year),Daily,Basic User,Trust,Agree,4,2,5,0,-0.5,0.5
R_3QKmRN5Zp33ZdBb,5,11,48,5,high,weak,correct,5 Slightly Trust,Verify before taking action or using the information.,4,55–64,Female,Bachelor's degree in college (4-year),Daily,Basic User,Trust,Agree,5,2,4,1,0.5,0.5
R_3QKmRN5Zp33ZdBb,5,12,49,6,high,weak,incorrect,5 Slightly Trust,Verify before taking action or using the information.,4,55–64,Female,Bachelor's degree in college (4-year),Daily,Basic User,Trust,Agree,5,2,4,1,-0.5,0.5
